timestamp,sensor_id,sensor_type,district,edge_node,priority,reading,network_delay_ms,event_label,missing_flag
2026-01-01 00:00:00,S0000,energy,residential,edge_residential,1,65.94602649396609,120.41778865994283,0,0
2026-01-01 00:00:00,S0001,structure,industrial,edge_industrial,2,0.30777233264287973,30.731841174581955,0,0
2026-01-01 00:00:00,S0002,energy,waterfront,edge_waterfront,1,66.64056657662948,105.2572210188115,0,0
2026-01-01 00:00:00,S0003,traffic,waterfront,edge_waterfront,2,81.29862949962606,43.53776498742057,1,0
2026-01-01 00:00:00,S0004,traffic,downtown,edge_downtown,2,41.930572310397956,37.44019598667427,0,0
2026-01-01 00:00:00,S0005,structure,residential,edge_residential,2,0.23852165368777795,52.237465954294095,0,0
2026-01-01 00:00:00,S0006,traffic,waterfront,edge_waterfront,2,30.520846315894044,44.657737154801204,0,0
2026-01-01 00:00:00,S0007,energy,waterfront,edge_waterfront,1,80.47925095901982,81.01628250119445,0,0
2026-01-01 00:00:00,S0008,energy,transit,edge_transit,1,71.6415740531838,107.1992636270772,0,0
2026-01-01 00:00:00,S0009,air_quality,transit,edge_transit,1,17.789359702868794,59.67236970278432,0,0
2026-01-01 00:00:00,S0010,traffic,downtown,edge_downtown,2,40.876749395368485,32.43970206106308,0,0
2026-01-01 00:00:00,S0011,traffic,transit,edge_transit,2,40.376195841238186,49.75366421752559,0,0
2026-01-01 00:00:00,S0012,traffic,residential,edge_residential,2,40.38159385974369,53.681824393958365,0,0
2026-01-01 00:00:00,S0013,air_quality,downtown,edge_downtown,1,15.89912018914984,80.46324314884814,0,0
2026-01-01 00:00:00,S0014,air_quality,industrial,edge_industrial,1,17.705677881495365,68.3780358686875,0,0
2026-01-01 00:00:00,S0015,air_quality,residential,edge_residential,1,18.44810632665986,88.44175236982883,0,0
2026-01-01 00:00:00,S0016,structure,transit,edge_transit,2,0.253552249249947,41.22167987687139,0,0
2026-01-01 00:00:00,S0017,energy,residential,edge_residential,1,73.55008040323386,83.13673722820454,0,0
2026-01-01 00:00:00,S0018,energy,transit,edge_transit,1,80.34015086869772,78.6829297821039,0,0
2026-01-01 00:00:00,S0019,structure,waterfront,edge_waterfront,2,0.25384172575899694,11.528252117202012,0,0
2026-01-01 00:00:00,S0020,traffic,transit,edge_transit,2,25.657509245928303,46.9051990413502,0,0
2026-01-01 00:00:00,S0021,traffic,industrial,edge_industrial,2,35.17964940361415,57.083450246377176,0,0
2026-01-01 00:00:00,S0022,energy,transit,edge_transit,1,73.33016237064987,94.87368723513451,0,0
2026-01-01 00:00:00,S0023,traffic,residential,edge_residential,2,35.319476094012686,23.74634098758974,0,0
2026-01-01 00:00:00,S0024,traffic,downtown,edge_downtown,2,32.38579446823965,31.267238585082286,0,0
2026-01-01 00:00:00,S0025,air_quality,downtown,edge_downtown,1,19.122458680498422,64.97926867887982,0,0
2026-01-01 00:00:00,S0026,air_quality,transit,edge_transit,1,19.435763034149286,57.08356555490726,0,0
2026-01-01 00:00:00,S0027,structure,industrial,edge_industrial,2,0.2445663379186802,39.18086443450057,0,0
2026-01-01 00:00:00,S0028,energy,residential,edge_residential,1,64.37514151689797,77.9968493663347,0,0
2026-01-01 00:00:00,S0029,air_quality,industrial,edge_industrial,1,16.18076225696336,78.86751743354239,0,0
2026-01-01 00:00:00,S0030,air_quality,industrial,edge_industrial,1,19.193127810927837,66.56016256563912,0,0
2026-01-01 00:00:00,S0031,traffic,downtown,edge_downtown,2,28.672540665712095,49.20270158877148,0,0
2026-01-01 00:00:00,S0032,traffic,industrial,edge_industrial,2,36.212659919724956,28.586464275246605,0,0
2026-01-01 00:00:00,S0033,traffic,waterfront,edge_waterfront,2,44.62247869144545,29.008229028167136,1,0
2026-01-01 00:00:00,S0034,energy,residential,edge_residential,1,81.60100597864142,83.88768830263207,0,0
2026-01-01 00:00:00,S0035,traffic,industrial,edge_industrial,2,32.276583292920144,60.44349676157447,0,0
2026-01-01 00:00:00,S0036,air_quality,residential,edge_residential,1,22.001779842055996,48.819859908672306,0,0
2026-01-01 00:00:00,S0037,traffic,waterfront,edge_waterfront,2,26.650368008943808,50.38292719054091,0,0
2026-01-01 00:00:00,S0038,energy,industrial,edge_industrial,1,73.82267435311233,87.990255497647,0,0
2026-01-01 00:00:00,S0039,traffic,residential,edge_residential,2,30.56637992865121,41.48678969352059,0,0
2026-01-01 00:01:00,S0000,energy,residential,edge_residential,1,71.28428130160884,87.42079922483808,0,0
2026-01-01 00:01:00,S0001,structure,industrial,edge_industrial,2,0.2766405649602744,38.59470246168035,0,0
2026-01-01 00:01:00,S0002,energy,waterfront,edge_waterfront,1,69.74947296321476,88.69993782504311,0,0
2026-01-01 00:01:00,S0003,traffic,waterfront,edge_waterfront,2,22.358896418210435,35.318991422041705,0,0
2026-01-01 00:01:00,S0004,traffic,downtown,edge_downtown,2,30.422195237611525,37.97787703110687,0,0
2026-01-01 00:01:00,S0005,structure,residential,edge_residential,2,0.22199466720953565,36.45429723309489,0,0
2026-01-01 00:01:00,S0006,traffic,waterfront,edge_waterfront,2,29.072767631148036,47.3760971281491,0,0
2026-01-01 00:01:00,S0007,energy,waterfront,edge_waterfront,1,77.12926562763694,86.19936699966385,0,0
2026-01-01 00:01:00,S0008,energy,transit,edge_transit,1,73.1786302352005,98.48858135762413,0,0
2026-01-01 00:01:00,S0009,air_quality,transit,edge_transit,1,15.45384957967398,35.433829413135165,0,0
2026-01-01 00:01:00,S0010,traffic,downtown,edge_downtown,2,30.362777924768498,38.703739678825166,0,0
2026-01-01 00:01:00,S0011,traffic,transit,edge_transit,2,38.91384524924407,43.40573947929526,0,0
2026-01-01 00:01:00,S0012,traffic,residential,edge_residential,2,32.48264988594492,23.52911683438714,0,0
2026-01-01 00:01:00,S0013,air_quality,downtown,edge_downtown,1,20.06716972643455,92.90949622818769,0,0
2026-01-01 00:01:00,S0014,air_quality,industrial,edge_industrial,1,18.040648739376284,61.325096384119966,0,0
2026-01-01 00:01:00,S0015,air_quality,residential,edge_residential,1,16.64137792188563,62.17135152999221,0,0
2026-01-01 00:01:00,S0016,structure,transit,edge_transit,2,0.1877368941211479,45.871405243820504,0,0
2026-01-01 00:01:00,S0017,energy,residential,edge_residential,1,73.52932367690389,82.53362395859396,0,0
2026-01-01 00:01:00,S0018,energy,transit,edge_transit,1,72.84877675895706,98.16336601815266,0,0
2026-01-01 00:01:00,S0019,structure,waterfront,edge_waterfront,2,0.25284584387041165,22.839745758810153,0,0
2026-01-01 00:01:00,S0020,traffic,transit,edge_transit,2,37.27900667126679,46.266705602540746,0,0
2026-01-01 00:01:00,S0021,traffic,industrial,edge_industrial,2,38.49290403533216,44.133734642762036,0,0
2026-01-01 00:01:00,S0022,energy,transit,edge_transit,1,64.86393987853118,83.04305180383663,0,0
2026-01-01 00:01:00,S0023,traffic,residential,edge_residential,2,30.6976091820461,36.00611046703131,0,0
2026-01-01 00:01:00,S0024,traffic,downtown,edge_downtown,2,32.35600169313402,31.202015760842933,0,0
2026-01-01 00:01:00,S0025,air_quality,downtown,edge_downtown,1,17.19833282705141,74.2797750180851,0,0
2026-01-01 00:01:00,S0026,air_quality,transit,edge_transit,1,20.357492042519645,54.85332972241671,0,0
2026-01-01 00:01:00,S0027,structure,industrial,edge_industrial,2,0.24490133894823168,37.98053062724276,0,0
2026-01-01 00:01:00,S0028,energy,residential,edge_residential,1,83.44613418281405,101.82986819392465,0,0
2026-01-01 00:01:00,S0029,air_quality,industrial,edge_industrial,1,15.990325791442713,56.55462101693173,0,0
2026-01-01 00:01:00,S0030,air_quality,industrial,edge_industrial,1,18.554620518982762,48.46712346267752,0,0
2026-01-01 00:01:00,S0031,traffic,downtown,edge_downtown,2,37.051977354880506,27.848185899407824,0,0
2026-01-01 00:01:00,S0032,traffic,industrial,edge_industrial,2,41.05679876074915,40.24810390847392,0,0
2026-01-01 00:01:00,S0033,traffic,waterfront,edge_waterfront,2,43.7665590565791,53.78941180372664,0,0
2026-01-01 00:01:00,S0034,energy,residential,edge_residential,1,77.38479483732463,110.2666708953989,0,0
2026-01-01 00:01:00,S0035,traffic,industrial,edge_industrial,2,31.354510525400347,49.139335933299456,0,0
2026-01-01 00:01:00,S0036,air_quality,residential,edge_residential,1,21.18691845281042,77.97402469862385,0,0
2026-01-01 00:01:00,S0037,traffic,waterfront,edge_waterfront,2,42.861929681299785,44.6233311761892,0,0
2026-01-01 00:01:00,S0038,energy,industrial,edge_industrial,1,73.73617437794738,91.61054057407578,0,0
2026-01-01 00:01:00,S0039,traffic,residential,edge_residential,2,28.693766242604042,28.94982255698872,0,0
2026-01-01 00:02:00,S0000,energy,residential,edge_residential,1,67.35105257324513,115.5385784595477,0,0
2026-01-01 00:02:00,S0001,structure,industrial,edge_industrial,2,0.2587705648568022,32.09086526584722,0,0
2026-01-01 00:02:00,S0002,energy,waterfront,edge_waterfront,1,62.00593904321946,81.54667015813189,0,0
2026-01-01 00:02:00,S0003,traffic,waterfront,edge_waterfront,2,33.28360305619534,38.358634700968175,0,0
2026-01-01 00:02:00,S0004,traffic,downtown,edge_downtown,2,41.98153442821645,35.622991593089566,0,0
2026-01-01 00:02:00,S0005,structure,residential,edge_residential,2,0.27263212570291867,36.39313491022101,0,0
2026-01-01 00:02:00,S0006,traffic,waterfront,edge_waterfront,2,36.2313311776562,35.91318145775358,0,0
2026-01-01 00:02:00,S0007,energy,waterfront,edge_waterfront,1,70.98096358903364,34.40638298592339,0,0
2026-01-01 00:02:00,S0008,energy,transit,edge_transit,1,68.97318445131891,75.41636025147633,0,0
2026-01-01 00:02:00,S0009,air_quality,transit,edge_transit,1,16.56143865041912,93.52856162263467,0,0
2026-01-01 00:02:00,S0010,traffic,downtown,edge_downtown,2,27.79815034667705,58.599926269352395,0,0
2026-01-01 00:02:00,S0011,traffic,transit,edge_transit,2,40.09402371389357,34.397894728946504,0,0
2026-01-01 00:02:00,S0012,traffic,residential,edge_residential,2,35.34689977037156,63.07404001017068,0,0
2026-01-01 00:02:00,S0013,air_quality,downtown,edge_downtown,1,16.556312029976088,55.50389380259101,0,0
2026-01-01 00:02:00,S0014,air_quality,industrial,edge_industrial,1,19.73516984538881,59.72377206641595,0,0
2026-01-01 00:02:00,S0015,air_quality,residential,edge_residential,1,18.45141556367024,81.04430170638702,0,0
2026-01-01 00:02:00,S0016,structure,transit,edge_transit,2,0.25074678686530844,23.376034146704193,0,0
2026-01-01 00:02:00,S0017,energy,residential,edge_residential,1,72.40157026194453,52.80187618296978,0,0
2026-01-01 00:02:00,S0018,energy,transit,edge_transit,1,79.8873110448673,82.95390302851355,0,0
2026-01-01 00:02:00,S0019,structure,waterfront,edge_waterfront,2,0.28303216406109893,44.68661020594908,0,0
2026-01-01 00:02:00,S0020,traffic,transit,edge_transit,2,36.68241049598375,45.42850907753123,0,0
2026-01-01 00:02:00,S0021,traffic,industrial,edge_industrial,2,35.384282359010164,49.01292816092945,0,0
2026-01-01 00:02:00,S0022,energy,transit,edge_transit,1,182.1011365127651,78.8754273229735,1,0
2026-01-01 00:02:00,S0023,traffic,residential,edge_residential,2,43.56120081340987,57.98052256146265,0,0
2026-01-01 00:02:00,S0024,traffic,downtown,edge_downtown,2,33.54304161849941,45.49414584887568,0,0
2026-01-01 00:02:00,S0025,air_quality,downtown,edge_downtown,1,16.371358701730696,72.21457290234837,0,0
2026-01-01 00:02:00,S0026,air_quality,transit,edge_transit,1,16.528682135426894,52.82066396224519,0,0
2026-01-01 00:02:00,S0027,structure,industrial,edge_industrial,2,0.2877887480979593,53.68318290030901,0,0
2026-01-01 00:02:00,S0028,energy,residential,edge_residential,1,74.69090761002279,78.8733848035071,0,0
2026-01-01 00:02:00,S0029,air_quality,industrial,edge_industrial,1,30.92017359201772,63.45925017984049,1,0
2026-01-01 00:02:00,S0030,air_quality,industrial,edge_industrial,1,14.405324421716147,89.7591877289882,0,0
2026-01-01 00:02:00,S0031,traffic,downtown,edge_downtown,2,84.80268709218063,45.13571785086078,1,0
2026-01-01 00:02:00,S0032,traffic,industrial,edge_industrial,2,36.28662999812832,43.89589654806235,0,0
2026-01-01 00:02:00,S0033,traffic,waterfront,edge_waterfront,2,33.40841085834999,47.04638633492791,0,0
2026-01-01 00:02:00,S0034,energy,residential,edge_residential,1,68.46245254040943,96.93816907951455,0,0
2026-01-01 00:02:00,S0035,traffic,industrial,edge_industrial,2,28.789099381751136,43.45653333914768,0,0
2026-01-01 00:02:00,S0036,air_quality,residential,edge_residential,1,14.714717189274948,69.72371510700255,0,0
2026-01-01 00:02:00,S0037,traffic,waterfront,edge_waterfront,2,70.6404346626057,40.64800523405746,1,0
2026-01-01 00:02:00,S0038,energy,industrial,edge_industrial,1,68.31742515897295,66.70836062486568,0,0
2026-01-01 00:02:00,S0039,traffic,residential,edge_residential,2,37.73404554662615,36.293568043287664,0,0
2026-01-01 00:03:00,S0000,energy,residential,edge_residential,1,70.95995440092514,99.1827784779625,0,0
2026-01-01 00:03:00,S0001,structure,industrial,edge_industrial,2,0.2870687991356029,38.86636714779832,0,0
2026-01-01 00:03:00,S0002,energy,waterfront,edge_waterfront,1,68.84482325211569,75.52673993581972,0,0
2026-01-01 00:03:00,S0003,traffic,waterfront,edge_waterfront,2,26.697605751255026,49.96012573902889,0,0
2026-01-01 00:03:00,S0004,traffic,downtown,edge_downtown,2,40.7690027080094,45.66232104724691,0,0
2026-01-01 00:03:00,S0005,structure,residential,edge_residential,2,0.23424655758780905,34.05034531042776,0,0
2026-01-01 00:03:00,S0006,traffic,waterfront,edge_waterfront,2,26.596467146331065,69.19781779466449,0,0
2026-01-01 00:03:00,S0007,energy,waterfront,edge_waterfront,1,70.77387327377942,113.67675931807474,0,0
2026-01-01 00:03:00,S0008,energy,transit,edge_transit,1,71.38633996171092,66.99642191135824,0,0
2026-01-01 00:03:00,S0009,air_quality,transit,edge_transit,1,18.482032867301626,87.22573722134592,0,0
2026-01-01 00:03:00,S0010,traffic,downtown,edge_downtown,2,35.05652917256143,59.989367891498816,0,0
2026-01-01 00:03:00,S0011,traffic,transit,edge_transit,2,30.120081307026943,49.32214274303071,0,0
2026-01-01 00:03:00,S0012,traffic,residential,edge_residential,2,32.78049922343461,41.54092803404997,0,0
2026-01-01 00:03:00,S0013,air_quality,downtown,edge_downtown,1,17.431958153642526,50.911750551509186,0,0
2026-01-01 00:03:00,S0014,air_quality,industrial,edge_industrial,1,29.181665374382064,45.44906890944894,1,0
2026-01-01 00:03:00,S0015,air_quality,residential,edge_residential,1,19.018613795319517,68.3382922950504,0,0
2026-01-01 00:03:00,S0016,structure,transit,edge_transit,2,0.2559691914101643,32.23647180167858,0,0
2026-01-01 00:03:00,S0017,energy,residential,edge_residential,1,67.31431053832544,79.82115505452123,0,0
2026-01-01 00:03:00,S0018,energy,transit,edge_transit,1,56.32690773700486,92.83357930380815,0,0
2026-01-01 00:03:00,S0019,structure,waterfront,edge_waterfront,2,0.27139571702956405,39.963626591060105,0,0
2026-01-01 00:03:00,S0020,traffic,transit,edge_transit,2,38.707214933256125,24.47672211033473,0,0
2026-01-01 00:03:00,S0021,traffic,industrial,edge_industrial,2,36.81370139577808,59.93505178593086,0,0
2026-01-01 00:03:00,S0022,energy,transit,edge_transit,1,66.4094478571253,62.18942865996467,0,0
2026-01-01 00:03:00,S0023,traffic,residential,edge_residential,2,26.623290017278183,44.05835762723768,0,0
2026-01-01 00:03:00,S0024,traffic,downtown,edge_downtown,2,,38.36283525708392,0,1
2026-01-01 00:03:00,S0025,air_quality,downtown,edge_downtown,1,30.95882912203339,82.51917925005898,1,0
2026-01-01 00:03:00,S0026,air_quality,transit,edge_transit,1,19.859283223438247,46.65529410446413,0,0
2026-01-01 00:03:00,S0027,structure,industrial,edge_industrial,2,0.26242009283833756,41.33112689613602,0,0
2026-01-01 00:03:00,S0028,energy,residential,edge_residential,1,134.93908568365143,86.55254356463053,1,0
2026-01-01 00:03:00,S0029,air_quality,industrial,edge_industrial,1,17.806352488645995,62.4858153564228,0,0
2026-01-01 00:03:00,S0030,air_quality,industrial,edge_industrial,1,23.549456988525538,62.21925529732708,0,0
2026-01-01 00:03:00,S0031,traffic,downtown,edge_downtown,2,37.00283837994127,44.23231738960622,0,0
2026-01-01 00:03:00,S0032,traffic,industrial,edge_industrial,2,27.05700866031132,44.32012526638256,0,0
2026-01-01 00:03:00,S0033,traffic,waterfront,edge_waterfront,2,38.602990011245126,35.795786735094474,0,0
2026-01-01 00:03:00,S0034,energy,residential,edge_residential,1,54.99278952145508,62.25600049889287,0,0
2026-01-01 00:03:00,S0035,traffic,industrial,edge_industrial,2,35.752872216423675,29.09272952437991,0,0
2026-01-01 00:03:00,S0036,air_quality,residential,edge_residential,1,19.908402938446613,65.99456578559055,0,0
2026-01-01 00:03:00,S0037,traffic,waterfront,edge_waterfront,2,33.107869987995045,34.01584506760634,0,0
2026-01-01 00:03:00,S0038,energy,industrial,edge_industrial,1,63.74240329807099,101.13396542581474,0,0
2026-01-01 00:03:00,S0039,traffic,residential,edge_residential,2,42.90769569794822,50.16918409027731,0,0
2026-01-01 00:04:00,S0000,energy,residential,edge_residential,1,63.13861892945841,66.75450385887866,0,0
2026-01-01 00:04:00,S0001,structure,industrial,edge_industrial,2,0.29250182815858056,51.31593274344982,0,0
2026-01-01 00:04:00,S0002,energy,waterfront,edge_waterfront,1,74.91582335307781,82.52254695096869,0,0
2026-01-01 00:04:00,S0003,traffic,waterfront,edge_waterfront,2,32.84189423171782,59.48985824904427,0,0
2026-01-01 00:04:00,S0004,traffic,downtown,edge_downtown,2,38.73154695350299,52.686330970507086,0,0
2026-01-01 00:04:00,S0005,structure,residential,edge_residential,2,0.19593534416899244,61.35726262345095,0,0
2026-01-01 00:04:00,S0006,traffic,waterfront,edge_waterfront,2,35.95234815261553,45.40723963679642,0,0
2026-01-01 00:04:00,S0007,energy,waterfront,edge_waterfront,1,71.25306858641746,47.01051088232049,0,0
2026-01-01 00:04:00,S0008,energy,transit,edge_transit,1,66.69300436894237,157.91133249198953,0,0
2026-01-01 00:04:00,S0009,air_quality,transit,edge_transit,1,19.199502945899848,76.18230407826111,0,0
2026-01-01 00:04:00,S0010,traffic,downtown,edge_downtown,2,39.65436304079319,36.6856097045273,0,0
2026-01-01 00:04:00,S0011,traffic,transit,edge_transit,2,33.86013108315312,37.10127575455652,0,0
2026-01-01 00:04:00,S0012,traffic,residential,edge_residential,2,35.14412556096166,28.38459593620557,0,0
2026-01-01 00:04:00,S0013,air_quality,downtown,edge_downtown,1,21.687882877032624,37.43810581196955,0,0
2026-01-01 00:04:00,S0014,air_quality,industrial,edge_industrial,1,20.404248806779723,52.98771504821723,0,0
2026-01-01 00:04:00,S0015,air_quality,residential,edge_residential,1,19.547926197306044,38.035694576764286,0,0
2026-01-01 00:04:00,S0016,structure,transit,edge_transit,2,0.1969442056337035,37.081558028961055,0,0
2026-01-01 00:04:00,S0017,energy,residential,edge_residential,1,75.14234701570244,95.41194258818999,0,0
2026-01-01 00:04:00,S0018,energy,transit,edge_transit,1,77.90819595995548,116.56235392694896,0,0
2026-01-01 00:04:00,S0019,structure,waterfront,edge_waterfront,2,0.29070824166663856,35.16765263701235,0,0
2026-01-01 00:04:00,S0020,traffic,transit,edge_transit,2,34.83430384927288,28.201102474018143,0,0
2026-01-01 00:04:00,S0021,traffic,industrial,edge_industrial,2,32.35426589251684,56.40189490974474,0,0
2026-01-01 00:04:00,S0022,energy,transit,edge_transit,1,70.39708664653583,66.21868248663704,0,0
2026-01-01 00:04:00,S0023,traffic,residential,edge_residential,2,28.268095878137643,46.29445257907379,0,0
2026-01-01 00:04:00,S0024,traffic,downtown,edge_downtown,2,30.981341267428615,59.63384234167786,0,0
2026-01-01 00:04:00,S0025,air_quality,downtown,edge_downtown,1,18.212961492544988,53.13002660174276,0,0
2026-01-01 00:04:00,S0026,air_quality,transit,edge_transit,1,14.603245448208217,69.6673924969702,0,0
2026-01-01 00:04:00,S0027,structure,industrial,edge_industrial,2,0.22635045824726485,44.91281750219919,0,0
2026-01-01 00:04:00,S0028,energy,residential,edge_residential,1,77.28302065173348,48.709270838931644,0,0
2026-01-01 00:04:00,S0029,air_quality,industrial,edge_industrial,1,18.912092004753713,64.93283477861195,0,0
2026-01-01 00:04:00,S0030,air_quality,industrial,edge_industrial,1,16.56230458417684,45.83065343885799,0,0
2026-01-01 00:04:00,S0031,traffic,downtown,edge_downtown,2,32.98700557706964,29.065123563512252,0,0
2026-01-01 00:04:00,S0032,traffic,industrial,edge_industrial,2,30.866740214103228,36.45597613818816,0,0
2026-01-01 00:04:00,S0033,traffic,waterfront,edge_waterfront,2,26.389834934817372,58.57920639346413,0,0
2026-01-01 00:04:00,S0034,energy,residential,edge_residential,1,59.90957622698616,115.19460071359464,0,0
2026-01-01 00:04:00,S0035,traffic,industrial,edge_industrial,2,33.24566110849928,35.92401065923778,0,0
2026-01-01 00:04:00,S0036,air_quality,residential,edge_residential,1,14.642147463808108,73.39796317215784,0,0
2026-01-01 00:04:00,S0037,traffic,waterfront,edge_waterfront,2,38.68906234311476,49.85501988845333,0,0
2026-01-01 00:04:00,S0038,energy,industrial,edge_industrial,1,59.949703903114845,99.9869341145934,0,0
2026-01-01 00:04:00,S0039,traffic,residential,edge_residential,2,44.23454976933915,55.93720799424515,0,0
2026-01-01 00:05:00,S0000,energy,residential,edge_residential,1,124.59161745594817,72.3562636868421,1,0
2026-01-01 00:05:00,S0001,structure,industrial,edge_industrial,2,0.2636419153058211,31.493013644884925,0,0
2026-01-01 00:05:00,S0002,energy,waterfront,edge_waterfront,1,82.14225692952708,59.992589095900826,0,0
2026-01-01 00:05:00,S0003,traffic,waterfront,edge_waterfront,2,39.233969758820486,39.17456813210572,0,0
2026-01-01 00:05:00,S0004,traffic,downtown,edge_downtown,2,36.74727758398795,61.86987493783823,0,0
2026-01-01 00:05:00,S0005,structure,residential,edge_residential,2,,52.74718268771082,0,1
2026-01-01 00:05:00,S0006,traffic,waterfront,edge_waterfront,2,31.362160014356213,43.43511639968956,0,0
2026-01-01 00:05:00,S0007,energy,waterfront,edge_waterfront,1,71.66218040141347,63.93833156687546,0,0
2026-01-01 00:05:00,S0008,energy,transit,edge_transit,1,70.58583672797769,97.2546803838562,0,0
2026-01-01 00:05:00,S0009,air_quality,transit,edge_transit,1,17.264508109237283,82.60253735127988,0,0
2026-01-01 00:05:00,S0010,traffic,downtown,edge_downtown,2,26.672185381622615,45.13177516859916,0,0
2026-01-01 00:05:00,S0011,traffic,transit,edge_transit,2,35.92730421817715,33.980999914443345,0,0
2026-01-01 00:05:00,S0012,traffic,residential,edge_residential,2,40.02255034541146,38.08625034668013,0,0
2026-01-01 00:05:00,S0013,air_quality,downtown,edge_downtown,1,19.493504837829263,77.62817823274726,0,0
2026-01-01 00:05:00,S0014,air_quality,industrial,edge_industrial,1,13.491016756667094,40.24046640689974,0,0
2026-01-01 00:05:00,S0015,air_quality,residential,edge_residential,1,20.961356887244417,71.81179403463045,0,0
2026-01-01 00:05:00,S0016,structure,transit,edge_transit,2,0.26649435522913206,50.72400099982045,0,0
2026-01-01 00:05:00,S0017,energy,residential,edge_residential,1,72.01368051514466,58.04282119596418,0,0
2026-01-01 00:05:00,S0018,energy,transit,edge_transit,1,72.22488363893852,50.217634868418955,0,0
2026-01-01 00:05:00,S0019,structure,waterfront,edge_waterfront,2,0.22383676040611952,26.88940887570095,0,0
2026-01-01 00:05:00,S0020,traffic,transit,edge_transit,2,28.648752653698487,34.2584215813746,0,0
2026-01-01 00:05:00,S0021,traffic,industrial,edge_industrial,2,27.509532367100455,63.09966091287072,0,0
2026-01-01 00:05:00,S0022,energy,transit,edge_transit,1,65.4545271334358,101.3593724261723,0,0
2026-01-01 00:05:00,S0023,traffic,residential,edge_residential,2,29.39559206968979,44.62482459822252,0,0
2026-01-01 00:05:00,S0024,traffic,downtown,edge_downtown,2,35.359566354186086,38.25941838956133,0,0
2026-01-01 00:05:00,S0025,air_quality,downtown,edge_downtown,1,20.324633378565355,51.83819849168711,0,0
2026-01-01 00:05:00,S0026,air_quality,transit,edge_transit,1,19.60574756059216,63.66000159536003,0,0
2026-01-01 00:05:00,S0027,structure,industrial,edge_industrial,2,0.16430397187455242,43.669266344230266,0,0
2026-01-01 00:05:00,S0028,energy,residential,edge_residential,1,75.210601914005,42.885187279569784,0,0
2026-01-01 00:05:00,S0029,air_quality,industrial,edge_industrial,1,19.761428475546595,48.501182532617094,0,0
2026-01-01 00:05:00,S0030,air_quality,industrial,edge_industrial,1,17.99486573825265,43.754660593522644,0,0
2026-01-01 00:05:00,S0031,traffic,downtown,edge_downtown,2,24.45709250091363,37.89889873817444,0,0
2026-01-01 00:05:00,S0032,traffic,industrial,edge_industrial,2,33.28118651567321,36.495679832103264,0,0
2026-01-01 00:05:00,S0033,traffic,waterfront,edge_waterfront,2,35.429158849590806,41.14332912193536,0,0
2026-01-01 00:05:00,S0034,energy,residential,edge_residential,1,71.78408309616334,72.65120927308328,0,0
2026-01-01 00:05:00,S0035,traffic,industrial,edge_industrial,2,32.81317005994979,30.49179977433738,0,0
2026-01-01 00:05:00,S0036,air_quality,residential,edge_residential,1,22.819803938315385,67.15644572943157,0,0
2026-01-01 00:05:00,S0037,traffic,waterfront,edge_waterfront,2,35.57183330352864,41.609837212256494,0,0
2026-01-01 00:05:00,S0038,energy,industrial,edge_industrial,1,65.81407525024485,76.12811858451194,0,0
2026-01-01 00:05:00,S0039,traffic,residential,edge_residential,2,25.162914214968044,58.09928378611221,0,0
2026-01-01 00:06:00,S0000,energy,residential,edge_residential,1,69.21547838779112,88.72204134714461,0,0
2026-01-01 00:06:00,S0001,structure,industrial,edge_industrial,2,0.15169405162342475,34.76092427733267,0,0
2026-01-01 00:06:00,S0002,energy,waterfront,edge_waterfront,1,74.63174343087687,93.5106498298932,0,0
2026-01-01 00:06:00,S0003,traffic,waterfront,edge_waterfront,2,31.847223211564376,24.11607054316217,0,0
2026-01-01 00:06:00,S0004,traffic,downtown,edge_downtown,2,36.03303945079862,54.5442108612178,0,0
2026-01-01 00:06:00,S0005,structure,residential,edge_residential,2,0.24783048489445392,42.89121183607243,0,0
2026-01-01 00:06:00,S0006,traffic,waterfront,edge_waterfront,2,33.18242234260124,56.453697090019105,0,0
2026-01-01 00:06:00,S0007,energy,waterfront,edge_waterfront,1,154.49772232835392,93.42420927460287,1,0
2026-01-01 00:06:00,S0008,energy,transit,edge_transit,1,67.97773834822043,99.29172077402819,0,0
2026-01-01 00:06:00,S0009,air_quality,transit,edge_transit,1,17.168716905410804,97.10782250176857,0,0
2026-01-01 00:06:00,S0010,traffic,downtown,edge_downtown,2,39.43060907047068,52.381298651100316,0,0
2026-01-01 00:06:00,S0011,traffic,transit,edge_transit,2,36.963112921179615,48.30013125436518,0,0
2026-01-01 00:06:00,S0012,traffic,residential,edge_residential,2,30.599250662469615,35.30622193564382,0,0
2026-01-01 00:06:00,S0013,air_quality,downtown,edge_downtown,1,20.877027681321792,48.87070066445217,0,0
2026-01-01 00:06:00,S0014,air_quality,industrial,edge_industrial,1,20.151368953482493,68.30275469579561,0,0
2026-01-01 00:06:00,S0015,air_quality,residential,edge_residential,1,33.606143747966996,82.79530229172995,1,0
2026-01-01 00:06:00,S0016,structure,transit,edge_transit,2,0.21232864726808204,32.270891147592515,0,0
2026-01-01 00:06:00,S0017,energy,residential,edge_residential,1,74.73017474441045,88.84337231411368,0,0
2026-01-01 00:06:00,S0018,energy,transit,edge_transit,1,67.22579042066623,103.4726530116182,0,0
2026-01-01 00:06:00,S0019,structure,waterfront,edge_waterfront,2,0.25710340991588027,42.64839107645244,0,0
2026-01-01 00:06:00,S0020,traffic,transit,edge_transit,2,40.893601911466526,33.97447923297597,0,0
2026-01-01 00:06:00,S0021,traffic,industrial,edge_industrial,2,39.14852942625206,32.95939788620801,0,0
2026-01-01 00:06:00,S0022,energy,transit,edge_transit,1,63.18729320301081,81.36008957287879,0,0
2026-01-01 00:06:00,S0023,traffic,residential,edge_residential,2,47.11018829818097,28.227194630924068,0,0
2026-01-01 00:06:00,S0024,traffic,downtown,edge_downtown,2,31.384329010168543,48.67023817791561,0,0
2026-01-01 00:06:00,S0025,air_quality,downtown,edge_downtown,1,24.904867550507813,76.03119672503136,0,0
2026-01-01 00:06:00,S0026,air_quality,transit,edge_transit,1,20.410403501554253,93.45505358354129,0,0
2026-01-01 00:06:00,S0027,structure,industrial,edge_industrial,2,0.28074956325309464,34.85544681690065,0,0
2026-01-01 00:06:00,S0028,energy,residential,edge_residential,1,77.70920349282359,86.29753276820314,0,0
2026-01-01 00:06:00,S0029,air_quality,industrial,edge_industrial,1,14.563813852455969,78.47285881070833,0,0
2026-01-01 00:06:00,S0030,air_quality,industrial,edge_industrial,1,21.290745260103673,57.89713815628239,0,0
2026-01-01 00:06:00,S0031,traffic,downtown,edge_downtown,2,30.50044369277814,57.52439613601062,0,0
2026-01-01 00:06:00,S0032,traffic,industrial,edge_industrial,2,37.69344467361867,47.16482787299793,0,0
2026-01-01 00:06:00,S0033,traffic,waterfront,edge_waterfront,2,84.63963349046247,68.48984527464069,1,0
2026-01-01 00:06:00,S0034,energy,residential,edge_residential,1,63.05053123809459,104.988783510937,0,0
2026-01-01 00:06:00,S0035,traffic,industrial,edge_industrial,2,39.437939595189235,40.80007640962892,0,0
2026-01-01 00:06:00,S0036,air_quality,residential,edge_residential,1,23.236802243972058,51.00482732783818,0,0
2026-01-01 00:06:00,S0037,traffic,waterfront,edge_waterfront,2,38.362102972333794,49.14367820646636,0,0
2026-01-01 00:06:00,S0038,energy,industrial,edge_industrial,1,65.39814637766165,72.5329121089638,0,0
2026-01-01 00:06:00,S0039,traffic,residential,edge_residential,2,31.856517783154466,48.15483047822577,0,0
2026-01-01 00:07:00,S0000,energy,residential,edge_residential,1,75.85066093074978,81.22345063677501,0,0
2026-01-01 00:07:00,S0001,structure,industrial,edge_industrial,2,0.3772222987648839,30.339732842362594,1,0
2026-01-01 00:07:00,S0002,energy,waterfront,edge_waterfront,1,72.0896808574989,65.72010186765917,0,0
2026-01-01 00:07:00,S0003,traffic,waterfront,edge_waterfront,2,35.69223739386058,54.83609963618997,0,0
2026-01-01 00:07:00,S0004,traffic,downtown,edge_downtown,2,30.48211093713591,52.73189544712236,0,0
2026-01-01 00:07:00,S0005,structure,residential,edge_residential,2,0.20923039893808484,44.26640034669559,0,0
2026-01-01 00:07:00,S0006,traffic,waterfront,edge_waterfront,2,36.08826590223588,37.3433999231387,0,0
2026-01-01 00:07:00,S0007,energy,waterfront,edge_waterfront,1,74.91030430641311,68.99143321430869,0,0
2026-01-01 00:07:00,S0008,energy,transit,edge_transit,1,72.48167891648639,116.86279850508538,0,0
2026-01-01 00:07:00,S0009,air_quality,transit,edge_transit,1,21.76766090274979,79.80548489454293,0,0
2026-01-01 00:07:00,S0010,traffic,downtown,edge_downtown,2,39.25130903661142,39.48013244557963,0,0
2026-01-01 00:07:00,S0011,traffic,transit,edge_transit,2,,44.524660642849575,0,1
2026-01-01 00:07:00,S0012,traffic,residential,edge_residential,2,33.546175498341086,43.03921878648517,0,0
2026-01-01 00:07:00,S0013,air_quality,downtown,edge_downtown,1,14.783977196201306,88.98395125094024,0,0
2026-01-01 00:07:00,S0014,air_quality,industrial,edge_industrial,1,16.839624690179367,63.66703589063656,0,0
2026-01-01 00:07:00,S0015,air_quality,residential,edge_residential,1,18.115225686180192,86.16392063509613,0,0
2026-01-01 00:07:00,S0016,structure,transit,edge_transit,2,0.14605244208698243,46.09255621406553,0,0
2026-01-01 00:07:00,S0017,energy,residential,edge_residential,1,72.02086039834307,94.12361161549086,0,0
2026-01-01 00:07:00,S0018,energy,transit,edge_transit,1,76.98962832931812,68.36262218378461,0,0
2026-01-01 00:07:00,S0019,structure,waterfront,edge_waterfront,2,0.20938474658403022,32.959988924932446,0,0
2026-01-01 00:07:00,S0020,traffic,transit,edge_transit,2,39.11638451340689,49.61169452584619,0,0
2026-01-01 00:07:00,S0021,traffic,industrial,edge_industrial,2,39.22874920303236,58.54706496418035,0,0
2026-01-01 00:07:00,S0022,energy,transit,edge_transit,1,65.84686468607767,82.60757762524993,0,0
2026-01-01 00:07:00,S0023,traffic,residential,edge_residential,2,35.59712528453229,46.63525701397704,0,0
2026-01-01 00:07:00,S0024,traffic,downtown,edge_downtown,2,32.95564771558762,41.807037657696206,0,0
2026-01-01 00:07:00,S0025,air_quality,downtown,edge_downtown,1,14.888759373110712,81.29736206024215,0,0
2026-01-01 00:07:00,S0026,air_quality,transit,edge_transit,1,17.411813270391647,29.76198556158726,0,0
2026-01-01 00:07:00,S0027,structure,industrial,edge_industrial,2,0.2532567865161947,45.990409081213485,0,0
2026-01-01 00:07:00,S0028,energy,residential,edge_residential,1,63.320689085428754,86.99221398927675,0,0
2026-01-01 00:07:00,S0029,air_quality,industrial,edge_industrial,1,13.896535833332806,53.28902508203555,0,0
2026-01-01 00:07:00,S0030,air_quality,industrial,edge_industrial,1,19.81564046996362,28.253035140256024,0,0
2026-01-01 00:07:00,S0031,traffic,downtown,edge_downtown,2,43.896764220207054,49.75870330748171,0,0
2026-01-01 00:07:00,S0032,traffic,industrial,edge_industrial,2,36.641702276515794,36.38949738355027,0,0
2026-01-01 00:07:00,S0033,traffic,waterfront,edge_waterfront,2,34.61213755584998,25.467814543450952,0,0
2026-01-01 00:07:00,S0034,energy,residential,edge_residential,1,81.84172091037264,88.31542203572462,0,0
2026-01-01 00:07:00,S0035,traffic,industrial,edge_industrial,2,33.97143104722916,52.272381453054216,0,0
2026-01-01 00:07:00,S0036,air_quality,residential,edge_residential,1,14.85592166388533,77.41031250728241,0,0
2026-01-01 00:07:00,S0037,traffic,waterfront,edge_waterfront,2,27.49024197765482,43.3351571865382,0,0
2026-01-01 00:07:00,S0038,energy,industrial,edge_industrial,1,78.1581188379124,70.73072552887146,0,0
2026-01-01 00:07:00,S0039,traffic,residential,edge_residential,2,38.559062982939714,33.02009544087282,0,0
2026-01-01 00:08:00,S0000,energy,residential,edge_residential,1,77.39482449526231,80.98922283517865,0,0
2026-01-01 00:08:00,S0001,structure,industrial,edge_industrial,2,0.2317373981522679,46.30846158343366,0,0
2026-01-01 00:08:00,S0002,energy,waterfront,edge_waterfront,1,77.62608759814414,90.69763758383918,0,0
2026-01-01 00:08:00,S0003,traffic,waterfront,edge_waterfront,2,30.776435783219522,47.78288567671007,0,0
2026-01-01 00:08:00,S0004,traffic,downtown,edge_downtown,2,32.25385179785313,54.003591495149976,0,0
2026-01-01 00:08:00,S0005,structure,residential,edge_residential,2,0.30287842110169216,31.071710135234646,0,0
2026-01-01 00:08:00,S0006,traffic,waterfront,edge_waterfront,2,35.058956211758705,42.24971836884293,0,0
2026-01-01 00:08:00,S0007,energy,waterfront,edge_waterfront,1,66.5923136242954,72.87615055665238,0,0
2026-01-01 00:08:00,S0008,energy,transit,edge_transit,1,62.51487431837381,100.14128656362524,0,0
2026-01-01 00:08:00,S0009,air_quality,transit,edge_transit,1,17.081606840309036,38.671734912412774,0,0
2026-01-01 00:08:00,S0010,traffic,downtown,edge_downtown,2,32.34773857424829,30.837577626052404,0,0
2026-01-01 00:08:00,S0011,traffic,transit,edge_transit,2,34.58738229347208,51.074810250634016,0,0
2026-01-01 00:08:00,S0012,traffic,residential,edge_residential,2,37.69408634560303,45.31324537685322,0,0
2026-01-01 00:08:00,S0013,air_quality,downtown,edge_downtown,1,18.266923070630966,69.5137212034897,0,0
2026-01-01 00:08:00,S0014,air_quality,industrial,edge_industrial,1,18.198998227400967,68.54383781887458,0,0
2026-01-01 00:08:00,S0015,air_quality,residential,edge_residential,1,24.199954455949815,91.71434772775117,0,0
2026-01-01 00:08:00,S0016,structure,transit,edge_transit,2,0.17283278366059024,39.17431421847731,0,0
2026-01-01 00:08:00,S0017,energy,residential,edge_residential,1,68.8164792894598,126.56663016014551,0,0
2026-01-01 00:08:00,S0018,energy,transit,edge_transit,1,70.80256200420384,84.50394715928705,0,0
2026-01-01 00:08:00,S0019,structure,waterfront,edge_waterfront,2,0.2443056118090243,50.7795359496259,0,0
2026-01-01 00:08:00,S0020,traffic,transit,edge_transit,2,36.073739408728635,38.218475457257355,0,0
2026-01-01 00:08:00,S0021,traffic,industrial,edge_industrial,2,38.15474494238207,37.554372141150004,0,0
2026-01-01 00:08:00,S0022,energy,transit,edge_transit,1,64.96553692004863,106.23441190885396,0,0
2026-01-01 00:08:00,S0023,traffic,residential,edge_residential,2,40.64090234178559,40.837951425980314,0,0
2026-01-01 00:08:00,S0024,traffic,downtown,edge_downtown,2,35.23664242813107,34.25457087543548,0,0
2026-01-01 00:08:00,S0025,air_quality,downtown,edge_downtown,1,35.42753293569906,54.264234324425814,1,0
2026-01-01 00:08:00,S0026,air_quality,transit,edge_transit,1,19.1424023724196,62.41457839991699,0,0
2026-01-01 00:08:00,S0027,structure,industrial,edge_industrial,2,0.5236147999494489,32.39673048190006,1,0
2026-01-01 00:08:00,S0028,energy,residential,edge_residential,1,71.44508099731299,66.70418631904569,0,0
2026-01-01 00:08:00,S0029,air_quality,industrial,edge_industrial,1,19.238683136659393,45.99473613603576,0,0
2026-01-01 00:08:00,S0030,air_quality,industrial,edge_industrial,1,17.640367533525097,59.73340695089565,0,0
2026-01-01 00:08:00,S0031,traffic,downtown,edge_downtown,2,35.150795279823356,33.070674535531516,0,0
2026-01-01 00:08:00,S0032,traffic,industrial,edge_industrial,2,39.765520375913894,57.90992094967332,0,0
2026-01-01 00:08:00,S0033,traffic,waterfront,edge_waterfront,2,40.28509608818148,35.511739978395255,0,0
2026-01-01 00:08:00,S0034,energy,residential,edge_residential,1,67.73606848115514,70.81732695631321,0,0
2026-01-01 00:08:00,S0035,traffic,industrial,edge_industrial,2,44.3827840052836,24.358239866166226,0,0
2026-01-01 00:08:00,S0036,air_quality,residential,edge_residential,1,,50.862318627664955,0,1
2026-01-01 00:08:00,S0037,traffic,waterfront,edge_waterfront,2,36.031041398003524,43.82969126270144,0,0
2026-01-01 00:08:00,S0038,energy,industrial,edge_industrial,1,63.444044425343805,81.443453775932,0,0
2026-01-01 00:08:00,S0039,traffic,residential,edge_residential,2,37.962697904229856,49.69614960496668,0,0
2026-01-01 00:09:00,S0000,energy,residential,edge_residential,1,62.6477304814805,74.27590091250899,0,0
2026-01-01 00:09:00,S0001,structure,industrial,edge_industrial,2,0.21063255710167755,28.25568669581474,0,0
2026-01-01 00:09:00,S0002,energy,waterfront,edge_waterfront,1,76.7035491961465,82.5927027663667,0,0
2026-01-01 00:09:00,S0003,traffic,waterfront,edge_waterfront,2,44.69773913463678,48.61763611186792,0,0
2026-01-01 00:09:00,S0004,traffic,downtown,edge_downtown,2,38.51525213708355,56.02049103322773,0,0
2026-01-01 00:09:00,S0005,structure,residential,edge_residential,2,0.20886548052500503,36.27058729447741,0,0
2026-01-01 00:09:00,S0006,traffic,waterfront,edge_waterfront,2,44.029826954447,34.34146465491717,0,0
2026-01-01 00:09:00,S0007,energy,waterfront,edge_waterfront,1,66.03027718309792,37.16782827936787,0,0
2026-01-01 00:09:00,S0008,energy,transit,edge_transit,1,62.13154091268175,84.37026582950091,0,0
2026-01-01 00:09:00,S0009,air_quality,transit,edge_transit,1,18.870494462049034,61.181213690668955,0,0
2026-01-01 00:09:00,S0010,traffic,downtown,edge_downtown,2,35.749111284652926,32.92509448354906,0,0
2026-01-01 00:09:00,S0011,traffic,transit,edge_transit,2,39.723133789763985,34.885082304672686,0,0
2026-01-01 00:09:00,S0012,traffic,residential,edge_residential,2,32.7161274506529,17.76640836831567,0,0
2026-01-01 00:09:00,S0013,air_quality,downtown,edge_downtown,1,20.99837938778065,79.59214297405195,0,0
2026-01-01 00:09:00,S0014,air_quality,industrial,edge_industrial,1,17.144807382813227,44.676251339467086,0,0
2026-01-01 00:09:00,S0015,air_quality,residential,edge_residential,1,15.496357061880538,71.7384787502267,0,0
2026-01-01 00:09:00,S0016,structure,transit,edge_transit,2,0.2524982916109309,55.73057955797333,0,0
2026-01-01 00:09:00,S0017,energy,residential,edge_residential,1,70.10975289915044,79.10077297565022,0,0
2026-01-01 00:09:00,S0018,energy,transit,edge_transit,1,66.54564720897332,73.87849651340413,0,0
2026-01-01 00:09:00,S0019,structure,waterfront,edge_waterfront,2,0.14117847163421132,48.385044181154925,0,0
2026-01-01 00:09:00,S0020,traffic,transit,edge_transit,2,46.15551981816992,57.308883791308055,0,0
2026-01-01 00:09:00,S0021,traffic,industrial,edge_industrial,2,30.947837246341876,39.66473463761664,0,0
2026-01-01 00:09:00,S0022,energy,transit,edge_transit,1,68.12608272869885,72.5581709112241,0,0
2026-01-01 00:09:00,S0023,traffic,residential,edge_residential,2,27.328868604095547,32.20210082874277,0,0
2026-01-01 00:09:00,S0024,traffic,downtown,edge_downtown,2,33.41314820859619,39.20484315479966,0,0
2026-01-01 00:09:00,S0025,air_quality,downtown,edge_downtown,1,16.536452628631835,72.01463877454576,0,0
2026-01-01 00:09:00,S0026,air_quality,transit,edge_transit,1,17.074746461781142,65.50440907022414,0,0
2026-01-01 00:09:00,S0027,structure,industrial,edge_industrial,2,0.25994533941846654,47.90605587311378,0,0
2026-01-01 00:09:00,S0028,energy,residential,edge_residential,1,66.3604662440799,85.19044982715015,0,0
2026-01-01 00:09:00,S0029,air_quality,industrial,edge_industrial,1,20.569854681037466,82.73712851077788,0,0
2026-01-01 00:09:00,S0030,air_quality,industrial,edge_industrial,1,12.682857843473414,55.764228879972435,0,0
2026-01-01 00:09:00,S0031,traffic,downtown,edge_downtown,2,39.79012227099757,40.09128468276596,0,0
2026-01-01 00:09:00,S0032,traffic,industrial,edge_industrial,2,34.44316017073604,40.90006892636956,0,0
2026-01-01 00:09:00,S0033,traffic,waterfront,edge_waterfront,2,36.03237725272212,50.31455032756166,0,0
2026-01-01 00:09:00,S0034,energy,residential,edge_residential,1,68.68947666656618,47.00323612816972,0,0
2026-01-01 00:09:00,S0035,traffic,industrial,edge_industrial,2,34.007119455417865,45.9356657278874,0,0
2026-01-01 00:09:00,S0036,air_quality,residential,edge_residential,1,14.737685837884724,40.689724709183835,0,0
2026-01-01 00:09:00,S0037,traffic,waterfront,edge_waterfront,2,,52.46444153387442,0,1
2026-01-01 00:09:00,S0038,energy,industrial,edge_industrial,1,73.30353737606364,35.09276494029319,0,0
2026-01-01 00:09:00,S0039,traffic,residential,edge_residential,2,34.839652619405,31.770292170263474,0,0
2026-01-01 00:10:00,S0000,energy,residential,edge_residential,1,65.88643661455774,43.8304728851801,0,0
2026-01-01 00:10:00,S0001,structure,industrial,edge_industrial,2,0.2579477213183515,27.23665917716483,0,0
2026-01-01 00:10:00,S0002,energy,waterfront,edge_waterfront,1,80.63734702012128,101.89886252495528,0,0
2026-01-01 00:10:00,S0003,traffic,waterfront,edge_waterfront,2,39.56632482427502,43.36952175890497,0,0
2026-01-01 00:10:00,S0004,traffic,downtown,edge_downtown,2,35.55033149641111,38.04453895625239,0,0
2026-01-01 00:10:00,S0005,structure,residential,edge_residential,2,0.32273981832923043,39.661012878707176,0,0
2026-01-01 00:10:00,S0006,traffic,waterfront,edge_waterfront,2,37.95320150682807,42.525461622057364,0,0
2026-01-01 00:10:00,S0007,energy,waterfront,edge_waterfront,1,72.71562037859967,72.31207269647038,0,0
2026-01-01 00:10:00,S0008,energy,transit,edge_transit,1,73.90503808459393,94.47283820010362,0,0
2026-01-01 00:10:00,S0009,air_quality,transit,edge_transit,1,17.50644803289127,26.284341061459365,0,0
2026-01-01 00:10:00,S0010,traffic,downtown,edge_downtown,2,33.500109779387294,43.20091676280517,0,0
2026-01-01 00:10:00,S0011,traffic,transit,edge_transit,2,32.72800875278684,54.32455225087934,0,0
2026-01-01 00:10:00,S0012,traffic,residential,edge_residential,2,45.03575291248259,55.17508317073222,0,0
2026-01-01 00:10:00,S0013,air_quality,downtown,edge_downtown,1,15.019221086061233,46.35178079379575,0,0
2026-01-01 00:10:00,S0014,air_quality,industrial,edge_industrial,1,19.801151386126023,58.1294072579952,0,0
2026-01-01 00:10:00,S0015,air_quality,residential,edge_residential,1,17.5094773795626,63.80979482681191,0,0
2026-01-01 00:10:00,S0016,structure,transit,edge_transit,2,0.27067781063025775,40.836345429985144,0,0
2026-01-01 00:10:00,S0017,energy,residential,edge_residential,1,73.91370270262681,75.44941005696488,0,0
2026-01-01 00:10:00,S0018,energy,transit,edge_transit,1,59.23821518448299,71.26757022456431,0,0
2026-01-01 00:10:00,S0019,structure,waterfront,edge_waterfront,2,0.24687071725468546,46.60021199978384,0,0
2026-01-01 00:10:00,S0020,traffic,transit,edge_transit,2,36.41741456913575,42.4918191312301,0,0
2026-01-01 00:10:00,S0021,traffic,industrial,edge_industrial,2,40.40199296198038,43.94619748111462,0,0
2026-01-01 00:10:00,S0022,energy,transit,edge_transit,1,79.61099532252345,71.28835573713265,0,0
2026-01-01 00:10:00,S0023,traffic,residential,edge_residential,2,29.648002384444858,46.186446206318394,0,0
2026-01-01 00:10:00,S0024,traffic,downtown,edge_downtown,2,30.506169546899777,37.55167344524663,0,0
2026-01-01 00:10:00,S0025,air_quality,downtown,edge_downtown,1,18.06899925596498,81.9758859216779,0,0
2026-01-01 00:10:00,S0026,air_quality,transit,edge_transit,1,17.345815492178755,73.11101991845894,0,0
2026-01-01 00:10:00,S0027,structure,industrial,edge_industrial,2,0.28999354451163134,44.14087980121024,0,0
2026-01-01 00:10:00,S0028,energy,residential,edge_residential,1,69.50786657496081,83.33952002943168,0,0
2026-01-01 00:10:00,S0029,air_quality,industrial,edge_industrial,1,18.234071926600144,65.37625763764687,0,0
2026-01-01 00:10:00,S0030,air_quality,industrial,edge_industrial,1,18.179088317523505,88.24476867595293,0,0
2026-01-01 00:10:00,S0031,traffic,downtown,edge_downtown,2,33.86755603701124,38.79716863023742,0,0
2026-01-01 00:10:00,S0032,traffic,industrial,edge_industrial,2,28.5781790786386,40.55151642426582,0,0
2026-01-01 00:10:00,S0033,traffic,waterfront,edge_waterfront,2,40.328671327147845,56.35906668831506,0,0
2026-01-01 00:10:00,S0034,energy,residential,edge_residential,1,72.8070753262935,91.3218819344641,0,0
2026-01-01 00:10:00,S0035,traffic,industrial,edge_industrial,2,34.076499306951995,23.551269383875688,0,0
2026-01-01 00:10:00,S0036,air_quality,residential,edge_residential,1,18.691681945106577,81.72119428551831,0,0
2026-01-01 00:10:00,S0037,traffic,waterfront,edge_waterfront,2,32.96330770015456,44.581879916052564,0,0
2026-01-01 00:10:00,S0038,energy,industrial,edge_industrial,1,71.50712430074529,43.59871602774991,0,0
2026-01-01 00:10:00,S0039,traffic,residential,edge_residential,2,41.15144891034544,49.67228346758199,0,0
2026-01-01 00:11:00,S0000,energy,residential,edge_residential,1,74.60109246326068,75.49134713158617,0,0
2026-01-01 00:11:00,S0001,structure,industrial,edge_industrial,2,0.29768874188630334,24.817201827069567,0,0
2026-01-01 00:11:00,S0002,energy,waterfront,edge_waterfront,1,77.21560705091329,79.66014344620025,0,0
2026-01-01 00:11:00,S0003,traffic,waterfront,edge_waterfront,2,40.63631804716282,65.8583334664463,0,0
2026-01-01 00:11:00,S0004,traffic,downtown,edge_downtown,2,44.11185332153486,49.28284511161682,0,0
2026-01-01 00:11:00,S0005,structure,residential,edge_residential,2,0.2882363224398969,38.81228416195787,0,0
2026-01-01 00:11:00,S0006,traffic,waterfront,edge_waterfront,2,64.47890459699757,38.34741586329469,1,0
2026-01-01 00:11:00,S0007,energy,waterfront,edge_waterfront,1,67.46348881947996,85.00047605034763,0,0
2026-01-01 00:11:00,S0008,energy,transit,edge_transit,1,145.55234844629777,61.380420905670846,1,0
2026-01-01 00:11:00,S0009,air_quality,transit,edge_transit,1,16.141006792261834,51.294097653317095,0,0
2026-01-01 00:11:00,S0010,traffic,downtown,edge_downtown,2,35.30240963699295,35.03847083854778,0,0
2026-01-01 00:11:00,S0011,traffic,transit,edge_transit,2,32.182435413917744,45.96670350725104,0,0
2026-01-01 00:11:00,S0012,traffic,residential,edge_residential,2,27.80454197207965,60.04455742426545,0,0
2026-01-01 00:11:00,S0013,air_quality,downtown,edge_downtown,1,18.740293511520978,57.57651045844036,0,0
2026-01-01 00:11:00,S0014,air_quality,industrial,edge_industrial,1,17.944324464724176,54.56231929189262,0,0
2026-01-01 00:11:00,S0015,air_quality,residential,edge_residential,1,17.329791638415752,66.5752628541743,0,0
2026-01-01 00:11:00,S0016,structure,transit,edge_transit,2,0.23191336334653095,22.874096919585273,0,0
2026-01-01 00:11:00,S0017,energy,residential,edge_residential,1,76.44186822235943,56.46414145861648,0,0
2026-01-01 00:11:00,S0018,energy,transit,edge_transit,1,81.38421665456002,53.930708257156624,0,0
2026-01-01 00:11:00,S0019,structure,waterfront,edge_waterfront,2,0.2531104138671436,20.327400790889957,0,0
2026-01-01 00:11:00,S0020,traffic,transit,edge_transit,2,42.818132664638256,49.03728104074571,0,0
2026-01-01 00:11:00,S0021,traffic,industrial,edge_industrial,2,35.42736970366497,42.689720765113854,0,0
2026-01-01 00:11:00,S0022,energy,transit,edge_transit,1,72.3547026529948,109.38413467948284,0,0
2026-01-01 00:11:00,S0023,traffic,residential,edge_residential,2,,59.955529913656505,0,1
2026-01-01 00:11:00,S0024,traffic,downtown,edge_downtown,2,38.29971576379669,43.691539642743955,0,0
2026-01-01 00:11:00,S0025,air_quality,downtown,edge_downtown,1,22.525340496323366,71.49385612808787,0,0
2026-01-01 00:11:00,S0026,air_quality,transit,edge_transit,1,18.70052780821112,68.26761138942919,0,0
2026-01-01 00:11:00,S0027,structure,industrial,edge_industrial,2,0.2711154285813254,33.00920236366203,0,0
2026-01-01 00:11:00,S0028,energy,residential,edge_residential,1,69.33502042113383,93.27094184383613,0,0
2026-01-01 00:11:00,S0029,air_quality,industrial,edge_industrial,1,20.213977851566472,83.40003987460712,0,0
2026-01-01 00:11:00,S0030,air_quality,industrial,edge_industrial,1,20.976956063184915,77.33302788353862,0,0
2026-01-01 00:11:00,S0031,traffic,downtown,edge_downtown,2,29.06627837489154,35.85709306306459,0,0
2026-01-01 00:11:00,S0032,traffic,industrial,edge_industrial,2,40.200969113216246,48.975041908802694,0,0
2026-01-01 00:11:00,S0033,traffic,waterfront,edge_waterfront,2,45.17054533311352,59.29219427230474,0,0
2026-01-01 00:11:00,S0034,energy,residential,edge_residential,1,66.65099124090376,78.64593035500272,0,0
2026-01-01 00:11:00,S0035,traffic,industrial,edge_industrial,2,31.54873336358086,37.11956079813039,0,0
2026-01-01 00:11:00,S0036,air_quality,residential,edge_residential,1,16.503322390978482,52.63976977260597,0,0
2026-01-01 00:11:00,S0037,traffic,waterfront,edge_waterfront,2,30.145491034377656,71.46638164782885,0,0
2026-01-01 00:11:00,S0038,energy,industrial,edge_industrial,1,81.83901368827486,74.56740328878242,0,0
2026-01-01 00:11:00,S0039,traffic,residential,edge_residential,2,39.861302696668496,32.80993066788394,0,0
2026-01-01 00:12:00,S0000,energy,residential,edge_residential,1,58.83052063859719,35.637570721544805,0,0
2026-01-01 00:12:00,S0001,structure,industrial,edge_industrial,2,0.23060446740408108,24.619501615192668,0,0
2026-01-01 00:12:00,S0002,energy,waterfront,edge_waterfront,1,70.07785785553516,100.46141972332457,0,0
2026-01-01 00:12:00,S0003,traffic,waterfront,edge_waterfront,2,28.359472770096403,42.25294009174872,0,0
2026-01-01 00:12:00,S0004,traffic,downtown,edge_downtown,2,33.175756334614896,45.383473520711256,0,0
2026-01-01 00:12:00,S0005,structure,residential,edge_residential,2,0.2148081619477621,29.71096338885966,0,0
2026-01-01 00:12:00,S0006,traffic,waterfront,edge_waterfront,2,39.671663462791415,47.819297962907285,0,0
2026-01-01 00:12:00,S0007,energy,waterfront,edge_waterfront,1,69.41364017693762,94.13243388565103,0,0
2026-01-01 00:12:00,S0008,energy,transit,edge_transit,1,65.50183343465116,94.72147923248319,0,0
2026-01-01 00:12:00,S0009,air_quality,transit,edge_transit,1,14.475262340261956,44.309922460156635,0,0
2026-01-01 00:12:00,S0010,traffic,downtown,edge_downtown,2,38.98934853269161,29.580162029653323,0,0
2026-01-01 00:12:00,S0011,traffic,transit,edge_transit,2,32.749052374114044,40.52627556773682,0,0
2026-01-01 00:12:00,S0012,traffic,residential,edge_residential,2,47.51460507403162,31.269679225847966,0,0
2026-01-01 00:12:00,S0013,air_quality,downtown,edge_downtown,1,19.27698670874197,70.20267794207805,0,0
2026-01-01 00:12:00,S0014,air_quality,industrial,edge_industrial,1,19.803781223189755,81.09375321710532,0,0
2026-01-01 00:12:00,S0015,air_quality,residential,edge_residential,1,20.162778637400724,46.803838748879926,0,0
2026-01-01 00:12:00,S0016,structure,transit,edge_transit,2,0.19171977453923358,35.24181940703936,0,0
2026-01-01 00:12:00,S0017,energy,residential,edge_residential,1,59.650283111590454,58.75536545815441,0,0
2026-01-01 00:12:00,S0018,energy,transit,edge_transit,1,55.39306091143067,28.142177273506718,0,0
2026-01-01 00:12:00,S0019,structure,waterfront,edge_waterfront,2,0.2324281939975267,40.93300693234453,0,0
2026-01-01 00:12:00,S0020,traffic,transit,edge_transit,2,34.53904021209402,35.956004661404066,0,0
2026-01-01 00:12:00,S0021,traffic,industrial,edge_industrial,2,35.78148057214062,41.662783759125254,0,0
2026-01-01 00:12:00,S0022,energy,transit,edge_transit,1,67.39071811176429,93.44071992620434,0,0
2026-01-01 00:12:00,S0023,traffic,residential,edge_residential,2,32.861618356001024,40.45491513897828,0,0
2026-01-01 00:12:00,S0024,traffic,downtown,edge_downtown,2,43.97395844309548,40.5044522404103,0,0
2026-01-01 00:12:00,S0025,air_quality,downtown,edge_downtown,1,19.483415898666856,58.33368591327377,0,0
2026-01-01 00:12:00,S0026,air_quality,transit,edge_transit,1,19.214887949692212,102.09169875003867,0,0
2026-01-01 00:12:00,S0027,structure,industrial,edge_industrial,2,0.24923797804613698,45.82058513556685,0,0
2026-01-01 00:12:00,S0028,energy,residential,edge_residential,1,73.13556002046008,68.98227694140441,0,0
2026-01-01 00:12:00,S0029,air_quality,industrial,edge_industrial,1,14.509109419736614,69.0613539374131,0,0
2026-01-01 00:12:00,S0030,air_quality,industrial,edge_industrial,1,17.763874315295443,61.45436577790964,0,0
2026-01-01 00:12:00,S0031,traffic,downtown,edge_downtown,2,41.427068481210185,35.083041875458875,0,0
2026-01-01 00:12:00,S0032,traffic,industrial,edge_industrial,2,37.00891961302198,38.66810243560921,0,0
2026-01-01 00:12:00,S0033,traffic,waterfront,edge_waterfront,2,44.350482348982844,37.75361389801597,1,0
2026-01-01 00:12:00,S0034,energy,residential,edge_residential,1,69.36923202670812,128.10477225084998,0,0
2026-01-01 00:12:00,S0035,traffic,industrial,edge_industrial,2,42.253797878024685,49.38316053707969,0,0
2026-01-01 00:12:00,S0036,air_quality,residential,edge_residential,1,15.491130338143739,64.06789110214154,0,0
2026-01-01 00:12:00,S0037,traffic,waterfront,edge_waterfront,2,36.31000749487972,57.07263040603558,0,0
2026-01-01 00:12:00,S0038,energy,industrial,edge_industrial,1,64.60734809437731,85.0432288327114,0,0
2026-01-01 00:12:00,S0039,traffic,residential,edge_residential,2,,51.32212333721049,0,1
2026-01-01 00:13:00,S0000,energy,residential,edge_residential,1,68.07137262373645,87.43639137569875,0,0
2026-01-01 00:13:00,S0001,structure,industrial,edge_industrial,2,0.20460741997239557,42.47349621737805,0,0
2026-01-01 00:13:00,S0002,energy,waterfront,edge_waterfront,1,72.40107748925611,61.55294536443879,0,0
2026-01-01 00:13:00,S0003,traffic,waterfront,edge_waterfront,2,29.49500536378256,46.8610482877146,0,0
2026-01-01 00:13:00,S0004,traffic,downtown,edge_downtown,2,22.823353351914847,40.64185774520104,0,0
2026-01-01 00:13:00,S0005,structure,residential,edge_residential,2,0.25768633005891517,30.427784689304403,0,0
2026-01-01 00:13:00,S0006,traffic,waterfront,edge_waterfront,2,28.21304432571728,41.0074727986012,0,0
2026-01-01 00:13:00,S0007,energy,waterfront,edge_waterfront,1,58.98780691700084,75.24228099816372,0,0
2026-01-01 00:13:00,S0008,energy,transit,edge_transit,1,69.99078917501991,48.5743539667897,0,0
2026-01-01 00:13:00,S0009,air_quality,transit,edge_transit,1,17.01052449380938,64.377207441571,0,0
2026-01-01 00:13:00,S0010,traffic,downtown,edge_downtown,2,30.811903347605053,40.62581805647634,0,0
2026-01-01 00:13:00,S0011,traffic,transit,edge_transit,2,71.27711587216649,34.46520034757699,1,0
2026-01-01 00:13:00,S0012,traffic,residential,edge_residential,2,31.768321133729586,57.41845965325079,0,0
2026-01-01 00:13:00,S0013,air_quality,downtown,edge_downtown,1,12.524744127549017,79.2004613680581,0,0
2026-01-01 00:13:00,S0014,air_quality,industrial,edge_industrial,1,16.292838836884805,40.75183319125214,0,0
2026-01-01 00:13:00,S0015,air_quality,residential,edge_residential,1,21.03367323930334,77.2272675618051,0,0
2026-01-01 00:13:00,S0016,structure,transit,edge_transit,2,0.24226338817744258,40.196315243043294,0,0
2026-01-01 00:13:00,S0017,energy,residential,edge_residential,1,63.32722795384216,48.30623862302282,0,0
2026-01-01 00:13:00,S0018,energy,transit,edge_transit,1,71.37630301229252,122.65531063571865,0,0
2026-01-01 00:13:00,S0019,structure,waterfront,edge_waterfront,2,0.23472986073245428,54.614485168102235,0,0
2026-01-01 00:13:00,S0020,traffic,transit,edge_transit,2,20.617860314511763,36.648185252808865,0,0
2026-01-01 00:13:00,S0021,traffic,industrial,edge_industrial,2,31.619694841165433,45.03579329622061,0,0
2026-01-01 00:13:00,S0022,energy,transit,edge_transit,1,73.18009569648255,49.26153676373893,0,0
2026-01-01 00:13:00,S0023,traffic,residential,edge_residential,2,35.773854379156425,29.20142453824276,0,0
2026-01-01 00:13:00,S0024,traffic,downtown,edge_downtown,2,31.503338328792008,50.78225763117789,0,0
2026-01-01 00:13:00,S0025,air_quality,downtown,edge_downtown,1,21.122401179647646,100.43990298942411,0,0
2026-01-01 00:13:00,S0026,air_quality,transit,edge_transit,1,18.514134419107595,51.954031587926984,0,0
2026-01-01 00:13:00,S0027,structure,industrial,edge_industrial,2,0.2434093779023075,33.708778147907985,0,0
2026-01-01 00:13:00,S0028,energy,residential,edge_residential,1,64.66037049267618,80.58570569913785,0,0
2026-01-01 00:13:00,S0029,air_quality,industrial,edge_industrial,1,17.495260589446605,79.29356344927353,0,0
2026-01-01 00:13:00,S0030,air_quality,industrial,edge_industrial,1,14.566393788844413,26.37196027653644,0,0
2026-01-01 00:13:00,S0031,traffic,downtown,edge_downtown,2,37.38838396216002,41.439302708460545,0,0
2026-01-01 00:13:00,S0032,traffic,industrial,edge_industrial,2,27.003057319284117,52.79425243807263,0,0
2026-01-01 00:13:00,S0033,traffic,waterfront,edge_waterfront,2,35.702339708436966,43.1611708209619,0,0
2026-01-01 00:13:00,S0034,energy,residential,edge_residential,1,78.5861896414759,70.1984248165455,0,0
2026-01-01 00:13:00,S0035,traffic,industrial,edge_industrial,2,36.02081178728149,36.065580627997434,0,0
2026-01-01 00:13:00,S0036,air_quality,residential,edge_residential,1,20.765841807830146,84.7769544131866,0,0
2026-01-01 00:13:00,S0037,traffic,waterfront,edge_waterfront,2,30.775723265909036,40.10279287300864,0,0
2026-01-01 00:13:00,S0038,energy,industrial,edge_industrial,1,78.91334080945512,100.19965063706789,0,0
2026-01-01 00:13:00,S0039,traffic,residential,edge_residential,2,25.999934353846832,50.4367802154805,0,0
2026-01-01 00:14:00,S0000,energy,residential,edge_residential,1,70.33200653900232,65.47884425144588,0,0
2026-01-01 00:14:00,S0001,structure,industrial,edge_industrial,2,0.33112215693007824,62.40668769147374,0,0
2026-01-01 00:14:00,S0002,energy,waterfront,edge_waterfront,1,71.99069562300805,92.18889433357096,0,0
2026-01-01 00:14:00,S0003,traffic,waterfront,edge_waterfront,2,40.39920820946263,21.994703438916396,0,0
2026-01-01 00:14:00,S0004,traffic,downtown,edge_downtown,2,33.175917520673245,37.2230126150467,0,0
2026-01-01 00:14:00,S0005,structure,residential,edge_residential,2,0.29977209438090213,42.50688391035941,0,0
2026-01-01 00:14:00,S0006,traffic,waterfront,edge_waterfront,2,35.25544342705789,36.2076158033438,0,0
2026-01-01 00:14:00,S0007,energy,waterfront,edge_waterfront,1,75.49108902794896,85.14609570035414,0,0
2026-01-01 00:14:00,S0008,energy,transit,edge_transit,1,65.12682679008967,88.75910750857614,0,0
2026-01-01 00:14:00,S0009,air_quality,transit,edge_transit,1,16.305256023320883,70.83641979881102,0,0
2026-01-01 00:14:00,S0010,traffic,downtown,edge_downtown,2,40.17009145140764,52.797400071398,0,0
2026-01-01 00:14:00,S0011,traffic,transit,edge_transit,2,35.46256297615507,31.168404113999124,0,0
2026-01-01 00:14:00,S0012,traffic,residential,edge_residential,2,39.813464532512434,55.15614803304389,0,0
2026-01-01 00:14:00,S0013,air_quality,downtown,edge_downtown,1,22.302277359407718,46.3253651287495,0,0
2026-01-01 00:14:00,S0014,air_quality,industrial,edge_industrial,1,18.772021792907644,40.29846454967701,0,0
2026-01-01 00:14:00,S0015,air_quality,residential,edge_residential,1,14.974359131379654,77.04023077360563,0,0
2026-01-01 00:14:00,S0016,structure,transit,edge_transit,2,0.28451177962486834,49.5921522875051,0,0
2026-01-01 00:14:00,S0017,energy,residential,edge_residential,1,61.37221538425943,44.94611724442264,0,0
2026-01-01 00:14:00,S0018,energy,transit,edge_transit,1,80.4889805379026,97.68400066749156,0,0
2026-01-01 00:14:00,S0019,structure,waterfront,edge_waterfront,2,0.18238336889347256,55.410217476477825,0,0
2026-01-01 00:14:00,S0020,traffic,transit,edge_transit,2,29.39565459694272,47.18426345125019,0,0
2026-01-01 00:14:00,S0021,traffic,industrial,edge_industrial,2,32.51322538729839,57.44330627278683,0,0
2026-01-01 00:14:00,S0022,energy,transit,edge_transit,1,67.47138479144184,80.64197607199351,0,0
2026-01-01 00:14:00,S0023,traffic,residential,edge_residential,2,38.247238219838835,41.04553495409405,0,0
2026-01-01 00:14:00,S0024,traffic,downtown,edge_downtown,2,38.682111042398965,39.12102173920398,0,0
2026-01-01 00:14:00,S0025,air_quality,downtown,edge_downtown,1,23.141038127931996,89.73736936597436,0,0
2026-01-01 00:14:00,S0026,air_quality,transit,edge_transit,1,19.336728762104936,37.57415653825676,0,0
2026-01-01 00:14:00,S0027,structure,industrial,edge_industrial,2,0.17440499530412018,45.587402353153074,0,0
2026-01-01 00:14:00,S0028,energy,residential,edge_residential,1,76.99138760996698,115.56149331597919,0,0
2026-01-01 00:14:00,S0029,air_quality,industrial,edge_industrial,1,17.024513140437374,90.86673466355094,0,0
2026-01-01 00:14:00,S0030,air_quality,industrial,edge_industrial,1,21.302484755002283,45.66481174740507,0,0
2026-01-01 00:14:00,S0031,traffic,downtown,edge_downtown,2,40.90436017224753,38.54134037799223,0,0
2026-01-01 00:14:00,S0032,traffic,industrial,edge_industrial,2,34.35942072188615,51.26921478902184,0,0
2026-01-01 00:14:00,S0033,traffic,waterfront,edge_waterfront,2,57.56550057644005,48.087252625093356,1,0
2026-01-01 00:14:00,S0034,energy,residential,edge_residential,1,77.92788062876681,81.61373142548403,0,0
2026-01-01 00:14:00,S0035,traffic,industrial,edge_industrial,2,40.56693777471943,55.79372535958777,0,0
2026-01-01 00:14:00,S0036,air_quality,residential,edge_residential,1,18.668033042103588,65.42017526736116,0,0
2026-01-01 00:14:00,S0037,traffic,waterfront,edge_waterfront,2,40.90171880108154,44.256358024208055,0,0
2026-01-01 00:14:00,S0038,energy,industrial,edge_industrial,1,62.32331621089385,32.05099787456973,0,0
2026-01-01 00:14:00,S0039,traffic,residential,edge_residential,2,34.227823352481565,37.17632762288983,0,0
2026-01-01 00:15:00,S0000,energy,residential,edge_residential,1,78.52313680217307,65.69166547655715,0,0
2026-01-01 00:15:00,S0001,structure,industrial,edge_industrial,2,0.2319432998561575,28.543924994133874,0,0
2026-01-01 00:15:00,S0002,energy,waterfront,edge_waterfront,1,72.7938821594831,75.51806953323212,0,0
2026-01-01 00:15:00,S0003,traffic,waterfront,edge_waterfront,2,34.028601351057695,35.378437230188176,0,0
2026-01-01 00:15:00,S0004,traffic,downtown,edge_downtown,2,36.24120309675238,36.69458210080049,0,0
2026-01-01 00:15:00,S0005,structure,residential,edge_residential,2,0.2448635685734074,40.61354576233903,0,0
2026-01-01 00:15:00,S0006,traffic,waterfront,edge_waterfront,2,28.666044594004543,39.302152864889216,0,0
2026-01-01 00:15:00,S0007,energy,waterfront,edge_waterfront,1,70.97043208922776,89.43546983461864,0,0
2026-01-01 00:15:00,S0008,energy,transit,edge_transit,1,83.72482236296906,91.50668615863877,0,0
2026-01-01 00:15:00,S0009,air_quality,transit,edge_transit,1,20.60519914793784,49.42480779573978,0,0
2026-01-01 00:15:00,S0010,traffic,downtown,edge_downtown,2,39.3092976449477,50.19927891910823,0,0
2026-01-01 00:15:00,S0011,traffic,transit,edge_transit,2,33.8203463071386,28.207363814613316,0,0
2026-01-01 00:15:00,S0012,traffic,residential,edge_residential,2,42.98066714268538,52.605827012510396,0,0
2026-01-01 00:15:00,S0013,air_quality,downtown,edge_downtown,1,16.549676649220384,72.808513213529,0,0
2026-01-01 00:15:00,S0014,air_quality,industrial,edge_industrial,1,21.35865336052811,85.84991976733487,0,0
2026-01-01 00:15:00,S0015,air_quality,residential,edge_residential,1,21.388271716443484,71.02371284484921,0,0
2026-01-01 00:15:00,S0016,structure,transit,edge_transit,2,0.24677305149716358,43.97698311733206,0,0
2026-01-01 00:15:00,S0017,energy,residential,edge_residential,1,67.72573054672647,94.2384978644611,0,0
2026-01-01 00:15:00,S0018,energy,transit,edge_transit,1,145.87066584848094,75.90122627218258,1,0
2026-01-01 00:15:00,S0019,structure,waterfront,edge_waterfront,2,0.22477571265336477,49.76533798380208,0,0
2026-01-01 00:15:00,S0020,traffic,transit,edge_transit,2,21.41694643614686,51.72660380049142,0,0
2026-01-01 00:15:00,S0021,traffic,industrial,edge_industrial,2,31.811140090963406,19.54121544375331,0,0
2026-01-01 00:15:00,S0022,energy,transit,edge_transit,1,77.52626669919064,65.31463777470772,0,0
2026-01-01 00:15:00,S0023,traffic,residential,edge_residential,2,35.66405758424128,33.08070640986327,0,0
2026-01-01 00:15:00,S0024,traffic,downtown,edge_downtown,2,30.96389775751635,44.95464324543347,0,0
2026-01-01 00:15:00,S0025,air_quality,downtown,edge_downtown,1,13.466806176787163,76.0701809703418,0,0
2026-01-01 00:15:00,S0026,air_quality,transit,edge_transit,1,15.57821414984997,73.37057900695,0,0
2026-01-01 00:15:00,S0027,structure,industrial,edge_industrial,2,0.18871636112782397,28.15404667574197,0,0
2026-01-01 00:15:00,S0028,energy,residential,edge_residential,1,68.2478419707995,63.93684382897439,0,0
2026-01-01 00:15:00,S0029,air_quality,industrial,edge_industrial,1,17.022381780795712,68.73810212294524,0,0
2026-01-01 00:15:00,S0030,air_quality,industrial,edge_industrial,1,23.762315788908793,56.6611203565913,0,0
2026-01-01 00:15:00,S0031,traffic,downtown,edge_downtown,2,35.33782542051227,58.626934178049,0,0
2026-01-01 00:15:00,S0032,traffic,industrial,edge_industrial,2,28.876151948780297,45.38810172389606,0,0
2026-01-01 00:15:00,S0033,traffic,waterfront,edge_waterfront,2,25.111238808853727,52.19140811591843,0,0
2026-01-01 00:15:00,S0034,energy,residential,edge_residential,1,,70.34777745881837,0,1
2026-01-01 00:15:00,S0035,traffic,industrial,edge_industrial,2,31.402180217920904,43.82970488039367,0,0
2026-01-01 00:15:00,S0036,air_quality,residential,edge_residential,1,20.822694540545108,70.94701981850055,0,0
2026-01-01 00:15:00,S0037,traffic,waterfront,edge_waterfront,2,29.216745951429665,56.95572552727815,0,0
2026-01-01 00:15:00,S0038,energy,industrial,edge_industrial,1,74.52721029138607,107.7151283396652,0,0
2026-01-01 00:15:00,S0039,traffic,residential,edge_residential,2,38.894864997036336,48.312569691203166,0,0
2026-01-01 00:16:00,S0000,energy,residential,edge_residential,1,75.1827705095864,75.61392408740042,0,0
2026-01-01 00:16:00,S0001,structure,industrial,edge_industrial,2,0.20068224867806683,47.03968532140987,0,0
2026-01-01 00:16:00,S0002,energy,waterfront,edge_waterfront,1,72.24827364040269,83.88435805430242,0,0
2026-01-01 00:16:00,S0003,traffic,waterfront,edge_waterfront,2,33.710854860319586,34.246566952827735,0,0
2026-01-01 00:16:00,S0004,traffic,downtown,edge_downtown,2,36.76836102825724,39.18610242288789,0,0
2026-01-01 00:16:00,S0005,structure,residential,edge_residential,2,0.2048011782253767,18.05164330470464,0,0
2026-01-01 00:16:00,S0006,traffic,waterfront,edge_waterfront,2,67.6423559646558,41.083732574480095,1,0
2026-01-01 00:16:00,S0007,energy,waterfront,edge_waterfront,1,70.34088467350809,67.675525097551,0,0
2026-01-01 00:16:00,S0008,energy,transit,edge_transit,1,62.17758500010176,48.18012450399813,0,0
2026-01-01 00:16:00,S0009,air_quality,transit,edge_transit,1,15.509872402849487,59.897316070535666,0,0
2026-01-01 00:16:00,S0010,traffic,downtown,edge_downtown,2,39.49739544396829,40.69740202036865,0,0
2026-01-01 00:16:00,S0011,traffic,transit,edge_transit,2,32.712564211953,56.69812697687717,0,0
2026-01-01 00:16:00,S0012,traffic,residential,edge_residential,2,37.640942683816974,59.0512139418403,0,0
2026-01-01 00:16:00,S0013,air_quality,downtown,edge_downtown,1,18.00917797716171,53.814570753583794,0,0
2026-01-01 00:16:00,S0014,air_quality,industrial,edge_industrial,1,21.101608855270946,70.8494715157308,0,0
2026-01-01 00:16:00,S0015,air_quality,residential,edge_residential,1,15.350255960234326,53.041611764358436,0,0
2026-01-01 00:16:00,S0016,structure,transit,edge_transit,2,0.19094993616237532,35.21271882341581,0,0
2026-01-01 00:16:00,S0017,energy,residential,edge_residential,1,66.99900489996836,80.19716316856895,0,0
2026-01-01 00:16:00,S0018,energy,transit,edge_transit,1,67.42950363020363,43.9917959609963,0,0
2026-01-01 00:16:00,S0019,structure,waterfront,edge_waterfront,2,0.22688448941396067,48.76653236795561,0,0
2026-01-01 00:16:00,S0020,traffic,transit,edge_transit,2,34.04470729720393,36.00631567688637,0,0
2026-01-01 00:16:00,S0021,traffic,industrial,edge_industrial,2,36.76549854216757,27.0099179768052,0,0
2026-01-01 00:16:00,S0022,energy,transit,edge_transit,1,75.62869253838818,70.82604743129906,0,0
2026-01-01 00:16:00,S0023,traffic,residential,edge_residential,2,35.64220297350953,17.45498246212496,0,0
2026-01-01 00:16:00,S0024,traffic,downtown,edge_downtown,2,33.10619472960408,58.909143869789574,0,0
2026-01-01 00:16:00,S0025,air_quality,downtown,edge_downtown,1,17.56760376775144,62.961299334489354,0,0
2026-01-01 00:16:00,S0026,air_quality,transit,edge_transit,1,14.453703063713938,50.502432038185376,0,0
2026-01-01 00:16:00,S0027,structure,industrial,edge_industrial,2,0.3330103989794973,39.91016497220312,0,0
2026-01-01 00:16:00,S0028,energy,residential,edge_residential,1,73.36904653880978,72.40779100293538,0,0
2026-01-01 00:16:00,S0029,air_quality,industrial,edge_industrial,1,19.553859658084164,81.37550718304126,0,0
2026-01-01 00:16:00,S0030,air_quality,industrial,edge_industrial,1,43.356559690177335,74.5549079296252,1,0
2026-01-01 00:16:00,S0031,traffic,downtown,edge_downtown,2,29.040400440097525,61.19205097265069,0,0
2026-01-01 00:16:00,S0032,traffic,industrial,edge_industrial,2,72.83299105482028,29.89631754255542,1,0
2026-01-01 00:16:00,S0033,traffic,waterfront,edge_waterfront,2,29.895432116834343,38.51855819085172,0,0
2026-01-01 00:16:00,S0034,energy,residential,edge_residential,1,80.2137030904646,67.38452163732879,0,0
2026-01-01 00:16:00,S0035,traffic,industrial,edge_industrial,2,35.06015741548578,39.547479119747926,0,0
2026-01-01 00:16:00,S0036,air_quality,residential,edge_residential,1,19.600910134756003,49.726419795873994,0,0
2026-01-01 00:16:00,S0037,traffic,waterfront,edge_waterfront,2,22.95047128291924,67.0034864720646,0,0
2026-01-01 00:16:00,S0038,energy,industrial,edge_industrial,1,79.50328656785938,41.46781051283639,0,0
2026-01-01 00:16:00,S0039,traffic,residential,edge_residential,2,38.17466098099555,49.26097040488663,0,0
2026-01-01 00:17:00,S0000,energy,residential,edge_residential,1,69.1483468315978,85.45344692591728,0,0
2026-01-01 00:17:00,S0001,structure,industrial,edge_industrial,2,0.2595079792700835,40.38551689588752,0,0
2026-01-01 00:17:00,S0002,energy,waterfront,edge_waterfront,1,66.41705456610245,81.43499061051071,0,0
2026-01-01 00:17:00,S0003,traffic,waterfront,edge_waterfront,2,36.66940566845353,41.14779117356644,0,0
2026-01-01 00:17:00,S0004,traffic,downtown,edge_downtown,2,35.19290814157093,29.03490998708994,0,0
2026-01-01 00:17:00,S0005,structure,residential,edge_residential,2,0.2570057970335204,38.56201756937217,0,0
2026-01-01 00:17:00,S0006,traffic,waterfront,edge_waterfront,2,41.31676304344804,37.08504925411852,0,0
2026-01-01 00:17:00,S0007,energy,waterfront,edge_waterfront,1,73.78561542113985,66.17990753937246,0,0
2026-01-01 00:17:00,S0008,energy,transit,edge_transit,1,81.89658854990883,119.40199179150153,0,0
2026-01-01 00:17:00,S0009,air_quality,transit,edge_transit,1,17.41770674464501,69.0298093185938,0,0
2026-01-01 00:17:00,S0010,traffic,downtown,edge_downtown,2,55.626894456370444,62.96693173004091,1,0
2026-01-01 00:17:00,S0011,traffic,transit,edge_transit,2,41.68950195901623,27.651670578658155,0,0
2026-01-01 00:17:00,S0012,traffic,residential,edge_residential,2,28.05877418965453,27.56638257202623,0,0
2026-01-01 00:17:00,S0013,air_quality,downtown,edge_downtown,1,22.574089646192817,80.42356356376358,0,0
2026-01-01 00:17:00,S0014,air_quality,industrial,edge_industrial,1,27.978348244575916,39.49992342747454,1,0
2026-01-01 00:17:00,S0015,air_quality,residential,edge_residential,1,24.882823965800757,75.74422152143822,0,0
2026-01-01 00:17:00,S0016,structure,transit,edge_transit,2,0.2668340445805396,26.084985119983333,0,0
2026-01-01 00:17:00,S0017,energy,residential,edge_residential,1,72.01959797340061,86.42263783024625,0,0
2026-01-01 00:17:00,S0018,energy,transit,edge_transit,1,69.6204392866462,93.8587455323821,0,0
2026-01-01 00:17:00,S0019,structure,waterfront,edge_waterfront,2,,30.611488511292634,0,1
2026-01-01 00:17:00,S0020,traffic,transit,edge_transit,2,41.13317842391599,55.92059261334862,0,0
2026-01-01 00:17:00,S0021,traffic,industrial,edge_industrial,2,31.54302271101808,28.653396910542526,0,0
2026-01-01 00:17:00,S0022,energy,transit,edge_transit,1,68.94420917174548,76.27101845063697,0,0
2026-01-01 00:17:00,S0023,traffic,residential,edge_residential,2,36.272041896549,37.25661326869313,0,0
2026-01-01 00:17:00,S0024,traffic,downtown,edge_downtown,2,29.13019953906285,47.06837932359623,0,0
2026-01-01 00:17:00,S0025,air_quality,downtown,edge_downtown,1,16.765615689375583,44.37466013376993,0,0
2026-01-01 00:17:00,S0026,air_quality,transit,edge_transit,1,19.342669993101882,66.65456438923712,0,0
2026-01-01 00:17:00,S0027,structure,industrial,edge_industrial,2,0.21528728192927835,50.590665885558955,0,0
2026-01-01 00:17:00,S0028,energy,residential,edge_residential,1,70.37070833543352,69.40502636769415,0,0
2026-01-01 00:17:00,S0029,air_quality,industrial,edge_industrial,1,11.837027009241321,55.044749350396074,0,0
2026-01-01 00:17:00,S0030,air_quality,industrial,edge_industrial,1,21.025815623980908,36.07070218828491,0,0
2026-01-01 00:17:00,S0031,traffic,downtown,edge_downtown,2,42.1871732504077,44.78188941347303,0,0
2026-01-01 00:17:00,S0032,traffic,industrial,edge_industrial,2,33.86725979767961,41.04847213697226,0,0
2026-01-01 00:17:00,S0033,traffic,waterfront,edge_waterfront,2,37.02508728139213,41.82423845491177,0,0
2026-01-01 00:17:00,S0034,energy,residential,edge_residential,1,79.2535468688863,106.91731936846497,0,0
2026-01-01 00:17:00,S0035,traffic,industrial,edge_industrial,2,38.6091159131413,41.883251290476025,0,0
2026-01-01 00:17:00,S0036,air_quality,residential,edge_residential,1,15.526382498705209,48.2045782582307,0,0
2026-01-01 00:17:00,S0037,traffic,waterfront,edge_waterfront,2,39.06167923400244,28.442706600181644,0,0
2026-01-01 00:17:00,S0038,energy,industrial,edge_industrial,1,67.51870749585123,88.21792945218773,0,0
2026-01-01 00:17:00,S0039,traffic,residential,edge_residential,2,39.69639224228397,39.75639126176461,0,0
2026-01-01 00:18:00,S0000,energy,residential,edge_residential,1,68.96543107131792,51.3598764452809,0,0
2026-01-01 00:18:00,S0001,structure,industrial,edge_industrial,2,0.2670282383160267,27.530785620606203,0,0
2026-01-01 00:18:00,S0002,energy,waterfront,edge_waterfront,1,58.55507110423705,98.72582243549576,0,0
2026-01-01 00:18:00,S0003,traffic,waterfront,edge_waterfront,2,28.72462918910268,45.1189041962502,0,0
2026-01-01 00:18:00,S0004,traffic,downtown,edge_downtown,2,30.73536004385001,47.47797977380762,0,0
2026-01-01 00:18:00,S0005,structure,residential,edge_residential,2,0.3321461711621108,49.554447860577305,0,0
2026-01-01 00:18:00,S0006,traffic,waterfront,edge_waterfront,2,32.07308549685364,51.8240894709126,0,0
2026-01-01 00:18:00,S0007,energy,waterfront,edge_waterfront,1,72.40318733507458,119.24664337110497,0,0
2026-01-01 00:18:00,S0008,energy,transit,edge_transit,1,,56.57170438181196,0,1
2026-01-01 00:18:00,S0009,air_quality,transit,edge_transit,1,20.173889701023754,61.935097617175316,0,0
2026-01-01 00:18:00,S0010,traffic,downtown,edge_downtown,2,25.4357785643536,34.88763924615981,0,0
2026-01-01 00:18:00,S0011,traffic,transit,edge_transit,2,36.28407093869216,48.77192812540619,0,0
2026-01-01 00:18:00,S0012,traffic,residential,edge_residential,2,33.36538072775603,49.60620337759997,0,0
2026-01-01 00:18:00,S0013,air_quality,downtown,edge_downtown,1,13.924415883261798,63.56041090248904,0,0
2026-01-01 00:18:00,S0014,air_quality,industrial,edge_industrial,1,18.74522251247319,86.90475111917334,0,0
2026-01-01 00:18:00,S0015,air_quality,residential,edge_residential,1,24.683013343412295,56.59667089868438,1,0
2026-01-01 00:18:00,S0016,structure,transit,edge_transit,2,0.2406540739989548,38.13760270968562,0,0
2026-01-01 00:18:00,S0017,energy,residential,edge_residential,1,69.2126860959465,48.87827717151877,0,0
2026-01-01 00:18:00,S0018,energy,transit,edge_transit,1,67.63460467819203,111.71601639349437,0,0
2026-01-01 00:18:00,S0019,structure,waterfront,edge_waterfront,2,0.26916165888235305,51.89879082824297,0,0
2026-01-01 00:18:00,S0020,traffic,transit,edge_transit,2,26.647632919839836,40.304399896469384,0,0
2026-01-01 00:18:00,S0021,traffic,industrial,edge_industrial,2,34.80774995758201,44.950786423282395,0,0
2026-01-01 00:18:00,S0022,energy,transit,edge_transit,1,70.83225953349591,48.27612171073703,0,0
2026-01-01 00:18:00,S0023,traffic,residential,edge_residential,2,34.16359108421247,46.18589069748136,0,0
2026-01-01 00:18:00,S0024,traffic,downtown,edge_downtown,2,31.593592287869892,70.7563276458293,0,0
2026-01-01 00:18:00,S0025,air_quality,downtown,edge_downtown,1,19.54439750268204,57.97618798922241,0,0
2026-01-01 00:18:00,S0026,air_quality,transit,edge_transit,1,12.105709270866484,59.33575312032448,0,0
2026-01-01 00:18:00,S0027,structure,industrial,edge_industrial,2,0.22280268126801422,32.55094860850934,0,0
2026-01-01 00:18:00,S0028,energy,residential,edge_residential,1,72.85126663906436,95.67591828476296,0,0
2026-01-01 00:18:00,S0029,air_quality,industrial,edge_industrial,1,17.140241991101878,71.15696065073111,0,0
2026-01-01 00:18:00,S0030,air_quality,industrial,edge_industrial,1,13.991992341674456,58.551168232824566,0,0
2026-01-01 00:18:00,S0031,traffic,downtown,edge_downtown,2,33.30465103567479,40.61613838598006,0,0
2026-01-01 00:18:00,S0032,traffic,industrial,edge_industrial,2,35.17047858946328,39.705135417034924,0,0
2026-01-01 00:18:00,S0033,traffic,waterfront,edge_waterfront,2,39.237143337645946,26.064244367657658,0,0
2026-01-01 00:18:00,S0034,energy,residential,edge_residential,1,60.60344617111499,106.14956360220324,0,0
2026-01-01 00:18:00,S0035,traffic,industrial,edge_industrial,2,26.69334698872627,40.708779999027826,0,0
2026-01-01 00:18:00,S0036,air_quality,residential,edge_residential,1,16.56689746715846,45.03600976161901,0,0
2026-01-01 00:18:00,S0037,traffic,waterfront,edge_waterfront,2,82.36311662856113,42.17999266878784,1,0
2026-01-01 00:18:00,S0038,energy,industrial,edge_industrial,1,73.03066395376723,83.49198501151243,0,0
2026-01-01 00:18:00,S0039,traffic,residential,edge_residential,2,38.07544230058064,45.162412406938614,0,0
2026-01-01 00:19:00,S0000,energy,residential,edge_residential,1,69.74095070957551,45.02797620893187,0,0
2026-01-01 00:19:00,S0001,structure,industrial,edge_industrial,2,0.2217989794810484,35.37135427474362,0,0
2026-01-01 00:19:00,S0002,energy,waterfront,edge_waterfront,1,67.21205144146518,39.607749967902556,0,0
2026-01-01 00:19:00,S0003,traffic,waterfront,edge_waterfront,2,38.86487496894375,33.58902884829011,0,0
2026-01-01 00:19:00,S0004,traffic,downtown,edge_downtown,2,42.34239777302538,41.77020843289561,0,0
2026-01-01 00:19:00,S0005,structure,residential,edge_residential,2,0.1929527575395628,31.688214009066066,0,0
2026-01-01 00:19:00,S0006,traffic,waterfront,edge_waterfront,2,31.6415938471785,49.12606657204457,0,0
2026-01-01 00:19:00,S0007,energy,waterfront,edge_waterfront,1,67.25856236671181,64.22104560566778,0,0
2026-01-01 00:19:00,S0008,energy,transit,edge_transit,1,74.28002445599869,101.53214000319109,0,0
2026-01-01 00:19:00,S0009,air_quality,transit,edge_transit,1,18.229714112584222,61.576661840483425,0,0
2026-01-01 00:19:00,S0010,traffic,downtown,edge_downtown,2,38.40473493582337,42.290894407475996,0,0
2026-01-01 00:19:00,S0011,traffic,transit,edge_transit,2,33.204429986398594,39.72078285468909,0,0
2026-01-01 00:19:00,S0012,traffic,residential,edge_residential,2,35.35304737081746,31.49518318530611,0,0
2026-01-01 00:19:00,S0013,air_quality,downtown,edge_downtown,1,19.58131956759694,62.427871085147544,0,0
2026-01-01 00:19:00,S0014,air_quality,industrial,edge_industrial,1,17.502287459193937,89.23317195153751,0,0
2026-01-01 00:19:00,S0015,air_quality,residential,edge_residential,1,21.159956132720815,85.39956779238022,0,0
2026-01-01 00:19:00,S0016,structure,transit,edge_transit,2,0.24168848563088416,36.70609626535974,0,0
2026-01-01 00:19:00,S0017,energy,residential,edge_residential,1,78.6170474730804,40.2639940709399,0,0
2026-01-01 00:19:00,S0018,energy,transit,edge_transit,1,118.56507660569457,89.18979228972404,1,0
2026-01-01 00:19:00,S0019,structure,waterfront,edge_waterfront,2,0.23304156033955992,55.84134880281526,0,0
2026-01-01 00:19:00,S0020,traffic,transit,edge_transit,2,38.85930070646385,58.780958685208894,0,0
2026-01-01 00:19:00,S0021,traffic,industrial,edge_industrial,2,32.23108297716387,43.05794249547293,0,0
2026-01-01 00:19:00,S0022,energy,transit,edge_transit,1,71.61148880515745,66.56510976748439,0,0
2026-01-01 00:19:00,S0023,traffic,residential,edge_residential,2,36.77426778686295,32.46865577647533,0,0
2026-01-01 00:19:00,S0024,traffic,downtown,edge_downtown,2,30.739235518363582,43.317488177610244,0,0
2026-01-01 00:19:00,S0025,air_quality,downtown,edge_downtown,1,15.934269528545954,66.05117173711429,0,0
2026-01-01 00:19:00,S0026,air_quality,transit,edge_transit,1,14.035861739439433,97.96965021607966,0,0
2026-01-01 00:19:00,S0027,structure,industrial,edge_industrial,2,0.3324139162733714,19.177005192390716,0,0
2026-01-01 00:19:00,S0028,energy,residential,edge_residential,1,75.68824229277058,62.33093834978598,0,0
2026-01-01 00:19:00,S0029,air_quality,industrial,edge_industrial,1,20.92919643657729,25.294252155511003,0,0
2026-01-01 00:19:00,S0030,air_quality,industrial,edge_industrial,1,16.944887982476487,40.19318643483974,0,0
2026-01-01 00:19:00,S0031,traffic,downtown,edge_downtown,2,36.56290213006185,28.12124619859446,0,0
2026-01-01 00:19:00,S0032,traffic,industrial,edge_industrial,2,39.963343796605066,45.185422465430115,0,0
2026-01-01 00:19:00,S0033,traffic,waterfront,edge_waterfront,2,38.1108655294796,54.3388596004314,0,0
2026-01-01 00:19:00,S0034,energy,residential,edge_residential,1,70.56227004134317,57.8807799676773,0,0
2026-01-01 00:19:00,S0035,traffic,industrial,edge_industrial,2,37.022737258075864,45.34814751566539,0,0
2026-01-01 00:19:00,S0036,air_quality,residential,edge_residential,1,21.088849297681186,69.9641969111309,0,0
2026-01-01 00:19:00,S0037,traffic,waterfront,edge_waterfront,2,41.400742368968025,24.91347255703981,0,0
2026-01-01 00:19:00,S0038,energy,industrial,edge_industrial,1,77.11738254777838,51.33440526535108,0,0
2026-01-01 00:19:00,S0039,traffic,residential,edge_residential,2,24.922255971913067,42.82130783695672,0,0
2026-01-01 00:20:00,S0000,energy,residential,edge_residential,1,80.44851254395184,58.67868257000373,0,0
2026-01-01 00:20:00,S0001,structure,industrial,edge_industrial,2,0.2816191764211532,35.787291581127526,0,0
2026-01-01 00:20:00,S0002,energy,waterfront,edge_waterfront,1,59.15112921100899,86.46163483558597,0,0
2026-01-01 00:20:00,S0003,traffic,waterfront,edge_waterfront,2,35.0921882041044,59.645485588642416,0,0
2026-01-01 00:20:00,S0004,traffic,downtown,edge_downtown,2,31.53144303441345,43.113256222979004,0,0
2026-01-01 00:20:00,S0005,structure,residential,edge_residential,2,0.2747589045166295,39.942209674829876,0,0
2026-01-01 00:20:00,S0006,traffic,waterfront,edge_waterfront,2,32.04592082324654,43.76909940114867,0,0
2026-01-01 00:20:00,S0007,energy,waterfront,edge_waterfront,1,82.80891920693183,105.0070334953252,0,0
2026-01-01 00:20:00,S0008,energy,transit,edge_transit,1,70.24576297145917,69.32068757780291,0,0
2026-01-01 00:20:00,S0009,air_quality,transit,edge_transit,1,40.64474447382647,25.412264004375956,1,0
2026-01-01 00:20:00,S0010,traffic,downtown,edge_downtown,2,31.91284501935879,28.842020227341546,0,0
2026-01-01 00:20:00,S0011,traffic,transit,edge_transit,2,40.91884446629797,36.335579898019596,0,0
2026-01-01 00:20:00,S0012,traffic,residential,edge_residential,2,37.80722856191915,66.74551621524016,0,0
2026-01-01 00:20:00,S0013,air_quality,downtown,edge_downtown,1,17.324765521814005,74.3472476118649,0,0
2026-01-01 00:20:00,S0014,air_quality,industrial,edge_industrial,1,18.14177267881259,83.53523756660944,0,0
2026-01-01 00:20:00,S0015,air_quality,residential,edge_residential,1,17.744787374994168,55.682617224339026,0,0
2026-01-01 00:20:00,S0016,structure,transit,edge_transit,2,0.2508829024090532,50.19308754321229,0,0
2026-01-01 00:20:00,S0017,energy,residential,edge_residential,1,67.55893632163341,45.26638495056187,0,0
2026-01-01 00:20:00,S0018,energy,transit,edge_transit,1,70.95077755006217,46.82550514404875,0,0
2026-01-01 00:20:00,S0019,structure,waterfront,edge_waterfront,2,0.24509438646312032,41.99000459600182,0,0
2026-01-01 00:20:00,S0020,traffic,transit,edge_transit,2,33.829889991473024,30.164258084056506,0,0
2026-01-01 00:20:00,S0021,traffic,industrial,edge_industrial,2,53.16614656237705,45.89838733845563,1,0
2026-01-01 00:20:00,S0022,energy,transit,edge_transit,1,65.28977630383523,117.27828307128945,0,0
2026-01-01 00:20:00,S0023,traffic,residential,edge_residential,2,40.0971358355137,41.2376058857766,0,0
2026-01-01 00:20:00,S0024,traffic,downtown,edge_downtown,2,33.92721790574646,45.38070994633,0,0
2026-01-01 00:20:00,S0025,air_quality,downtown,edge_downtown,1,22.590639871449607,49.28019145991439,0,0
2026-01-01 00:20:00,S0026,air_quality,transit,edge_transit,1,14.837642996678575,48.10626208679426,0,0
2026-01-01 00:20:00,S0027,structure,industrial,edge_industrial,2,0.261247620799072,30.251342171123188,0,0
2026-01-01 00:20:00,S0028,energy,residential,edge_residential,1,69.00497987582168,53.75652460210668,0,0
2026-01-01 00:20:00,S0029,air_quality,industrial,edge_industrial,1,17.53986141196363,62.21404869787859,0,0
2026-01-01 00:20:00,S0030,air_quality,industrial,edge_industrial,1,12.4899180469007,86.65364059838453,0,0
2026-01-01 00:20:00,S0031,traffic,downtown,edge_downtown,2,36.505235009394156,35.86273404080142,0,0
2026-01-01 00:20:00,S0032,traffic,industrial,edge_industrial,2,28.569912154467268,44.6218420970048,0,0
2026-01-01 00:20:00,S0033,traffic,waterfront,edge_waterfront,2,36.15539211518794,33.393162947722175,0,0
2026-01-01 00:20:00,S0034,energy,residential,edge_residential,1,66.63336756997951,70.0415948358198,0,0
2026-01-01 00:20:00,S0035,traffic,industrial,edge_industrial,2,71.37048281661576,28.26813443154679,1,0
2026-01-01 00:20:00,S0036,air_quality,residential,edge_residential,1,21.279192522298924,56.49702208674479,0,0
2026-01-01 00:20:00,S0037,traffic,waterfront,edge_waterfront,2,31.02507935351992,46.43023228867482,0,0
2026-01-01 00:20:00,S0038,energy,industrial,edge_industrial,1,66.33587946594685,84.94667948861127,0,0
2026-01-01 00:20:00,S0039,traffic,residential,edge_residential,2,29.240652448541454,25.511945163303448,0,0
2026-01-01 00:21:00,S0000,energy,residential,edge_residential,1,68.80437462451383,39.16544951602553,0,0
2026-01-01 00:21:00,S0001,structure,industrial,edge_industrial,2,0.23050830873839653,31.438332029575275,0,0
2026-01-01 00:21:00,S0002,energy,waterfront,edge_waterfront,1,105.29675425950695,50.11002718375245,1,0
2026-01-01 00:21:00,S0003,traffic,waterfront,edge_waterfront,2,37.39679817620969,30.27074543177657,0,0
2026-01-01 00:21:00,S0004,traffic,downtown,edge_downtown,2,38.41918495134564,45.55624698474772,0,0
2026-01-01 00:21:00,S0005,structure,residential,edge_residential,2,0.2529826143832157,24.146380232951426,0,0
2026-01-01 00:21:00,S0006,traffic,waterfront,edge_waterfront,2,33.278135424953895,30.20011158624814,0,0
2026-01-01 00:21:00,S0007,energy,waterfront,edge_waterfront,1,68.81292346261483,82.2688898657012,0,0
2026-01-01 00:21:00,S0008,energy,transit,edge_transit,1,69.60357304114741,86.52839710177975,0,0
2026-01-01 00:21:00,S0009,air_quality,transit,edge_transit,1,20.70040034711706,57.30103319009508,0,0
2026-01-01 00:21:00,S0010,traffic,downtown,edge_downtown,2,31.38260302637503,51.18097250139275,0,0
2026-01-01 00:21:00,S0011,traffic,transit,edge_transit,2,32.17690144792546,37.39147616007453,0,0
2026-01-01 00:21:00,S0012,traffic,residential,edge_residential,2,39.86793609702582,31.909907945460315,0,0
2026-01-01 00:21:00,S0013,air_quality,downtown,edge_downtown,1,36.28549244532358,86.03483844684209,1,0
2026-01-01 00:21:00,S0014,air_quality,industrial,edge_industrial,1,18.501764952852508,31.460123276492475,0,0
2026-01-01 00:21:00,S0015,air_quality,residential,edge_residential,1,20.213727057981792,56.95771162454568,0,0
2026-01-01 00:21:00,S0016,structure,transit,edge_transit,2,0.2704522429232135,46.4588238211897,0,0
2026-01-01 00:21:00,S0017,energy,residential,edge_residential,1,67.08430103604087,112.38764388701749,0,0
2026-01-01 00:21:00,S0018,energy,transit,edge_transit,1,63.80387818332183,70.32023085396398,0,0
2026-01-01 00:21:00,S0019,structure,waterfront,edge_waterfront,2,,42.84169363403474,0,1
2026-01-01 00:21:00,S0020,traffic,transit,edge_transit,2,39.78904009948585,39.201712279979205,0,0
2026-01-01 00:21:00,S0021,traffic,industrial,edge_industrial,2,35.20684320747175,61.299655111499476,0,0
2026-01-01 00:21:00,S0022,energy,transit,edge_transit,1,64.56045221144994,76.89446558037173,0,0
2026-01-01 00:21:00,S0023,traffic,residential,edge_residential,2,30.538518446183,40.80504395231122,0,0
2026-01-01 00:21:00,S0024,traffic,downtown,edge_downtown,2,32.81511370557461,48.391334448892316,0,0
2026-01-01 00:21:00,S0025,air_quality,downtown,edge_downtown,1,17.296213700499745,82.58137820668847,0,0
2026-01-01 00:21:00,S0026,air_quality,transit,edge_transit,1,20.18961282374344,90.27380691598142,0,0
2026-01-01 00:21:00,S0027,structure,industrial,edge_industrial,2,0.1701871335747056,42.55151706982527,0,0
2026-01-01 00:21:00,S0028,energy,residential,edge_residential,1,76.57678282087011,65.23950688437162,0,0
2026-01-01 00:21:00,S0029,air_quality,industrial,edge_industrial,1,15.670717401448613,50.60981022724361,0,0
2026-01-01 00:21:00,S0030,air_quality,industrial,edge_industrial,1,20.925117811960448,56.73240556710481,0,0
2026-01-01 00:21:00,S0031,traffic,downtown,edge_downtown,2,39.27922491298633,35.93593840281806,0,0
2026-01-01 00:21:00,S0032,traffic,industrial,edge_industrial,2,38.448247859573726,39.95499384270479,0,0
2026-01-01 00:21:00,S0033,traffic,waterfront,edge_waterfront,2,34.11921083897099,48.81429922075992,0,0
2026-01-01 00:21:00,S0034,energy,residential,edge_residential,1,70.61989790191606,73.76969874477734,0,0
2026-01-01 00:21:00,S0035,traffic,industrial,edge_industrial,2,29.165876451676752,40.54873641995675,0,0
2026-01-01 00:21:00,S0036,air_quality,residential,edge_residential,1,17.33037302578045,53.81415437415899,0,0
2026-01-01 00:21:00,S0037,traffic,waterfront,edge_waterfront,2,31.592922487039864,40.75286757604872,0,0
2026-01-01 00:21:00,S0038,energy,industrial,edge_industrial,1,65.05313696876486,74.14113793445384,0,0
2026-01-01 00:21:00,S0039,traffic,residential,edge_residential,2,43.264807406456725,38.49950940254813,0,0
2026-01-01 00:22:00,S0000,energy,residential,edge_residential,1,69.61560395761498,60.66300780221404,0,0
2026-01-01 00:22:00,S0001,structure,industrial,edge_industrial,2,0.21308310506353495,56.34076530026924,0,0
2026-01-01 00:22:00,S0002,energy,waterfront,edge_waterfront,1,,104.1363366911019,0,1
2026-01-01 00:22:00,S0003,traffic,waterfront,edge_waterfront,2,31.647557834116498,36.729695187275766,0,0
2026-01-01 00:22:00,S0004,traffic,downtown,edge_downtown,2,33.42177042856666,49.61168135435652,0,0
2026-01-01 00:22:00,S0005,structure,residential,edge_residential,2,0.24789270377539505,45.46410528296508,0,0
2026-01-01 00:22:00,S0006,traffic,waterfront,edge_waterfront,2,41.94200509131981,47.544661449304556,0,0
2026-01-01 00:22:00,S0007,energy,waterfront,edge_waterfront,1,77.03571333326258,109.71723977714097,0,0
2026-01-01 00:22:00,S0008,energy,transit,edge_transit,1,77.56927003050941,66.68979294075292,0,0
2026-01-01 00:22:00,S0009,air_quality,transit,edge_transit,1,14.33516147929242,77.3338567200544,0,0
2026-01-01 00:22:00,S0010,traffic,downtown,edge_downtown,2,31.007454342468467,41.76718425219628,0,0
2026-01-01 00:22:00,S0011,traffic,transit,edge_transit,2,34.82297469021045,41.27204237119332,0,0
2026-01-01 00:22:00,S0012,traffic,residential,edge_residential,2,72.72297959297023,29.26005144577633,1,0
2026-01-01 00:22:00,S0013,air_quality,downtown,edge_downtown,1,16.437886055491266,63.3544841664782,0,0
2026-01-01 00:22:00,S0014,air_quality,industrial,edge_industrial,1,21.472419731995846,66.93387827659087,0,0
2026-01-01 00:22:00,S0015,air_quality,residential,edge_residential,1,16.584843775766807,60.27594642881409,0,0
2026-01-01 00:22:00,S0016,structure,transit,edge_transit,2,0.24421681473747048,24.819217353337848,0,0
2026-01-01 00:22:00,S0017,energy,residential,edge_residential,1,66.50775312009384,102.67996889407691,0,0
2026-01-01 00:22:00,S0018,energy,transit,edge_transit,1,62.78423176350773,85.83487732927783,0,0
2026-01-01 00:22:00,S0019,structure,waterfront,edge_waterfront,2,0.21496097338205458,36.553032826997935,0,0
2026-01-01 00:22:00,S0020,traffic,transit,edge_transit,2,37.11471655422648,49.41272370233408,0,0
2026-01-01 00:22:00,S0021,traffic,industrial,edge_industrial,2,35.57698328684949,42.27957196601967,0,0
2026-01-01 00:22:00,S0022,energy,transit,edge_transit,1,70.58329400245094,71.44137221646656,0,0
2026-01-01 00:22:00,S0023,traffic,residential,edge_residential,2,36.60937027744868,37.49241424740906,0,0
2026-01-01 00:22:00,S0024,traffic,downtown,edge_downtown,2,45.02731781222616,54.12855424180403,0,0
2026-01-01 00:22:00,S0025,air_quality,downtown,edge_downtown,1,16.648139404889797,44.65115952770091,0,0
2026-01-01 00:22:00,S0026,air_quality,transit,edge_transit,1,19.981577070367557,71.49409551775582,0,0
2026-01-01 00:22:00,S0027,structure,industrial,edge_industrial,2,0.2949923977461899,36.89240388537858,1,0
2026-01-01 00:22:00,S0028,energy,residential,edge_residential,1,68.75340193972463,51.5769335745664,0,0
2026-01-01 00:22:00,S0029,air_quality,industrial,edge_industrial,1,19.22216555123361,36.58744394052896,0,0
2026-01-01 00:22:00,S0030,air_quality,industrial,edge_industrial,1,19.85184833382158,47.92589206698979,0,0
2026-01-01 00:22:00,S0031,traffic,downtown,edge_downtown,2,37.30042423085893,44.6454170869956,0,0
2026-01-01 00:22:00,S0032,traffic,industrial,edge_industrial,2,34.38160540934147,41.272815390050354,0,0
2026-01-01 00:22:00,S0033,traffic,waterfront,edge_waterfront,2,30.926916344128003,45.76399369048601,0,0
2026-01-01 00:22:00,S0034,energy,residential,edge_residential,1,73.50056604393414,63.74222608057187,0,0
2026-01-01 00:22:00,S0035,traffic,industrial,edge_industrial,2,37.73210007916246,34.046858663025816,0,0
2026-01-01 00:22:00,S0036,air_quality,residential,edge_residential,1,23.98552900450777,69.97685549538261,0,0
2026-01-01 00:22:00,S0037,traffic,waterfront,edge_waterfront,2,33.146176588511416,45.34583871460741,0,0
2026-01-01 00:22:00,S0038,energy,industrial,edge_industrial,1,94.18672808316505,74.54518024867993,1,0
2026-01-01 00:22:00,S0039,traffic,residential,edge_residential,2,40.046168910285594,68.90382270008124,0,0
2026-01-01 00:23:00,S0000,energy,residential,edge_residential,1,73.61835532789274,111.81766061045931,0,0
2026-01-01 00:23:00,S0001,structure,industrial,edge_industrial,2,0.2571448345255994,19.891854588257043,0,0
2026-01-01 00:23:00,S0002,energy,waterfront,edge_waterfront,1,61.4493739028022,40.545136108781804,0,0
2026-01-01 00:23:00,S0003,traffic,waterfront,edge_waterfront,2,37.56680919092905,43.96559820290787,0,0
2026-01-01 00:23:00,S0004,traffic,downtown,edge_downtown,2,28.86577000925203,35.786566543964916,0,0
2026-01-01 00:23:00,S0005,structure,residential,edge_residential,2,0.2370304756012461,27.31568203058164,0,0
2026-01-01 00:23:00,S0006,traffic,waterfront,edge_waterfront,2,28.994612352580667,29.303474097317128,0,0
2026-01-01 00:23:00,S0007,energy,waterfront,edge_waterfront,1,82.0022076984577,68.37751178912521,0,0
2026-01-01 00:23:00,S0008,energy,transit,edge_transit,1,76.91442066409192,131.1964037146137,0,0
2026-01-01 00:23:00,S0009,air_quality,transit,edge_transit,1,17.550858286647006,68.65053618917301,0,0
2026-01-01 00:23:00,S0010,traffic,downtown,edge_downtown,2,28.07342305963709,25.536043623460923,0,0
2026-01-01 00:23:00,S0011,traffic,transit,edge_transit,2,62.23131360973107,51.59103390668882,1,0
2026-01-01 00:23:00,S0012,traffic,residential,edge_residential,2,42.29157758143735,53.75539035082653,0,0
2026-01-01 00:23:00,S0013,air_quality,downtown,edge_downtown,1,21.91863389138978,87.14269101312546,0,0
2026-01-01 00:23:00,S0014,air_quality,industrial,edge_industrial,1,19.942879575922994,50.92347249071797,0,0
2026-01-01 00:23:00,S0015,air_quality,residential,edge_residential,1,42.21557481944059,48.87260622364161,1,0
2026-01-01 00:23:00,S0016,structure,transit,edge_transit,2,0.21075384032910638,16.298620165945742,0,0
2026-01-01 00:23:00,S0017,energy,residential,edge_residential,1,69.554833977008,53.80881963534023,0,0
2026-01-01 00:23:00,S0018,energy,transit,edge_transit,1,78.37247797721174,79.17535028718619,0,0
2026-01-01 00:23:00,S0019,structure,waterfront,edge_waterfront,2,0.29143151572326503,39.74639218498226,0,0
2026-01-01 00:23:00,S0020,traffic,transit,edge_transit,2,30.22113758716062,42.039366880744566,0,0
2026-01-01 00:23:00,S0021,traffic,industrial,edge_industrial,2,35.31239421303552,27.429702804013132,0,0
2026-01-01 00:23:00,S0022,energy,transit,edge_transit,1,66.16203278697523,100.14461869403097,0,0
2026-01-01 00:23:00,S0023,traffic,residential,edge_residential,2,39.69090578293493,38.06816864489796,0,0
2026-01-01 00:23:00,S0024,traffic,downtown,edge_downtown,2,30.190692351622875,50.14475580667961,0,0
2026-01-01 00:23:00,S0025,air_quality,downtown,edge_downtown,1,15.97166214677017,92.66335663010759,0,0
2026-01-01 00:23:00,S0026,air_quality,transit,edge_transit,1,26.143877943326153,67.33826043684645,0,0
2026-01-01 00:23:00,S0027,structure,industrial,edge_industrial,2,0.18108279913699332,22.586799418947365,0,0
2026-01-01 00:23:00,S0028,energy,residential,edge_residential,1,73.77998338874826,85.69758322673083,0,0
2026-01-01 00:23:00,S0029,air_quality,industrial,edge_industrial,1,15.181854838933582,74.58701512565578,0,0
2026-01-01 00:23:00,S0030,air_quality,industrial,edge_industrial,1,12.076114028251483,65.97703201841544,0,0
2026-01-01 00:23:00,S0031,traffic,downtown,edge_downtown,2,41.788176201295016,60.63893653629661,0,0
2026-01-01 00:23:00,S0032,traffic,industrial,edge_industrial,2,37.15750190496034,40.96979158147788,0,0
2026-01-01 00:23:00,S0033,traffic,waterfront,edge_waterfront,2,34.89967030303763,46.573707176011695,0,0
2026-01-01 00:23:00,S0034,energy,residential,edge_residential,1,75.04860467762356,99.33113629825455,0,0
2026-01-01 00:23:00,S0035,traffic,industrial,edge_industrial,2,30.952737272504276,43.0883810679914,0,0
2026-01-01 00:23:00,S0036,air_quality,residential,edge_residential,1,20.07840420332117,43.15603479438154,0,0
2026-01-01 00:23:00,S0037,traffic,waterfront,edge_waterfront,2,42.58026277540305,53.48614489699585,0,0
2026-01-01 00:23:00,S0038,energy,industrial,edge_industrial,1,71.08299735848749,82.58525598491221,0,0
2026-01-01 00:23:00,S0039,traffic,residential,edge_residential,2,40.64154599121552,48.710994237008144,0,0
2026-01-01 00:24:00,S0000,energy,residential,edge_residential,1,70.84330427849608,58.86828167005896,0,0
2026-01-01 00:24:00,S0001,structure,industrial,edge_industrial,2,0.2808320197955157,41.61984625777722,0,0
2026-01-01 00:24:00,S0002,energy,waterfront,edge_waterfront,1,75.69693595178244,59.92436432272177,0,0
2026-01-01 00:24:00,S0003,traffic,waterfront,edge_waterfront,2,31.476285243539653,28.320693496388273,0,0
2026-01-01 00:24:00,S0004,traffic,downtown,edge_downtown,2,71.5456264625572,40.88410836726466,1,0
2026-01-01 00:24:00,S0005,structure,residential,edge_residential,2,0.23986346242426715,26.041021656233337,0,0
2026-01-01 00:24:00,S0006,traffic,waterfront,edge_waterfront,2,45.225097322576914,44.17016799103219,1,0
2026-01-01 00:24:00,S0007,energy,waterfront,edge_waterfront,1,68.03470372211903,91.02077170275217,0,0
2026-01-01 00:24:00,S0008,energy,transit,edge_transit,1,70.35180274866313,101.31070847928362,0,0
2026-01-01 00:24:00,S0009,air_quality,transit,edge_transit,1,16.168369543282818,40.362171911419864,0,0
2026-01-01 00:24:00,S0010,traffic,downtown,edge_downtown,2,33.433066075678255,34.43560161702981,0,0
2026-01-01 00:24:00,S0011,traffic,transit,edge_transit,2,32.06658521176058,48.07312682274174,0,0
2026-01-01 00:24:00,S0012,traffic,residential,edge_residential,2,30.310922196799318,48.52690086030818,0,0
2026-01-01 00:24:00,S0013,air_quality,downtown,edge_downtown,1,15.728763674324615,51.08781952857566,0,0
2026-01-01 00:24:00,S0014,air_quality,industrial,edge_industrial,1,31.717155714702205,60.653838469885564,1,0
2026-01-01 00:24:00,S0015,air_quality,residential,edge_residential,1,18.56042561116803,51.033795749570295,0,0
2026-01-01 00:24:00,S0016,structure,transit,edge_transit,2,0.24411765968463225,34.000868806628155,0,0
2026-01-01 00:24:00,S0017,energy,residential,edge_residential,1,72.25532044852592,82.37734240387739,0,0
2026-01-01 00:24:00,S0018,energy,transit,edge_transit,1,64.06585670022022,102.54794167054979,0,0
2026-01-01 00:24:00,S0019,structure,waterfront,edge_waterfront,2,0.3325025201434382,35.02158027676228,0,0
2026-01-01 00:24:00,S0020,traffic,transit,edge_transit,2,38.14073426133563,36.871162428949106,0,0
2026-01-01 00:24:00,S0021,traffic,industrial,edge_industrial,2,20.308966699580203,46.379698992165544,0,0
2026-01-01 00:24:00,S0022,energy,transit,edge_transit,1,71.36479041817607,53.75174637071159,0,0
2026-01-01 00:24:00,S0023,traffic,residential,edge_residential,2,34.2583996664835,38.870588483415354,0,0
2026-01-01 00:24:00,S0024,traffic,downtown,edge_downtown,2,37.463096847890974,41.84242266316797,0,0
2026-01-01 00:24:00,S0025,air_quality,downtown,edge_downtown,1,15.32762943832445,58.7001556606307,0,0
2026-01-01 00:24:00,S0026,air_quality,transit,edge_transit,1,17.590372263947877,66.17764876278395,0,0
2026-01-01 00:24:00,S0027,structure,industrial,edge_industrial,2,0.2326527797502919,32.62066913648259,0,0
2026-01-01 00:24:00,S0028,energy,residential,edge_residential,1,70.78608964804627,117.49024424856373,0,0
2026-01-01 00:24:00,S0029,air_quality,industrial,edge_industrial,1,20.587876853799457,64.48349617242981,0,0
2026-01-01 00:24:00,S0030,air_quality,industrial,edge_industrial,1,20.065640567020615,51.692095373900166,0,0
2026-01-01 00:24:00,S0031,traffic,downtown,edge_downtown,2,34.30988924240338,38.35841345689124,0,0
2026-01-01 00:24:00,S0032,traffic,industrial,edge_industrial,2,27.79853073173686,33.37042435297812,0,0
2026-01-01 00:24:00,S0033,traffic,waterfront,edge_waterfront,2,33.42267685905547,39.91127702420566,0,0
2026-01-01 00:24:00,S0034,energy,residential,edge_residential,1,75.2423905326798,81.69500853111256,0,0
2026-01-01 00:24:00,S0035,traffic,industrial,edge_industrial,2,32.485661109576874,33.75857898754403,0,0
2026-01-01 00:24:00,S0036,air_quality,residential,edge_residential,1,22.90731093619437,71.97539075883162,0,0
2026-01-01 00:24:00,S0037,traffic,waterfront,edge_waterfront,2,31.40636150117701,30.527973150030764,0,0
2026-01-01 00:24:00,S0038,energy,industrial,edge_industrial,1,124.37363612189866,53.78906455611969,1,0
2026-01-01 00:24:00,S0039,traffic,residential,edge_residential,2,40.89759429161758,24.563790086272267,0,0
2026-01-01 00:25:00,S0000,energy,residential,edge_residential,1,70.44929775498514,93.02810349800367,0,0
2026-01-01 00:25:00,S0001,structure,industrial,edge_industrial,2,0.22464726493876885,41.14948256602031,0,0
2026-01-01 00:25:00,S0002,energy,waterfront,edge_waterfront,1,76.8341516310708,46.522416705866,0,0
2026-01-01 00:25:00,S0003,traffic,waterfront,edge_waterfront,2,39.77263150712919,47.456859413485624,0,0
2026-01-01 00:25:00,S0004,traffic,downtown,edge_downtown,2,22.300178781502225,25.110722948124195,0,0
2026-01-01 00:25:00,S0005,structure,residential,edge_residential,2,0.29416614683381076,34.752169462272875,0,0
2026-01-01 00:25:00,S0006,traffic,waterfront,edge_waterfront,2,,42.770660557901834,0,1
2026-01-01 00:25:00,S0007,energy,waterfront,edge_waterfront,1,72.18887527123101,87.37335561066983,0,0
2026-01-01 00:25:00,S0008,energy,transit,edge_transit,1,66.70081397625337,117.26723361489039,0,0
2026-01-01 00:25:00,S0009,air_quality,transit,edge_transit,1,22.099954249987743,60.01712463131188,0,0
2026-01-01 00:25:00,S0010,traffic,downtown,edge_downtown,2,31.21967366361727,61.78603724455738,0,0
2026-01-01 00:25:00,S0011,traffic,transit,edge_transit,2,32.98353520660769,42.25379870204744,0,0
2026-01-01 00:25:00,S0012,traffic,residential,edge_residential,2,39.91559618687459,42.33207925030538,0,0
2026-01-01 00:25:00,S0013,air_quality,downtown,edge_downtown,1,19.456498993894744,71.86694775754418,0,0
2026-01-01 00:25:00,S0014,air_quality,industrial,edge_industrial,1,22.34090705173323,39.29735187422775,0,0
2026-01-01 00:25:00,S0015,air_quality,residential,edge_residential,1,18.75698864854338,60.849125648684876,0,0
2026-01-01 00:25:00,S0016,structure,transit,edge_transit,2,0.2536704316316812,40.35568700323927,0,0
2026-01-01 00:25:00,S0017,energy,residential,edge_residential,1,68.62970354479947,83.7345354318632,0,0
2026-01-01 00:25:00,S0018,energy,transit,edge_transit,1,64.96499264339214,61.45855274710563,0,0
2026-01-01 00:25:00,S0019,structure,waterfront,edge_waterfront,2,0.26598642401722394,42.493025451106035,0,0
2026-01-01 00:25:00,S0020,traffic,transit,edge_transit,2,35.051993628610504,49.39171069274102,0,0
2026-01-01 00:25:00,S0021,traffic,industrial,edge_industrial,2,40.06438018865471,60.51212152436206,0,0
2026-01-01 00:25:00,S0022,energy,transit,edge_transit,1,76.56855237462419,76.40896697486284,0,0
2026-01-01 00:25:00,S0023,traffic,residential,edge_residential,2,34.76332902570707,39.306110915496646,0,0
2026-01-01 00:25:00,S0024,traffic,downtown,edge_downtown,2,38.48017156111829,40.148791895353085,0,0
2026-01-01 00:25:00,S0025,air_quality,downtown,edge_downtown,1,18.51469004915505,52.325996020224125,0,0
2026-01-01 00:25:00,S0026,air_quality,transit,edge_transit,1,17.514483973652432,47.542264294537475,0,0
2026-01-01 00:25:00,S0027,structure,industrial,edge_industrial,2,0.2829004521056179,33.134384690788494,0,0
2026-01-01 00:25:00,S0028,energy,residential,edge_residential,1,67.36467639987264,93.39215810177217,0,0
2026-01-01 00:25:00,S0029,air_quality,industrial,edge_industrial,1,16.66354561181479,71.465805521112,0,0
2026-01-01 00:25:00,S0030,air_quality,industrial,edge_industrial,1,21.071032832794252,55.770887025661224,0,0
2026-01-01 00:25:00,S0031,traffic,downtown,edge_downtown,2,,57.69756320949946,0,1
2026-01-01 00:25:00,S0032,traffic,industrial,edge_industrial,2,37.513922365101976,39.77132500176873,0,0
2026-01-01 00:25:00,S0033,traffic,waterfront,edge_waterfront,2,23.84242652384437,50.170429409437176,0,0
2026-01-01 00:25:00,S0034,energy,residential,edge_residential,1,78.58939374159586,72.72578918624693,0,0
2026-01-01 00:25:00,S0035,traffic,industrial,edge_industrial,2,32.55298749791318,42.82843904632281,0,0
2026-01-01 00:25:00,S0036,air_quality,residential,edge_residential,1,20.057436289436723,80.90524512791022,0,0
2026-01-01 00:25:00,S0037,traffic,waterfront,edge_waterfront,2,35.20245617091068,36.61555448989847,0,0
2026-01-01 00:25:00,S0038,energy,industrial,edge_industrial,1,81.81138981803825,56.22358130564701,0,0
2026-01-01 00:25:00,S0039,traffic,residential,edge_residential,2,34.41596923976848,47.633379001586675,0,0
2026-01-01 00:26:00,S0000,energy,residential,edge_residential,1,65.01364534761227,52.5673038346973,0,0
2026-01-01 00:26:00,S0001,structure,industrial,edge_industrial,2,0.2632264137885518,32.49364611695678,0,0
2026-01-01 00:26:00,S0002,energy,waterfront,edge_waterfront,1,72.27315894107817,112.7847219817572,0,0
2026-01-01 00:26:00,S0003,traffic,waterfront,edge_waterfront,2,40.64899628691259,48.11052661117804,0,0
2026-01-01 00:26:00,S0004,traffic,downtown,edge_downtown,2,30.60305401098404,18.691487892495395,0,0
2026-01-01 00:26:00,S0005,structure,residential,edge_residential,2,0.6464422126434614,59.792394661980666,1,0
2026-01-01 00:26:00,S0006,traffic,waterfront,edge_waterfront,2,26.935207749803254,36.29940069758256,0,0
2026-01-01 00:26:00,S0007,energy,waterfront,edge_waterfront,1,67.03158338472171,76.44552951345159,0,0
2026-01-01 00:26:00,S0008,energy,transit,edge_transit,1,84.65453438540013,96.26561611778823,0,0
2026-01-01 00:26:00,S0009,air_quality,transit,edge_transit,1,18.369442400783274,68.76601339318766,0,0
2026-01-01 00:26:00,S0010,traffic,downtown,edge_downtown,2,31.558965336057316,50.58756724022889,0,0
2026-01-01 00:26:00,S0011,traffic,transit,edge_transit,2,35.233776230171635,28.14066464341203,0,0
2026-01-01 00:26:00,S0012,traffic,residential,edge_residential,2,26.396861544900503,43.46741285031909,0,0
2026-01-01 00:26:00,S0013,air_quality,downtown,edge_downtown,1,19.92753424457061,49.12379904619755,0,0
2026-01-01 00:26:00,S0014,air_quality,industrial,edge_industrial,1,15.445087931462012,93.15436802693968,0,0
2026-01-01 00:26:00,S0015,air_quality,residential,edge_residential,1,20.53655349889671,25.936195216968322,0,0
2026-01-01 00:26:00,S0016,structure,transit,edge_transit,2,0.29465196296531,28.82537234761742,0,0
2026-01-01 00:26:00,S0017,energy,residential,edge_residential,1,66.17714719038527,60.94684719493696,0,0
2026-01-01 00:26:00,S0018,energy,transit,edge_transit,1,85.60223690202338,67.91017508428101,0,0
2026-01-01 00:26:00,S0019,structure,waterfront,edge_waterfront,2,0.23142932396754964,36.29369194866867,0,0
2026-01-01 00:26:00,S0020,traffic,transit,edge_transit,2,39.75231887197183,52.45754006908281,0,0
2026-01-01 00:26:00,S0021,traffic,industrial,edge_industrial,2,34.89763281239773,62.20029644056336,0,0
2026-01-01 00:26:00,S0022,energy,transit,edge_transit,1,70.35350860207608,106.76268591199938,0,0
2026-01-01 00:26:00,S0023,traffic,residential,edge_residential,2,44.52771858800076,40.73944248560624,0,0
2026-01-01 00:26:00,S0024,traffic,downtown,edge_downtown,2,25.86462258384345,38.08393411342568,0,0
2026-01-01 00:26:00,S0025,air_quality,downtown,edge_downtown,1,17.163697260217585,60.618143479658734,0,0
2026-01-01 00:26:00,S0026,air_quality,transit,edge_transit,1,18.07661321070101,64.91776664433566,0,0
2026-01-01 00:26:00,S0027,structure,industrial,edge_industrial,2,0.2670515078670527,18.55732274317557,0,0
2026-01-01 00:26:00,S0028,energy,residential,edge_residential,1,57.96870493135702,91.379650780109,0,0
2026-01-01 00:26:00,S0029,air_quality,industrial,edge_industrial,1,21.88390690089604,41.27803593429502,0,0
2026-01-01 00:26:00,S0030,air_quality,industrial,edge_industrial,1,29.520032857361183,64.89005224320756,1,0
2026-01-01 00:26:00,S0031,traffic,downtown,edge_downtown,2,42.83331191596077,44.840194819465054,0,0
2026-01-01 00:26:00,S0032,traffic,industrial,edge_industrial,2,27.518959811506214,35.2094678665088,0,0
2026-01-01 00:26:00,S0033,traffic,waterfront,edge_waterfront,2,40.08763705596906,49.682792082251616,0,0
2026-01-01 00:26:00,S0034,energy,residential,edge_residential,1,76.39096183620282,84.81550436989289,0,0
2026-01-01 00:26:00,S0035,traffic,industrial,edge_industrial,2,39.56857219273538,61.85681012868032,0,0
2026-01-01 00:26:00,S0036,air_quality,residential,edge_residential,1,22.117090644996782,78.26111401430776,0,0
2026-01-01 00:26:00,S0037,traffic,waterfront,edge_waterfront,2,37.4209295589917,45.602913455632745,0,0
2026-01-01 00:26:00,S0038,energy,industrial,edge_industrial,1,170.25759395792497,43.30125543239925,1,0
2026-01-01 00:26:00,S0039,traffic,residential,edge_residential,2,40.47830920302488,49.52320002502211,0,0
2026-01-01 00:27:00,S0000,energy,residential,edge_residential,1,71.69393215363628,85.98240305144988,0,0
2026-01-01 00:27:00,S0001,structure,industrial,edge_industrial,2,0.24626179615965918,39.42027722106613,0,0
2026-01-01 00:27:00,S0002,energy,waterfront,edge_waterfront,1,81.76905877294676,54.220029544221475,0,0
2026-01-01 00:27:00,S0003,traffic,waterfront,edge_waterfront,2,39.56023204605428,38.389821297700486,0,0
2026-01-01 00:27:00,S0004,traffic,downtown,edge_downtown,2,37.033675119117696,21.624819216154094,0,0
2026-01-01 00:27:00,S0005,structure,residential,edge_residential,2,0.21279008127098914,32.01457153227301,0,0
2026-01-01 00:27:00,S0006,traffic,waterfront,edge_waterfront,2,33.00625252802726,33.86045746410095,0,0
2026-01-01 00:27:00,S0007,energy,waterfront,edge_waterfront,1,77.79351853730412,86.97474842999301,0,0
2026-01-01 00:27:00,S0008,energy,transit,edge_transit,1,80.70922528995335,94.50100478309145,0,0
2026-01-01 00:27:00,S0009,air_quality,transit,edge_transit,1,19.96251196736565,48.612788984878605,0,0
2026-01-01 00:27:00,S0010,traffic,downtown,edge_downtown,2,37.32064017670167,44.21204254037162,0,0
2026-01-01 00:27:00,S0011,traffic,transit,edge_transit,2,27.940604351129934,23.916630342186217,0,0
2026-01-01 00:27:00,S0012,traffic,residential,edge_residential,2,35.74634359297342,48.44533263281808,0,0
2026-01-01 00:27:00,S0013,air_quality,downtown,edge_downtown,1,18.365183209830818,70.72947285992366,0,0
2026-01-01 00:27:00,S0014,air_quality,industrial,edge_industrial,1,19.354370257334498,53.72057593996459,0,0
2026-01-01 00:27:00,S0015,air_quality,residential,edge_residential,1,17.46470263653867,97.42768362172608,0,0
2026-01-01 00:27:00,S0016,structure,transit,edge_transit,2,0.200461967836271,33.03719171703335,0,0
2026-01-01 00:27:00,S0017,energy,residential,edge_residential,1,63.728704862564854,67.65481503239572,0,0
2026-01-01 00:27:00,S0018,energy,transit,edge_transit,1,66.83821923185782,31.36130312847719,0,0
2026-01-01 00:27:00,S0019,structure,waterfront,edge_waterfront,2,0.2595275049063048,23.4364839879382,0,0
2026-01-01 00:27:00,S0020,traffic,transit,edge_transit,2,45.001148942577736,38.65937331589529,0,0
2026-01-01 00:27:00,S0021,traffic,industrial,edge_industrial,2,30.202041150169023,41.33408473506866,0,0
2026-01-01 00:27:00,S0022,energy,transit,edge_transit,1,75.15461925652234,81.15290044415141,0,0
2026-01-01 00:27:00,S0023,traffic,residential,edge_residential,2,91.98721484097629,47.36840112717407,1,0
2026-01-01 00:27:00,S0024,traffic,downtown,edge_downtown,2,26.14123049510401,42.19362446149801,0,0
2026-01-01 00:27:00,S0025,air_quality,downtown,edge_downtown,1,19.447966308243704,73.7231004352923,0,0
2026-01-01 00:27:00,S0026,air_quality,transit,edge_transit,1,14.89608962622465,66.5114632411477,0,0
2026-01-01 00:27:00,S0027,structure,industrial,edge_industrial,2,,33.35546299164578,0,1
2026-01-01 00:27:00,S0028,energy,residential,edge_residential,1,66.65555445323767,89.45157422654852,0,0
2026-01-01 00:27:00,S0029,air_quality,industrial,edge_industrial,1,19.39345857198121,68.5754438952541,0,0
2026-01-01 00:27:00,S0030,air_quality,industrial,edge_industrial,1,17.8868815639245,54.38756294503049,0,0
2026-01-01 00:27:00,S0031,traffic,downtown,edge_downtown,2,33.57098625020576,46.14114697713575,0,0
2026-01-01 00:27:00,S0032,traffic,industrial,edge_industrial,2,35.42337272169223,42.145655169132276,0,0
2026-01-01 00:27:00,S0033,traffic,waterfront,edge_waterfront,2,32.35385814560815,32.89079577465678,0,0
2026-01-01 00:27:00,S0034,energy,residential,edge_residential,1,80.14893621064672,88.42687048522694,0,0
2026-01-01 00:27:00,S0035,traffic,industrial,edge_industrial,2,31.468802503863884,63.2817053933301,0,0
2026-01-01 00:27:00,S0036,air_quality,residential,edge_residential,1,17.202487411618538,86.34696897911863,0,0
2026-01-01 00:27:00,S0037,traffic,waterfront,edge_waterfront,2,32.84129744129095,37.51221403532528,0,0
2026-01-01 00:27:00,S0038,energy,industrial,edge_industrial,1,78.36778921905463,90.32314111197704,0,0
2026-01-01 00:27:00,S0039,traffic,residential,edge_residential,2,31.579216801693683,45.72124458639222,0,0
2026-01-01 00:28:00,S0000,energy,residential,edge_residential,1,69.16655281323071,73.60532375574635,0,0
2026-01-01 00:28:00,S0001,structure,industrial,edge_industrial,2,0.36297888128679645,46.33724720261108,0,0
2026-01-01 00:28:00,S0002,energy,waterfront,edge_waterfront,1,83.05803341379193,82.27829008147923,0,0
2026-01-01 00:28:00,S0003,traffic,waterfront,edge_waterfront,2,37.58316274294238,61.518286451268,0,0
2026-01-01 00:28:00,S0004,traffic,downtown,edge_downtown,2,33.084577456195746,58.136618654528164,0,0
2026-01-01 00:28:00,S0005,structure,residential,edge_residential,2,0.31504939403284876,25.94567144152368,0,0
2026-01-01 00:28:00,S0006,traffic,waterfront,edge_waterfront,2,40.401387290326525,35.22729536120642,0,0
2026-01-01 00:28:00,S0007,energy,waterfront,edge_waterfront,1,69.92921054178983,65.8461095317157,0,0
2026-01-01 00:28:00,S0008,energy,transit,edge_transit,1,73.20034520783919,83.3533756008483,0,0
2026-01-01 00:28:00,S0009,air_quality,transit,edge_transit,1,23.057282620547213,75.39203239642116,0,0
2026-01-01 00:28:00,S0010,traffic,downtown,edge_downtown,2,28.883634250118565,52.06265121726371,0,0
2026-01-01 00:28:00,S0011,traffic,transit,edge_transit,2,32.958690157688665,61.50981136922436,0,0
2026-01-01 00:28:00,S0012,traffic,residential,edge_residential,2,29.722306122063173,60.08086391099731,0,0
2026-01-01 00:28:00,S0013,air_quality,downtown,edge_downtown,1,17.933221767194127,52.480717903825195,0,0
2026-01-01 00:28:00,S0014,air_quality,industrial,edge_industrial,1,17.514718654746698,69.47939241993427,0,0
2026-01-01 00:28:00,S0015,air_quality,residential,edge_residential,1,17.778983367959224,71.34233375553518,0,0
2026-01-01 00:28:00,S0016,structure,transit,edge_transit,2,0.2429871304562753,48.88737093801423,0,0
2026-01-01 00:28:00,S0017,energy,residential,edge_residential,1,72.62593845287765,99.25612180873414,0,0
2026-01-01 00:28:00,S0018,energy,transit,edge_transit,1,64.01921948721656,102.96547137555538,0,0
2026-01-01 00:28:00,S0019,structure,waterfront,edge_waterfront,2,0.2975204333794455,32.03441022993153,0,0
2026-01-01 00:28:00,S0020,traffic,transit,edge_transit,2,34.25605414488389,50.614525658517366,0,0
2026-01-01 00:28:00,S0021,traffic,industrial,edge_industrial,2,44.40143261114906,43.559958726068736,0,0
2026-01-01 00:28:00,S0022,energy,transit,edge_transit,1,82.10527531995952,87.79137407509168,0,0
2026-01-01 00:28:00,S0023,traffic,residential,edge_residential,2,46.76780958919743,37.08009725708745,0,0
2026-01-01 00:28:00,S0024,traffic,downtown,edge_downtown,2,38.693030942665125,26.46030315814259,0,0
2026-01-01 00:28:00,S0025,air_quality,downtown,edge_downtown,1,17.481137977305806,82.75584658092507,0,0
2026-01-01 00:28:00,S0026,air_quality,transit,edge_transit,1,20.978800502884877,58.44141261818232,0,0
2026-01-01 00:28:00,S0027,structure,industrial,edge_industrial,2,0.282827298547839,36.09314463421011,0,0
2026-01-01 00:28:00,S0028,energy,residential,edge_residential,1,67.63866090241179,73.67051599891369,0,0
2026-01-01 00:28:00,S0029,air_quality,industrial,edge_industrial,1,15.56757862577995,98.7535730997855,0,0
2026-01-01 00:28:00,S0030,air_quality,industrial,edge_industrial,1,22.307789742874444,53.95858030359902,0,0
2026-01-01 00:28:00,S0031,traffic,downtown,edge_downtown,2,29.400187853599288,42.23584153848314,0,0
2026-01-01 00:28:00,S0032,traffic,industrial,edge_industrial,2,37.00831877160149,28.486693224779085,0,0
2026-01-01 00:28:00,S0033,traffic,waterfront,edge_waterfront,2,27.636403437509625,42.29198041811812,0,0
2026-01-01 00:28:00,S0034,energy,residential,edge_residential,1,64.05189627779455,75.98753485701799,0,0
2026-01-01 00:28:00,S0035,traffic,industrial,edge_industrial,2,33.15128712019123,38.33068914617459,0,0
2026-01-01 00:28:00,S0036,air_quality,residential,edge_residential,1,18.4891013089968,64.23586433467165,0,0
2026-01-01 00:28:00,S0037,traffic,waterfront,edge_waterfront,2,39.00972896793005,37.54885409932453,0,0
2026-01-01 00:28:00,S0038,energy,industrial,edge_industrial,1,71.99610034110223,88.87664283841367,0,0
2026-01-01 00:28:00,S0039,traffic,residential,edge_residential,2,38.61265679757914,50.932288528302436,0,0
2026-01-01 00:29:00,S0000,energy,residential,edge_residential,1,78.88975119417879,78.80374428931454,0,0
2026-01-01 00:29:00,S0001,structure,industrial,edge_industrial,2,0.2216592251393022,39.45098378667691,0,0
2026-01-01 00:29:00,S0002,energy,waterfront,edge_waterfront,1,129.95864554085176,69.28414691928606,1,0
2026-01-01 00:29:00,S0003,traffic,waterfront,edge_waterfront,2,38.16996808521137,42.32126621068966,0,0
2026-01-01 00:29:00,S0004,traffic,downtown,edge_downtown,2,38.6281423279635,22.82303030439007,0,0
2026-01-01 00:29:00,S0005,structure,residential,edge_residential,2,0.20082560018911574,42.00953733043141,0,0
2026-01-01 00:29:00,S0006,traffic,waterfront,edge_waterfront,2,34.81621437386551,63.13171082515246,0,0
2026-01-01 00:29:00,S0007,energy,waterfront,edge_waterfront,1,65.61192341800619,79.32220984903539,0,0
2026-01-01 00:29:00,S0008,energy,transit,edge_transit,1,,75.39624800856849,0,1
2026-01-01 00:29:00,S0009,air_quality,transit,edge_transit,1,,51.40999520110951,0,1
2026-01-01 00:29:00,S0010,traffic,downtown,edge_downtown,2,40.60128398322795,26.398906927461127,0,0
2026-01-01 00:29:00,S0011,traffic,transit,edge_transit,2,36.02888417184805,31.882793720689783,0,0
2026-01-01 00:29:00,S0012,traffic,residential,edge_residential,2,26.20363223480539,34.59138130225689,0,0
2026-01-01 00:29:00,S0013,air_quality,downtown,edge_downtown,1,,67.82872909109054,0,1
2026-01-01 00:29:00,S0014,air_quality,industrial,edge_industrial,1,14.649503412906302,78.04786117262256,0,0
2026-01-01 00:29:00,S0015,air_quality,residential,edge_residential,1,15.317425103506487,70.02947959968887,0,0
2026-01-01 00:29:00,S0016,structure,transit,edge_transit,2,0.21408709031153716,44.69791333072602,0,0
2026-01-01 00:29:00,S0017,energy,residential,edge_residential,1,68.50982180430836,94.55072534878374,0,0
2026-01-01 00:29:00,S0018,energy,transit,edge_transit,1,66.14425051848346,93.18526063436647,0,0
2026-01-01 00:29:00,S0019,structure,waterfront,edge_waterfront,2,0.30164292889754984,41.84428356332514,0,0
2026-01-01 00:29:00,S0020,traffic,transit,edge_transit,2,43.484157146141875,38.370724708707286,0,0
2026-01-01 00:29:00,S0021,traffic,industrial,edge_industrial,2,35.067689331550284,45.374251192815805,0,0
2026-01-01 00:29:00,S0022,energy,transit,edge_transit,1,69.32574842238931,76.65858689168597,0,0
2026-01-01 00:29:00,S0023,traffic,residential,edge_residential,2,44.64129138293341,33.5962555775064,0,0
2026-01-01 00:29:00,S0024,traffic,downtown,edge_downtown,2,28.754437185312234,29.532097912264007,0,0
2026-01-01 00:29:00,S0025,air_quality,downtown,edge_downtown,1,19.847368464398976,47.053050771342136,0,0
2026-01-01 00:29:00,S0026,air_quality,transit,edge_transit,1,16.136119444063915,44.02370402621827,0,0
2026-01-01 00:29:00,S0027,structure,industrial,edge_industrial,2,0.19248448927889902,33.14928112433122,0,0
2026-01-01 00:29:00,S0028,energy,residential,edge_residential,1,68.7634172682328,49.17664927343086,0,0
2026-01-01 00:29:00,S0029,air_quality,industrial,edge_industrial,1,18.236900145829978,74.57388057492938,0,0
2026-01-01 00:29:00,S0030,air_quality,industrial,edge_industrial,1,15.024138301236249,90.147403484832,0,0
2026-01-01 00:29:00,S0031,traffic,downtown,edge_downtown,2,34.39457189197088,16.847761637567267,0,0
2026-01-01 00:29:00,S0032,traffic,industrial,edge_industrial,2,37.852282557027294,61.47378818572104,0,0
2026-01-01 00:29:00,S0033,traffic,waterfront,edge_waterfront,2,37.632676232078744,45.20739863547273,0,0
2026-01-01 00:29:00,S0034,energy,residential,edge_residential,1,65.89766455014065,77.69320858599157,0,0
2026-01-01 00:29:00,S0035,traffic,industrial,edge_industrial,2,36.42765828871011,43.03087186533396,0,0
2026-01-01 00:29:00,S0036,air_quality,residential,edge_residential,1,14.435622369897807,51.075052162735176,0,0
2026-01-01 00:29:00,S0037,traffic,waterfront,edge_waterfront,2,40.18271361393445,29.25335924690745,0,0
2026-01-01 00:29:00,S0038,energy,industrial,edge_industrial,1,84.76416720347822,58.86372870016223,0,0
2026-01-01 00:29:00,S0039,traffic,residential,edge_residential,2,35.306586712264924,54.99325400361456,0,0
2026-01-01 00:30:00,S0000,energy,residential,edge_residential,1,75.87642389950776,91.37555188735082,0,0
2026-01-01 00:30:00,S0001,structure,industrial,edge_industrial,2,0.3053685571828241,41.96459056413646,0,0
2026-01-01 00:30:00,S0002,energy,waterfront,edge_waterfront,1,78.17812374610713,44.00475191323902,0,0
2026-01-01 00:30:00,S0003,traffic,waterfront,edge_waterfront,2,21.47129426325156,44.41555266837564,0,0
2026-01-01 00:30:00,S0004,traffic,downtown,edge_downtown,2,34.37402620614929,46.95805797864907,0,0
2026-01-01 00:30:00,S0005,structure,residential,edge_residential,2,0.27923836770050997,39.8433033604616,0,0
2026-01-01 00:30:00,S0006,traffic,waterfront,edge_waterfront,2,32.43772929240513,39.58878335654987,0,0
2026-01-01 00:30:00,S0007,energy,waterfront,edge_waterfront,1,79.51326790303733,73.0749526445411,0,0
2026-01-01 00:30:00,S0008,energy,transit,edge_transit,1,74.24364383124777,92.75686239729805,0,0
2026-01-01 00:30:00,S0009,air_quality,transit,edge_transit,1,18.94682048298,59.04980204772917,0,0
2026-01-01 00:30:00,S0010,traffic,downtown,edge_downtown,2,23.595978567791754,34.42569847615228,0,0
2026-01-01 00:30:00,S0011,traffic,transit,edge_transit,2,36.15398759824857,26.094107342200004,0,0
2026-01-01 00:30:00,S0012,traffic,residential,edge_residential,2,39.55593650900598,36.18004375742866,0,0
2026-01-01 00:30:00,S0013,air_quality,downtown,edge_downtown,1,21.218419067884525,77.34942449074202,0,0
2026-01-01 00:30:00,S0014,air_quality,industrial,edge_industrial,1,15.995044476372527,74.9401373783552,0,0
2026-01-01 00:30:00,S0015,air_quality,residential,edge_residential,1,18.28600082331945,51.20195809058029,0,0
2026-01-01 00:30:00,S0016,structure,transit,edge_transit,2,0.2589407884086158,21.812237985337667,0,0
2026-01-01 00:30:00,S0017,energy,residential,edge_residential,1,66.08873555812679,98.25918079481482,0,0
2026-01-01 00:30:00,S0018,energy,transit,edge_transit,1,76.5544404891903,71.90828399248542,0,0
2026-01-01 00:30:00,S0019,structure,waterfront,edge_waterfront,2,0.19692443522147327,39.932870078934265,0,0
2026-01-01 00:30:00,S0020,traffic,transit,edge_transit,2,34.76485745842468,34.67606680309909,0,0
2026-01-01 00:30:00,S0021,traffic,industrial,edge_industrial,2,38.604088591840956,48.1098832766411,0,0
2026-01-01 00:30:00,S0022,energy,transit,edge_transit,1,80.3543853443802,88.00083834687015,0,0
2026-01-01 00:30:00,S0023,traffic,residential,edge_residential,2,33.56684315888168,47.14434357609158,0,0
2026-01-01 00:30:00,S0024,traffic,downtown,edge_downtown,2,32.94032352824656,30.268845800888677,0,0
2026-01-01 00:30:00,S0025,air_quality,downtown,edge_downtown,1,19.249623073350055,76.15711469343094,0,0
2026-01-01 00:30:00,S0026,air_quality,transit,edge_transit,1,16.456125061269518,55.46625456085333,0,0
2026-01-01 00:30:00,S0027,structure,industrial,edge_industrial,2,0.23483091343904117,33.03219313678301,0,0
2026-01-01 00:30:00,S0028,energy,residential,edge_residential,1,79.47114596942401,59.654309604060494,0,0
2026-01-01 00:30:00,S0029,air_quality,industrial,edge_industrial,1,18.290322919821854,43.64137560523427,0,0
2026-01-01 00:30:00,S0030,air_quality,industrial,edge_industrial,1,19.675669886271915,64.56695913166611,0,0
2026-01-01 00:30:00,S0031,traffic,downtown,edge_downtown,2,41.323139168254144,34.59673893770945,0,0
2026-01-01 00:30:00,S0032,traffic,industrial,edge_industrial,2,39.55190217555789,53.636977553660856,0,0
2026-01-01 00:30:00,S0033,traffic,waterfront,edge_waterfront,2,36.696759964257225,33.04964743367,0,0
2026-01-01 00:30:00,S0034,energy,residential,edge_residential,1,73.21369753182964,92.40352554155635,0,0
2026-01-01 00:30:00,S0035,traffic,industrial,edge_industrial,2,31.979040343192317,49.782893282698005,0,0
2026-01-01 00:30:00,S0036,air_quality,residential,edge_residential,1,19.225208687753703,64.12197776787599,0,0
2026-01-01 00:30:00,S0037,traffic,waterfront,edge_waterfront,2,25.11383995384586,22.522069282500283,0,0
2026-01-01 00:30:00,S0038,energy,industrial,edge_industrial,1,,56.60916449602216,0,1
2026-01-01 00:30:00,S0039,traffic,residential,edge_residential,2,28.64785088540931,64.77282956410096,0,0
2026-01-01 00:31:00,S0000,energy,residential,edge_residential,1,71.87790227604624,115.12480250632359,0,0
2026-01-01 00:31:00,S0001,structure,industrial,edge_industrial,2,0.2479079262527852,44.58266336608525,0,0
2026-01-01 00:31:00,S0002,energy,waterfront,edge_waterfront,1,74.66785122638856,73.25424009964803,0,0
2026-01-01 00:31:00,S0003,traffic,waterfront,edge_waterfront,2,39.175398813517894,31.374118937432915,0,0
2026-01-01 00:31:00,S0004,traffic,downtown,edge_downtown,2,32.60822132479926,57.51081019918232,0,0
2026-01-01 00:31:00,S0005,structure,residential,edge_residential,2,0.2600928835968663,53.15605537831753,0,0
2026-01-01 00:31:00,S0006,traffic,waterfront,edge_waterfront,2,31.29826611689755,40.18442768355297,0,0
2026-01-01 00:31:00,S0007,energy,waterfront,edge_waterfront,1,77.29419685492815,95.80940427873605,0,0
2026-01-01 00:31:00,S0008,energy,transit,edge_transit,1,73.04421663437385,83.60328358928473,0,0
2026-01-01 00:31:00,S0009,air_quality,transit,edge_transit,1,19.82195270689281,62.6530620584377,0,0
2026-01-01 00:31:00,S0010,traffic,downtown,edge_downtown,2,47.627337625883115,29.2234986671659,0,0
2026-01-01 00:31:00,S0011,traffic,transit,edge_transit,2,85.07665214895286,53.83792978988358,1,0
2026-01-01 00:31:00,S0012,traffic,residential,edge_residential,2,34.86215727717846,35.99871189497169,0,0
2026-01-01 00:31:00,S0013,air_quality,downtown,edge_downtown,1,19.81285675477046,51.6136180795213,0,0
2026-01-01 00:31:00,S0014,air_quality,industrial,edge_industrial,1,17.4400447074891,71.66266180902119,0,0
2026-01-01 00:31:00,S0015,air_quality,residential,edge_residential,1,17.424909258846963,68.40949111450786,0,0
2026-01-01 00:31:00,S0016,structure,transit,edge_transit,2,0.2270323226477306,41.08134274900234,0,0
2026-01-01 00:31:00,S0017,energy,residential,edge_residential,1,70.2234236465229,86.9125977729758,0,0
2026-01-01 00:31:00,S0018,energy,transit,edge_transit,1,67.59742479241253,44.88755133485221,0,0
2026-01-01 00:31:00,S0019,structure,waterfront,edge_waterfront,2,0.263732956602299,51.841576562768616,0,0
2026-01-01 00:31:00,S0020,traffic,transit,edge_transit,2,38.318916109916444,55.92436702524786,0,0
2026-01-01 00:31:00,S0021,traffic,industrial,edge_industrial,2,35.58242675424406,40.55743305624718,0,0
2026-01-01 00:31:00,S0022,energy,transit,edge_transit,1,67.14918777629006,95.06004208251895,0,0
2026-01-01 00:31:00,S0023,traffic,residential,edge_residential,2,31.755537446353294,35.22357747172933,0,0
2026-01-01 00:31:00,S0024,traffic,downtown,edge_downtown,2,21.603403125852967,56.80431567527711,0,0
2026-01-01 00:31:00,S0025,air_quality,downtown,edge_downtown,1,21.46911383469661,57.75218994398349,0,0
2026-01-01 00:31:00,S0026,air_quality,transit,edge_transit,1,,60.37776473407275,0,1
2026-01-01 00:31:00,S0027,structure,industrial,edge_industrial,2,0.2941215954736768,49.92817045973983,0,0
2026-01-01 00:31:00,S0028,energy,residential,edge_residential,1,65.88991770971052,98.24116900739827,0,0
2026-01-01 00:31:00,S0029,air_quality,industrial,edge_industrial,1,20.05192570097163,75.3617947382242,0,0
2026-01-01 00:31:00,S0030,air_quality,industrial,edge_industrial,1,21.155025939748892,53.81030436355489,0,0
2026-01-01 00:31:00,S0031,traffic,downtown,edge_downtown,2,36.473580029892766,39.94262270501145,0,0
2026-01-01 00:31:00,S0032,traffic,industrial,edge_industrial,2,26.730201040737814,45.65913254775411,0,0
2026-01-01 00:31:00,S0033,traffic,waterfront,edge_waterfront,2,44.00532371863288,46.30696294409522,0,0
2026-01-01 00:31:00,S0034,energy,residential,edge_residential,1,76.10525340476849,93.39741023676712,0,0
2026-01-01 00:31:00,S0035,traffic,industrial,edge_industrial,2,39.10028375501844,36.83997310630561,0,0
2026-01-01 00:31:00,S0036,air_quality,residential,edge_residential,1,15.387161412798138,55.58866636563571,0,0
2026-01-01 00:31:00,S0037,traffic,waterfront,edge_waterfront,2,43.77283387424916,41.69820056883604,0,0
2026-01-01 00:31:00,S0038,energy,industrial,edge_industrial,1,70.39886763638403,78.7956849073153,0,0
2026-01-01 00:31:00,S0039,traffic,residential,edge_residential,2,26.409083332926997,58.575032977572114,0,0
2026-01-01 00:32:00,S0000,energy,residential,edge_residential,1,76.09788265400505,83.89412699666548,0,0
2026-01-01 00:32:00,S0001,structure,industrial,edge_industrial,2,0.24493138630001976,18.695468091042798,0,0
2026-01-01 00:32:00,S0002,energy,waterfront,edge_waterfront,1,74.59751517368133,93.25470501719025,0,0
2026-01-01 00:32:00,S0003,traffic,waterfront,edge_waterfront,2,33.63082724363031,23.870646501149476,0,0
2026-01-01 00:32:00,S0004,traffic,downtown,edge_downtown,2,45.69312906120783,37.19342197464062,0,0
2026-01-01 00:32:00,S0005,structure,residential,edge_residential,2,0.30069472414520715,25.890868063830403,0,0
2026-01-01 00:32:00,S0006,traffic,waterfront,edge_waterfront,2,30.27605346720775,52.018446174913834,0,0
2026-01-01 00:32:00,S0007,energy,waterfront,edge_waterfront,1,67.01656352649013,79.11786933931432,0,0
2026-01-01 00:32:00,S0008,energy,transit,edge_transit,1,79.79355167973522,77.22821490704919,0,0
2026-01-01 00:32:00,S0009,air_quality,transit,edge_transit,1,18.117074556701663,100.59810793723898,0,0
2026-01-01 00:32:00,S0010,traffic,downtown,edge_downtown,2,27.97726250894776,34.41599493107601,0,0
2026-01-01 00:32:00,S0011,traffic,transit,edge_transit,2,46.05930508197108,26.812080226639814,0,0
2026-01-01 00:32:00,S0012,traffic,residential,edge_residential,2,39.91039999795266,41.264770486607794,0,0
2026-01-01 00:32:00,S0013,air_quality,downtown,edge_downtown,1,18.49927242492647,38.83571259273683,0,0
2026-01-01 00:32:00,S0014,air_quality,industrial,edge_industrial,1,22.827006239213336,58.62021259482783,0,0
2026-01-01 00:32:00,S0015,air_quality,residential,edge_residential,1,28.39542888472425,65.18886874078859,1,0
2026-01-01 00:32:00,S0016,structure,transit,edge_transit,2,0.1278261438983767,39.33365826643804,0,0
2026-01-01 00:32:00,S0017,energy,residential,edge_residential,1,73.72360471314732,82.83907933941039,0,0
2026-01-01 00:32:00,S0018,energy,transit,edge_transit,1,71.27292594120924,97.71276966656973,0,0
2026-01-01 00:32:00,S0019,structure,waterfront,edge_waterfront,2,0.22158998791487586,47.12886652741186,0,0
2026-01-01 00:32:00,S0020,traffic,transit,edge_transit,2,36.20687123361172,37.002950333045064,0,0
2026-01-01 00:32:00,S0021,traffic,industrial,edge_industrial,2,23.487061575533033,37.15958597424741,0,0
2026-01-01 00:32:00,S0022,energy,transit,edge_transit,1,65.3413063520861,77.69974286366032,0,0
2026-01-01 00:32:00,S0023,traffic,residential,edge_residential,2,33.80082326909138,63.956032632903515,0,0
2026-01-01 00:32:00,S0024,traffic,downtown,edge_downtown,2,29.23456422751071,44.799654191076684,0,0
2026-01-01 00:32:00,S0025,air_quality,downtown,edge_downtown,1,20.589133398191596,42.8889722494565,0,0
2026-01-01 00:32:00,S0026,air_quality,transit,edge_transit,1,17.21411149224802,61.401827949824856,0,0
2026-01-01 00:32:00,S0027,structure,industrial,edge_industrial,2,0.36028504511441956,23.965960434053596,0,0
2026-01-01 00:32:00,S0028,energy,residential,edge_residential,1,75.5516119839756,51.78000038646896,0,0
2026-01-01 00:32:00,S0029,air_quality,industrial,edge_industrial,1,15.193640213190532,66.94585109541421,0,0
2026-01-01 00:32:00,S0030,air_quality,industrial,edge_industrial,1,19.306889533522813,89.32932468906691,0,0
2026-01-01 00:32:00,S0031,traffic,downtown,edge_downtown,2,39.97440743637544,47.90100609227281,0,0
2026-01-01 00:32:00,S0032,traffic,industrial,edge_industrial,2,43.82045706979213,36.71134701063809,0,0
2026-01-01 00:32:00,S0033,traffic,waterfront,edge_waterfront,2,32.1110958031043,54.672203606563734,0,0
2026-01-01 00:32:00,S0034,energy,residential,edge_residential,1,62.589415705327546,67.15055254120729,0,0
2026-01-01 00:32:00,S0035,traffic,industrial,edge_industrial,2,31.609888026086786,42.60530480669825,0,0
2026-01-01 00:32:00,S0036,air_quality,residential,edge_residential,1,19.519116139123238,43.26649096042206,0,0
2026-01-01 00:32:00,S0037,traffic,waterfront,edge_waterfront,2,35.300552209931524,60.16494895313667,0,0
2026-01-01 00:32:00,S0038,energy,industrial,edge_industrial,1,72.28004294289231,60.54498462351926,0,0
2026-01-01 00:32:00,S0039,traffic,residential,edge_residential,2,29.454927741388,45.81276901201897,0,0
2026-01-01 00:33:00,S0000,energy,residential,edge_residential,1,70.11317201958879,82.4871790279219,0,0
2026-01-01 00:33:00,S0001,structure,industrial,edge_industrial,2,0.2788685637735408,52.0445921919806,0,0
2026-01-01 00:33:00,S0002,energy,waterfront,edge_waterfront,1,77.7590744357466,76.3146336157836,0,0
2026-01-01 00:33:00,S0003,traffic,waterfront,edge_waterfront,2,35.47580258722494,34.83218167892592,0,0
2026-01-01 00:33:00,S0004,traffic,downtown,edge_downtown,2,50.72501800055173,59.112885551934966,1,0
2026-01-01 00:33:00,S0005,structure,residential,edge_residential,2,0.26701153458714116,22.85926461280144,0,0
2026-01-01 00:33:00,S0006,traffic,waterfront,edge_waterfront,2,31.882987359941108,46.53726134486727,0,0
2026-01-01 00:33:00,S0007,energy,waterfront,edge_waterfront,1,78.94307966989763,53.61375319966745,0,0
2026-01-01 00:33:00,S0008,energy,transit,edge_transit,1,66.8913969988306,52.14727237346262,0,0
2026-01-01 00:33:00,S0009,air_quality,transit,edge_transit,1,22.027724374929367,59.207167566269234,0,0
2026-01-01 00:33:00,S0010,traffic,downtown,edge_downtown,2,37.85080332833002,39.05018374163437,0,0
2026-01-01 00:33:00,S0011,traffic,transit,edge_transit,2,38.02030729901614,49.913164498406886,0,0
2026-01-01 00:33:00,S0012,traffic,residential,edge_residential,2,27.174954354743942,42.1578130339388,0,0
2026-01-01 00:33:00,S0013,air_quality,downtown,edge_downtown,1,15.9977470337558,64.41581514218791,0,0
2026-01-01 00:33:00,S0014,air_quality,industrial,edge_industrial,1,18.93891149489098,68.5580304239369,0,0
2026-01-01 00:33:00,S0015,air_quality,residential,edge_residential,1,20.378538641290408,66.87590803612608,0,0
2026-01-01 00:33:00,S0016,structure,transit,edge_transit,2,0.28568196400049833,35.97343829172144,0,0
2026-01-01 00:33:00,S0017,energy,residential,edge_residential,1,83.58142565227683,90.42787209102174,0,0
2026-01-01 00:33:00,S0018,energy,transit,edge_transit,1,58.39237428481749,52.36768695291625,0,0
2026-01-01 00:33:00,S0019,structure,waterfront,edge_waterfront,2,0.23304047138825001,50.306280009330074,0,0
2026-01-01 00:33:00,S0020,traffic,transit,edge_transit,2,31.886030715157254,37.76924837559806,0,0
2026-01-01 00:33:00,S0021,traffic,industrial,edge_industrial,2,40.869200158670544,57.88091663160077,0,0
2026-01-01 00:33:00,S0022,energy,transit,edge_transit,1,73.19136478429198,83.17891605135777,0,0
2026-01-01 00:33:00,S0023,traffic,residential,edge_residential,2,66.07042427878604,39.546611890683884,1,0
2026-01-01 00:33:00,S0024,traffic,downtown,edge_downtown,2,33.28135511951501,52.72179991725391,0,0
2026-01-01 00:33:00,S0025,air_quality,downtown,edge_downtown,1,17.444697308191767,45.95950013485037,0,0
2026-01-01 00:33:00,S0026,air_quality,transit,edge_transit,1,19.811619109367673,41.02644878686503,0,0
2026-01-01 00:33:00,S0027,structure,industrial,edge_industrial,2,0.22214083244797225,32.193212956206665,0,0
2026-01-01 00:33:00,S0028,energy,residential,edge_residential,1,87.88915789094898,114.50984361333757,0,0
2026-01-01 00:33:00,S0029,air_quality,industrial,edge_industrial,1,20.813852100735847,53.51789644784535,0,0
2026-01-01 00:33:00,S0030,air_quality,industrial,edge_industrial,1,17.766503109765964,72.237159647177,0,0
2026-01-01 00:33:00,S0031,traffic,downtown,edge_downtown,2,34.92629366141826,33.232612548457446,0,0
2026-01-01 00:33:00,S0032,traffic,industrial,edge_industrial,2,34.19050530895921,47.570272034436805,0,0
2026-01-01 00:33:00,S0033,traffic,waterfront,edge_waterfront,2,,55.98264039822997,0,1
2026-01-01 00:33:00,S0034,energy,residential,edge_residential,1,60.154990355237544,93.5637167996196,0,0
2026-01-01 00:33:00,S0035,traffic,industrial,edge_industrial,2,33.63151282680284,35.61903439750773,0,0
2026-01-01 00:33:00,S0036,air_quality,residential,edge_residential,1,17.431863677249503,77.36819055614956,0,0
2026-01-01 00:33:00,S0037,traffic,waterfront,edge_waterfront,2,36.40814998774357,60.63271064445614,0,0
2026-01-01 00:33:00,S0038,energy,industrial,edge_industrial,1,59.53340286306176,86.13071807387121,0,0
2026-01-01 00:33:00,S0039,traffic,residential,edge_residential,2,37.70673721480772,25.470183746988383,0,0
2026-01-01 00:34:00,S0000,energy,residential,edge_residential,1,78.52989931750584,60.5326456503537,0,0
2026-01-01 00:34:00,S0001,structure,industrial,edge_industrial,2,0.2857616792362225,59.64388771602336,0,0
2026-01-01 00:34:00,S0002,energy,waterfront,edge_waterfront,1,,98.82159986849258,0,1
2026-01-01 00:34:00,S0003,traffic,waterfront,edge_waterfront,2,33.582600404435034,38.08425263513588,0,0
2026-01-01 00:34:00,S0004,traffic,downtown,edge_downtown,2,34.090786757578336,61.396396415173804,0,0
2026-01-01 00:34:00,S0005,structure,residential,edge_residential,2,0.29502440266771884,34.77181822388245,0,0
2026-01-01 00:34:00,S0006,traffic,waterfront,edge_waterfront,2,35.471812213414246,53.01354752707786,0,0
2026-01-01 00:34:00,S0007,energy,waterfront,edge_waterfront,1,73.35138451894852,73.61510699600169,0,0
2026-01-01 00:34:00,S0008,energy,transit,edge_transit,1,72.87362002483802,74.0743296699357,0,0
2026-01-01 00:34:00,S0009,air_quality,transit,edge_transit,1,20.930754353456088,55.136436698015615,0,0
2026-01-01 00:34:00,S0010,traffic,downtown,edge_downtown,2,39.52682630550116,48.55131117059407,0,0
2026-01-01 00:34:00,S0011,traffic,transit,edge_transit,2,34.14227423325132,51.8626328729761,0,0
2026-01-01 00:34:00,S0012,traffic,residential,edge_residential,2,28.979260005164704,28.574684927401584,0,0
2026-01-01 00:34:00,S0013,air_quality,downtown,edge_downtown,1,19.145116788003218,75.70031048781915,0,0
2026-01-01 00:34:00,S0014,air_quality,industrial,edge_industrial,1,18.288078319282178,61.382095987844906,0,0
2026-01-01 00:34:00,S0015,air_quality,residential,edge_residential,1,16.908947283099117,41.563601477450646,0,0
2026-01-01 00:34:00,S0016,structure,transit,edge_transit,2,0.2224187548831577,43.109268203209744,0,0
2026-01-01 00:34:00,S0017,energy,residential,edge_residential,1,81.23448272560596,77.45110824875636,0,0
2026-01-01 00:34:00,S0018,energy,transit,edge_transit,1,68.53341064360947,55.11019365098517,0,0
2026-01-01 00:34:00,S0019,structure,waterfront,edge_waterfront,2,0.26158394847601485,37.47646953196833,0,0
2026-01-01 00:34:00,S0020,traffic,transit,edge_transit,2,35.91467627987893,50.58021686101358,0,0
2026-01-01 00:34:00,S0021,traffic,industrial,edge_industrial,2,29.303574416780055,57.683808262064844,0,0
2026-01-01 00:34:00,S0022,energy,transit,edge_transit,1,71.26173503657226,86.06486452859075,0,0
2026-01-01 00:34:00,S0023,traffic,residential,edge_residential,2,18.054339132021116,62.40302006662599,0,0
2026-01-01 00:34:00,S0024,traffic,downtown,edge_downtown,2,39.99385198621176,39.7278460578817,0,0
2026-01-01 00:34:00,S0025,air_quality,downtown,edge_downtown,1,21.90204075172284,85.23928227554529,0,0
2026-01-01 00:34:00,S0026,air_quality,transit,edge_transit,1,20.437471908246206,66.7000008402151,0,0
2026-01-01 00:34:00,S0027,structure,industrial,edge_industrial,2,0.20748594397609885,48.29600050279136,0,0
2026-01-01 00:34:00,S0028,energy,residential,edge_residential,1,66.55125560121331,57.718352338725275,0,0
2026-01-01 00:34:00,S0029,air_quality,industrial,edge_industrial,1,16.33976802644541,50.91114051572208,0,0
2026-01-01 00:34:00,S0030,air_quality,industrial,edge_industrial,1,19.214888226345057,86.21851374824682,0,0
2026-01-01 00:34:00,S0031,traffic,downtown,edge_downtown,2,25.486407296355697,38.65974369473723,0,0
2026-01-01 00:34:00,S0032,traffic,industrial,edge_industrial,2,35.58591659073887,38.56699686879698,0,0
2026-01-01 00:34:00,S0033,traffic,waterfront,edge_waterfront,2,40.158602263190176,39.99710121852139,0,0
2026-01-01 00:34:00,S0034,energy,residential,edge_residential,1,77.59690473847526,45.205860508971554,0,0
2026-01-01 00:34:00,S0035,traffic,industrial,edge_industrial,2,35.16558878987107,49.93472095727573,0,0
2026-01-01 00:34:00,S0036,air_quality,residential,edge_residential,1,16.076698772070625,59.4066036821119,0,0
2026-01-01 00:34:00,S0037,traffic,waterfront,edge_waterfront,2,42.0201976114506,69.78015730446492,0,0
2026-01-01 00:34:00,S0038,energy,industrial,edge_industrial,1,73.93756212072437,92.65260822269767,0,0
2026-01-01 00:34:00,S0039,traffic,residential,edge_residential,2,36.21656892803007,25.677447213028394,0,0
2026-01-01 00:35:00,S0000,energy,residential,edge_residential,1,72.249453428819,91.66679310664665,0,0
2026-01-01 00:35:00,S0001,structure,industrial,edge_industrial,2,0.514060199607101,47.31755301030495,1,0
2026-01-01 00:35:00,S0002,energy,waterfront,edge_waterfront,1,68.72761619349862,72.76150466494246,0,0
2026-01-01 00:35:00,S0003,traffic,waterfront,edge_waterfront,2,28.04550206911345,36.677590505415814,0,0
2026-01-01 00:35:00,S0004,traffic,downtown,edge_downtown,2,29.464423053997642,51.92605396139847,0,0
2026-01-01 00:35:00,S0005,structure,residential,edge_residential,2,0.2518197055943133,41.23664694741966,0,0
2026-01-01 00:35:00,S0006,traffic,waterfront,edge_waterfront,2,40.94047432604454,29.83684661427963,0,0
2026-01-01 00:35:00,S0007,energy,waterfront,edge_waterfront,1,87.84233459291787,78.97697885020558,0,0
2026-01-01 00:35:00,S0008,energy,transit,edge_transit,1,68.11044469047062,92.75386715647288,0,0
2026-01-01 00:35:00,S0009,air_quality,transit,edge_transit,1,29.072441072927006,76.04488096300837,1,0
2026-01-01 00:35:00,S0010,traffic,downtown,edge_downtown,2,34.86783964283504,53.52590778802786,0,0
2026-01-01 00:35:00,S0011,traffic,transit,edge_transit,2,34.24752519790591,44.822913973964795,0,0
2026-01-01 00:35:00,S0012,traffic,residential,edge_residential,2,,45.195842543333384,0,1
2026-01-01 00:35:00,S0013,air_quality,downtown,edge_downtown,1,20.102312160754497,70.99364719407023,0,0
2026-01-01 00:35:00,S0014,air_quality,industrial,edge_industrial,1,18.69733095911433,28.0216512869466,0,0
2026-01-01 00:35:00,S0015,air_quality,residential,edge_residential,1,19.85054127181779,63.419433624147786,0,0
2026-01-01 00:35:00,S0016,structure,transit,edge_transit,2,0.2055681014454313,43.30467806112035,0,0
2026-01-01 00:35:00,S0017,energy,residential,edge_residential,1,66.94191639248838,114.04662589398713,0,0
2026-01-01 00:35:00,S0018,energy,transit,edge_transit,1,72.48010713484139,42.09161970717456,0,0
2026-01-01 00:35:00,S0019,structure,waterfront,edge_waterfront,2,0.27213153312806077,48.16859879451076,0,0
2026-01-01 00:35:00,S0020,traffic,transit,edge_transit,2,33.01777659393731,32.74944322497109,0,0
2026-01-01 00:35:00,S0021,traffic,industrial,edge_industrial,2,40.30334239790288,42.22010192880023,0,0
2026-01-01 00:35:00,S0022,energy,transit,edge_transit,1,63.65690407131058,43.193382822670316,0,0
2026-01-01 00:35:00,S0023,traffic,residential,edge_residential,2,35.500273528123124,44.718161558461276,0,0
2026-01-01 00:35:00,S0024,traffic,downtown,edge_downtown,2,44.44025229015914,45.51857037825259,0,0
2026-01-01 00:35:00,S0025,air_quality,downtown,edge_downtown,1,17.408556174822902,42.482349100765695,0,0
2026-01-01 00:35:00,S0026,air_quality,transit,edge_transit,1,20.56805120475144,82.8242280894422,0,0
2026-01-01 00:35:00,S0027,structure,industrial,edge_industrial,2,0.25831113536368566,38.96807419579684,0,0
2026-01-01 00:35:00,S0028,energy,residential,edge_residential,1,74.756120036324,71.91703252884518,0,0
2026-01-01 00:35:00,S0029,air_quality,industrial,edge_industrial,1,14.18473469205381,67.14066515989639,0,0
2026-01-01 00:35:00,S0030,air_quality,industrial,edge_industrial,1,19.935525564066705,54.4406503176529,0,0
2026-01-01 00:35:00,S0031,traffic,downtown,edge_downtown,2,30.455634578102874,30.854226805445844,0,0
2026-01-01 00:35:00,S0032,traffic,industrial,edge_industrial,2,40.10960544062953,53.11602595894085,0,0
2026-01-01 00:35:00,S0033,traffic,waterfront,edge_waterfront,2,32.88319006663242,11.097335413414449,0,0
2026-01-01 00:35:00,S0034,energy,residential,edge_residential,1,70.42701846898757,76.56094855661104,0,0
2026-01-01 00:35:00,S0035,traffic,industrial,edge_industrial,2,36.04944101509358,32.13236316084828,0,0
2026-01-01 00:35:00,S0036,air_quality,residential,edge_residential,1,17.713412620888,74.88259243033444,0,0
2026-01-01 00:35:00,S0037,traffic,waterfront,edge_waterfront,2,33.84955002468593,53.45693596840723,0,0
2026-01-01 00:35:00,S0038,energy,industrial,edge_industrial,1,66.10108894125764,53.66486641569282,0,0
2026-01-01 00:35:00,S0039,traffic,residential,edge_residential,2,34.49172309765729,51.47105403090184,0,0
2026-01-01 00:36:00,S0000,energy,residential,edge_residential,1,119.42256079963111,75.07855338909458,1,0
2026-01-01 00:36:00,S0001,structure,industrial,edge_industrial,2,0.26314833449194464,47.62981401092887,0,0
2026-01-01 00:36:00,S0002,energy,waterfront,edge_waterfront,1,67.38648430303145,80.13716921495116,0,0
2026-01-01 00:36:00,S0003,traffic,waterfront,edge_waterfront,2,32.30807896262481,49.53913551234081,0,0
2026-01-01 00:36:00,S0004,traffic,downtown,edge_downtown,2,31.142804916125577,66.91235357132675,0,0
2026-01-01 00:36:00,S0005,structure,residential,edge_residential,2,0.2917190288266817,41.03774453700008,0,0
2026-01-01 00:36:00,S0006,traffic,waterfront,edge_waterfront,2,39.56595498068593,31.239354710384944,0,0
2026-01-01 00:36:00,S0007,energy,waterfront,edge_waterfront,1,82.18184865051491,63.20343097553898,0,0
2026-01-01 00:36:00,S0008,energy,transit,edge_transit,1,80.71920205090196,70.73578383329559,0,0
2026-01-01 00:36:00,S0009,air_quality,transit,edge_transit,1,19.00935282907893,56.75706404492869,0,0
2026-01-01 00:36:00,S0010,traffic,downtown,edge_downtown,2,38.6711263864359,53.23053542858832,0,0
2026-01-01 00:36:00,S0011,traffic,transit,edge_transit,2,34.81747582849375,52.19414940466442,0,0
2026-01-01 00:36:00,S0012,traffic,residential,edge_residential,2,31.713028151144805,28.803871808193982,0,0
2026-01-01 00:36:00,S0013,air_quality,downtown,edge_downtown,1,18.71045047156659,52.51725349394795,0,0
2026-01-01 00:36:00,S0014,air_quality,industrial,edge_industrial,1,16.943006252869026,81.21927960203692,0,0
2026-01-01 00:36:00,S0015,air_quality,residential,edge_residential,1,22.054785636059453,34.97414151785941,0,0
2026-01-01 00:36:00,S0016,structure,transit,edge_transit,2,0.1893142953020947,60.987555861822045,0,0
2026-01-01 00:36:00,S0017,energy,residential,edge_residential,1,69.51553249515018,85.03517944240191,0,0
2026-01-01 00:36:00,S0018,energy,transit,edge_transit,1,72.61973888685004,52.078134739134924,0,0
2026-01-01 00:36:00,S0019,structure,waterfront,edge_waterfront,2,0.23950121933204385,31.191030236344453,0,0
2026-01-01 00:36:00,S0020,traffic,transit,edge_transit,2,38.11134985399487,33.1322455863973,0,0
2026-01-01 00:36:00,S0021,traffic,industrial,edge_industrial,2,34.304796075690696,36.053708340275264,0,0
2026-01-01 00:36:00,S0022,energy,transit,edge_transit,1,79.9138210525947,99.28189305553687,0,0
2026-01-01 00:36:00,S0023,traffic,residential,edge_residential,2,41.34103461147221,45.25975259999981,0,0
2026-01-01 00:36:00,S0024,traffic,downtown,edge_downtown,2,31.50951861109839,33.60955479554646,0,0
2026-01-01 00:36:00,S0025,air_quality,downtown,edge_downtown,1,16.593180072479463,54.58901777478577,0,0
2026-01-01 00:36:00,S0026,air_quality,transit,edge_transit,1,18.54854978774739,61.70558938664096,0,0
2026-01-01 00:36:00,S0027,structure,industrial,edge_industrial,2,0.25979525727976466,24.33365241039489,0,0
2026-01-01 00:36:00,S0028,energy,residential,edge_residential,1,76.6760838161058,62.790029256245305,0,0
2026-01-01 00:36:00,S0029,air_quality,industrial,edge_industrial,1,18.19307397372333,29.94879349353974,0,0
2026-01-01 00:36:00,S0030,air_quality,industrial,edge_industrial,1,20.737234154201115,61.89898764958699,0,0
2026-01-01 00:36:00,S0031,traffic,downtown,edge_downtown,2,39.31526637090511,39.66466887877281,1,0
2026-01-01 00:36:00,S0032,traffic,industrial,edge_industrial,2,44.12921550506554,43.303508431823914,0,0
2026-01-01 00:36:00,S0033,traffic,waterfront,edge_waterfront,2,40.52347337145536,50.95567906347189,0,0
2026-01-01 00:36:00,S0034,energy,residential,edge_residential,1,76.22380606349179,102.30974734556789,0,0
2026-01-01 00:36:00,S0035,traffic,industrial,edge_industrial,2,36.08236977100448,64.28440338492938,0,0
2026-01-01 00:36:00,S0036,air_quality,residential,edge_residential,1,17.313254164859085,81.40108340522217,0,0
2026-01-01 00:36:00,S0037,traffic,waterfront,edge_waterfront,2,40.94404493684451,40.90641128223386,0,0
2026-01-01 00:36:00,S0038,energy,industrial,edge_industrial,1,77.18502299395195,80.79730584256508,0,0
2026-01-01 00:36:00,S0039,traffic,residential,edge_residential,2,34.753226391211385,46.5899593966657,0,0
2026-01-01 00:37:00,S0000,energy,residential,edge_residential,1,64.66577901211647,96.64014085816859,0,0
2026-01-01 00:37:00,S0001,structure,industrial,edge_industrial,2,0.22598652116392923,24.62165371549157,0,0
2026-01-01 00:37:00,S0002,energy,waterfront,edge_waterfront,1,67.88172424388345,72.30402491960757,0,0
2026-01-01 00:37:00,S0003,traffic,waterfront,edge_waterfront,2,38.29398132394644,16.389664718709096,0,0
2026-01-01 00:37:00,S0004,traffic,downtown,edge_downtown,2,38.1357177849421,48.53869398200291,0,0
2026-01-01 00:37:00,S0005,structure,residential,edge_residential,2,0.26659713720130207,47.816145083248735,0,0
2026-01-01 00:37:00,S0006,traffic,waterfront,edge_waterfront,2,31.997958104883892,76.05443725262494,0,0
2026-01-01 00:37:00,S0007,energy,waterfront,edge_waterfront,1,69.24795734982084,106.98035839838579,0,0
2026-01-01 00:37:00,S0008,energy,transit,edge_transit,1,83.76221988166989,87.51382216389891,0,0
2026-01-01 00:37:00,S0009,air_quality,transit,edge_transit,1,18.032072746543736,67.55088937588668,0,0
2026-01-01 00:37:00,S0010,traffic,downtown,edge_downtown,2,34.33753386329762,71.0070815987251,0,0
2026-01-01 00:37:00,S0011,traffic,transit,edge_transit,2,36.913118597455856,27.920681030546778,0,0
2026-01-01 00:37:00,S0012,traffic,residential,edge_residential,2,35.36366235558952,38.77630693221717,0,0
2026-01-01 00:37:00,S0013,air_quality,downtown,edge_downtown,1,22.40578119209037,80.76111580906141,0,0
2026-01-01 00:37:00,S0014,air_quality,industrial,edge_industrial,1,19.238090863450264,54.76440781959209,0,0
2026-01-01 00:37:00,S0015,air_quality,residential,edge_residential,1,18.261029223564005,62.10300678739795,0,0
2026-01-01 00:37:00,S0016,structure,transit,edge_transit,2,0.20649601244457738,40.00282325466633,0,0
2026-01-01 00:37:00,S0017,energy,residential,edge_residential,1,60.98560596765131,91.26845329016601,0,0
2026-01-01 00:37:00,S0018,energy,transit,edge_transit,1,81.14424631617172,61.54549945435676,0,0
2026-01-01 00:37:00,S0019,structure,waterfront,edge_waterfront,2,0.3274914374974342,31.524808541183496,1,0
2026-01-01 00:37:00,S0020,traffic,transit,edge_transit,2,29.954521299174704,40.103921552623284,0,0
2026-01-01 00:37:00,S0021,traffic,industrial,edge_industrial,2,30.68395981117795,35.66046412737709,0,0
2026-01-01 00:37:00,S0022,energy,transit,edge_transit,1,77.418312611986,117.38610993695258,0,0
2026-01-01 00:37:00,S0023,traffic,residential,edge_residential,2,35.50178466470207,51.32811478157929,0,0
2026-01-01 00:37:00,S0024,traffic,downtown,edge_downtown,2,41.635811589698996,22.072129577718087,0,0
2026-01-01 00:37:00,S0025,air_quality,downtown,edge_downtown,1,21.062696242986767,65.65767350384192,0,0
2026-01-01 00:37:00,S0026,air_quality,transit,edge_transit,1,16.4385659414049,87.74578085872778,0,0
2026-01-01 00:37:00,S0027,structure,industrial,edge_industrial,2,0.28077640608441984,41.623030737575775,0,0
2026-01-01 00:37:00,S0028,energy,residential,edge_residential,1,72.53977792223182,56.11192973164513,0,0
2026-01-01 00:37:00,S0029,air_quality,industrial,edge_industrial,1,16.827688358767944,81.01798057384462,0,0
2026-01-01 00:37:00,S0030,air_quality,industrial,edge_industrial,1,22.858913732693594,72.11346774003434,0,0
2026-01-01 00:37:00,S0031,traffic,downtown,edge_downtown,2,25.32092983393099,34.66485795291347,0,0
2026-01-01 00:37:00,S0032,traffic,industrial,edge_industrial,2,31.023945718807052,41.71454865412467,0,0
2026-01-01 00:37:00,S0033,traffic,waterfront,edge_waterfront,2,37.41819728103075,51.02370716589621,0,0
2026-01-01 00:37:00,S0034,energy,residential,edge_residential,1,77.60423384549749,124.07436649792328,0,0
2026-01-01 00:37:00,S0035,traffic,industrial,edge_industrial,2,43.205359800525116,31.62525614333414,0,0
2026-01-01 00:37:00,S0036,air_quality,residential,edge_residential,1,15.773261705195418,19.451041292191107,0,0
2026-01-01 00:37:00,S0037,traffic,waterfront,edge_waterfront,2,41.310553058186926,26.054155588783658,0,0
2026-01-01 00:37:00,S0038,energy,industrial,edge_industrial,1,110.46565565966334,67.91530041144523,1,0
2026-01-01 00:37:00,S0039,traffic,residential,edge_residential,2,35.69741826316609,43.148695587654935,0,0
2026-01-01 00:38:00,S0000,energy,residential,edge_residential,1,74.55579438118075,79.12587099030054,0,0
2026-01-01 00:38:00,S0001,structure,industrial,edge_industrial,2,0.22849664948916376,36.874930499121945,0,0
2026-01-01 00:38:00,S0002,energy,waterfront,edge_waterfront,1,71.88464368283522,86.87136616866704,0,0
2026-01-01 00:38:00,S0003,traffic,waterfront,edge_waterfront,2,42.0882194693348,29.548639702601747,0,0
2026-01-01 00:38:00,S0004,traffic,downtown,edge_downtown,2,37.70933044689926,34.35100491338385,0,0
2026-01-01 00:38:00,S0005,structure,residential,edge_residential,2,0.33878896124085084,23.795349974687646,0,0
2026-01-01 00:38:00,S0006,traffic,waterfront,edge_waterfront,2,31.175540233657834,41.85635048239742,0,0
2026-01-01 00:38:00,S0007,energy,waterfront,edge_waterfront,1,70.94666877779711,88.83122518290354,0,0
2026-01-01 00:38:00,S0008,energy,transit,edge_transit,1,72.46155860008123,77.48648727053406,0,0
2026-01-01 00:38:00,S0009,air_quality,transit,edge_transit,1,18.022488143406598,27.7907815335956,0,0
2026-01-01 00:38:00,S0010,traffic,downtown,edge_downtown,2,25.930473959001795,37.87871200851689,0,0
2026-01-01 00:38:00,S0011,traffic,transit,edge_transit,2,33.408506414163874,29.64932023168238,0,0
2026-01-01 00:38:00,S0012,traffic,residential,edge_residential,2,31.922658359426336,39.41897998804408,0,0
2026-01-01 00:38:00,S0013,air_quality,downtown,edge_downtown,1,14.058297029063048,62.53116102033526,0,0
2026-01-01 00:38:00,S0014,air_quality,industrial,edge_industrial,1,18.609352586026997,56.48542724267821,0,0
2026-01-01 00:38:00,S0015,air_quality,residential,edge_residential,1,15.87102907712072,51.02876818903345,0,0
2026-01-01 00:38:00,S0016,structure,transit,edge_transit,2,0.19755076006744568,31.07060654176582,0,0
2026-01-01 00:38:00,S0017,energy,residential,edge_residential,1,61.00792658470038,78.91874361708965,0,0
2026-01-01 00:38:00,S0018,energy,transit,edge_transit,1,75.46793164494913,58.62773933611371,0,0
2026-01-01 00:38:00,S0019,structure,waterfront,edge_waterfront,2,0.24270443295495503,46.475331798318166,0,0
2026-01-01 00:38:00,S0020,traffic,transit,edge_transit,2,30.424454567436637,43.69060590882375,0,0
2026-01-01 00:38:00,S0021,traffic,industrial,edge_industrial,2,22.82184600943551,30.311158888915784,0,0
2026-01-01 00:38:00,S0022,energy,transit,edge_transit,1,66.76586410473399,97.50606831916896,0,0
2026-01-01 00:38:00,S0023,traffic,residential,edge_residential,2,36.910590520696765,46.47686419094251,0,0
2026-01-01 00:38:00,S0024,traffic,downtown,edge_downtown,2,34.55546864854803,39.464821337760846,0,0
2026-01-01 00:38:00,S0025,air_quality,downtown,edge_downtown,1,15.747322274259819,90.12133374466421,0,0
2026-01-01 00:38:00,S0026,air_quality,transit,edge_transit,1,18.61060479347374,68.83111851647756,0,0
2026-01-01 00:38:00,S0027,structure,industrial,edge_industrial,2,0.27288345900844735,13.858832753892546,0,0
2026-01-01 00:38:00,S0028,energy,residential,edge_residential,1,73.40650183503936,70.88707808377038,0,0
2026-01-01 00:38:00,S0029,air_quality,industrial,edge_industrial,1,18.90275300173832,75.93390224654362,0,0
2026-01-01 00:38:00,S0030,air_quality,industrial,edge_industrial,1,15.07576822566294,75.67974965433629,0,0
2026-01-01 00:38:00,S0031,traffic,downtown,edge_downtown,2,33.45947775613021,50.36285598482922,0,0
2026-01-01 00:38:00,S0032,traffic,industrial,edge_industrial,2,35.192408703645484,20.907883361365137,0,0
2026-01-01 00:38:00,S0033,traffic,waterfront,edge_waterfront,2,26.702003987482918,42.24838090825687,0,0
2026-01-01 00:38:00,S0034,energy,residential,edge_residential,1,75.15488688762873,95.02460699312809,0,0
2026-01-01 00:38:00,S0035,traffic,industrial,edge_industrial,2,30.801727046311274,42.058590471274734,0,0
2026-01-01 00:38:00,S0036,air_quality,residential,edge_residential,1,42.86398686780767,46.402987698774595,1,0
2026-01-01 00:38:00,S0037,traffic,waterfront,edge_waterfront,2,32.251075041376005,46.77467322425469,0,0
2026-01-01 00:38:00,S0038,energy,industrial,edge_industrial,1,67.6191627844878,96.09339148273563,0,0
2026-01-01 00:38:00,S0039,traffic,residential,edge_residential,2,43.82160209886344,58.23145583805677,0,0
2026-01-01 00:39:00,S0000,energy,residential,edge_residential,1,62.41101785353612,114.81711407619702,0,0
2026-01-01 00:39:00,S0001,structure,industrial,edge_industrial,2,,30.28558377991337,0,1
2026-01-01 00:39:00,S0002,energy,waterfront,edge_waterfront,1,63.82929754838499,117.97823599903822,0,0
2026-01-01 00:39:00,S0003,traffic,waterfront,edge_waterfront,2,31.88682751614338,22.27463795002378,0,0
2026-01-01 00:39:00,S0004,traffic,downtown,edge_downtown,2,34.89946344367334,47.503092701921865,0,0
2026-01-01 00:39:00,S0005,structure,residential,edge_residential,2,0.4738905433987133,30.026283181982215,1,0
2026-01-01 00:39:00,S0006,traffic,waterfront,edge_waterfront,2,,39.344978270043455,0,1
2026-01-01 00:39:00,S0007,energy,waterfront,edge_waterfront,1,67.5313552385043,97.41986098221923,0,0
2026-01-01 00:39:00,S0008,energy,transit,edge_transit,1,,59.27506411372295,0,1
2026-01-01 00:39:00,S0009,air_quality,transit,edge_transit,1,18.019122502485104,69.24942059475373,0,0
2026-01-01 00:39:00,S0010,traffic,downtown,edge_downtown,2,36.640598437091455,42.82011254655058,0,0
2026-01-01 00:39:00,S0011,traffic,transit,edge_transit,2,42.04244407666118,40.26107972857081,0,0
2026-01-01 00:39:00,S0012,traffic,residential,edge_residential,2,33.32651930733016,39.48272128924009,0,0
2026-01-01 00:39:00,S0013,air_quality,downtown,edge_downtown,1,25.0904944947905,79.62111278149905,0,0
2026-01-01 00:39:00,S0014,air_quality,industrial,edge_industrial,1,14.839825614858217,58.25862347909933,0,0
2026-01-01 00:39:00,S0015,air_quality,residential,edge_residential,1,24.992651530083954,55.50912211235972,0,0
2026-01-01 00:39:00,S0016,structure,transit,edge_transit,2,0.24262743215955232,33.22694100630608,0,0
2026-01-01 00:39:00,S0017,energy,residential,edge_residential,1,61.72283488101417,67.39283436328888,0,0
2026-01-01 00:39:00,S0018,energy,transit,edge_transit,1,55.26352202749425,102.1610778620906,0,0
2026-01-01 00:39:00,S0019,structure,waterfront,edge_waterfront,2,0.20943371833171665,40.2486728827779,0,0
2026-01-01 00:39:00,S0020,traffic,transit,edge_transit,2,,52.29373818246158,0,1
2026-01-01 00:39:00,S0021,traffic,industrial,edge_industrial,2,32.598280773975866,29.44795136821362,0,0
2026-01-01 00:39:00,S0022,energy,transit,edge_transit,1,71.3690885494702,85.89414994639318,0,0
2026-01-01 00:39:00,S0023,traffic,residential,edge_residential,2,34.10731787475199,40.789135035822106,0,0
2026-01-01 00:39:00,S0024,traffic,downtown,edge_downtown,2,33.44429076906209,36.88257257516148,0,0
2026-01-01 00:39:00,S0025,air_quality,downtown,edge_downtown,1,17.20063259536983,29.449909169098916,0,0
2026-01-01 00:39:00,S0026,air_quality,transit,edge_transit,1,15.869891233935858,57.02077361614718,0,0
2026-01-01 00:39:00,S0027,structure,industrial,edge_industrial,2,0.31588735456474437,32.71050168964018,0,0
2026-01-01 00:39:00,S0028,energy,residential,edge_residential,1,76.5406541049176,75.92215218854938,0,0
2026-01-01 00:39:00,S0029,air_quality,industrial,edge_industrial,1,22.602617826710567,72.74987063025348,0,0
2026-01-01 00:39:00,S0030,air_quality,industrial,edge_industrial,1,18.673645586589167,58.0479003333898,0,0
2026-01-01 00:39:00,S0031,traffic,downtown,edge_downtown,2,40.30562485655011,33.63466126001095,0,0
2026-01-01 00:39:00,S0032,traffic,industrial,edge_industrial,2,36.07362060638662,33.66773345400733,0,0
2026-01-01 00:39:00,S0033,traffic,waterfront,edge_waterfront,2,29.009476461482407,44.22104254150996,0,0
2026-01-01 00:39:00,S0034,energy,residential,edge_residential,1,67.62397591098879,89.87722178616775,0,0
2026-01-01 00:39:00,S0035,traffic,industrial,edge_industrial,2,39.70858365713708,57.824712529278514,0,0
2026-01-01 00:39:00,S0036,air_quality,residential,edge_residential,1,16.243684371216627,53.40426731245016,0,0
2026-01-01 00:39:00,S0037,traffic,waterfront,edge_waterfront,2,98.44229826174953,36.8202482358705,1,0
2026-01-01 00:39:00,S0038,energy,industrial,edge_industrial,1,78.31392394765814,41.070617686227536,0,0
2026-01-01 00:39:00,S0039,traffic,residential,edge_residential,2,33.53389480787791,31.49435660173554,0,0
2026-01-01 00:40:00,S0000,energy,residential,edge_residential,1,60.39274899536436,40.34166993725068,0,0
2026-01-01 00:40:00,S0001,structure,industrial,edge_industrial,2,0.27323873892455774,32.42165452676916,0,0
2026-01-01 00:40:00,S0002,energy,waterfront,edge_waterfront,1,66.33035840306566,87.24481179435347,0,0
2026-01-01 00:40:00,S0003,traffic,waterfront,edge_waterfront,2,30.481651831618727,55.5593029219301,0,0
2026-01-01 00:40:00,S0004,traffic,downtown,edge_downtown,2,31.38883560294755,37.37247681687276,0,0
2026-01-01 00:40:00,S0005,structure,residential,edge_residential,2,0.3006174750454497,36.48549890592105,0,0
2026-01-01 00:40:00,S0006,traffic,waterfront,edge_waterfront,2,25.815164092648992,43.91467811161341,0,0
2026-01-01 00:40:00,S0007,energy,waterfront,edge_waterfront,1,73.37976910623345,65.92432180820174,0,0
2026-01-01 00:40:00,S0008,energy,transit,edge_transit,1,81.57734396040627,61.89952231462449,0,0
2026-01-01 00:40:00,S0009,air_quality,transit,edge_transit,1,14.781508292200803,64.09059761944883,0,0
2026-01-01 00:40:00,S0010,traffic,downtown,edge_downtown,2,91.08182437724965,48.315389886461865,1,0
2026-01-01 00:40:00,S0011,traffic,transit,edge_transit,2,29.546519161692004,42.22252136766283,0,0
2026-01-01 00:40:00,S0012,traffic,residential,edge_residential,2,29.3446610014122,57.542013783558204,0,0
2026-01-01 00:40:00,S0013,air_quality,downtown,edge_downtown,1,18.41870574760316,52.904570815920344,0,0
2026-01-01 00:40:00,S0014,air_quality,industrial,edge_industrial,1,30.972059008445914,42.379780501881086,1,0
2026-01-01 00:40:00,S0015,air_quality,residential,edge_residential,1,20.23777544852555,60.04632603723961,0,0
2026-01-01 00:40:00,S0016,structure,transit,edge_transit,2,0.25399010976189373,44.55485739253099,0,0
2026-01-01 00:40:00,S0017,energy,residential,edge_residential,1,77.52579718901787,79.64798403331292,0,0
2026-01-01 00:40:00,S0018,energy,transit,edge_transit,1,62.84362978196823,94.48005636647616,0,0
2026-01-01 00:40:00,S0019,structure,waterfront,edge_waterfront,2,0.3203565352469281,30.385408818568017,0,0
2026-01-01 00:40:00,S0020,traffic,transit,edge_transit,2,37.97201506801846,40.83904785642291,0,0
2026-01-01 00:40:00,S0021,traffic,industrial,edge_industrial,2,29.953195559544213,39.21616297244276,0,0
2026-01-01 00:40:00,S0022,energy,transit,edge_transit,1,72.13005222057829,73.85737302834085,0,0
2026-01-01 00:40:00,S0023,traffic,residential,edge_residential,2,26.861106102296347,38.6127977124241,0,0
2026-01-01 00:40:00,S0024,traffic,downtown,edge_downtown,2,33.5205124240962,35.662931884515245,0,0
2026-01-01 00:40:00,S0025,air_quality,downtown,edge_downtown,1,15.117043849475255,67.46429836782511,0,0
2026-01-01 00:40:00,S0026,air_quality,transit,edge_transit,1,14.818677760066398,47.838569498741435,0,0
2026-01-01 00:40:00,S0027,structure,industrial,edge_industrial,2,0.3274787761985427,42.76295710634022,0,0
2026-01-01 00:40:00,S0028,energy,residential,edge_residential,1,155.80525964547843,74.76885543575295,1,0
2026-01-01 00:40:00,S0029,air_quality,industrial,edge_industrial,1,18.482819108365877,76.16166367966585,0,0
2026-01-01 00:40:00,S0030,air_quality,industrial,edge_industrial,1,18.50942593793246,96.59810135176615,0,0
2026-01-01 00:40:00,S0031,traffic,downtown,edge_downtown,2,,32.38432672897626,0,1
2026-01-01 00:40:00,S0032,traffic,industrial,edge_industrial,2,41.974488567521114,44.8846286487846,0,0
2026-01-01 00:40:00,S0033,traffic,waterfront,edge_waterfront,2,28.49030767683528,37.322317323610214,0,0
2026-01-01 00:40:00,S0034,energy,residential,edge_residential,1,77.92643095921767,130.47250286779536,0,0
2026-01-01 00:40:00,S0035,traffic,industrial,edge_industrial,2,47.259576995178435,46.774113420414764,0,0
2026-01-01 00:40:00,S0036,air_quality,residential,edge_residential,1,21.881468716606463,67.01883154460253,0,0
2026-01-01 00:40:00,S0037,traffic,waterfront,edge_waterfront,2,41.701829470941234,38.43847760868975,0,0
2026-01-01 00:40:00,S0038,energy,industrial,edge_industrial,1,65.49348847671874,101.4795954158487,0,0
2026-01-01 00:40:00,S0039,traffic,residential,edge_residential,2,30.4019145266752,30.729173769149924,0,0
2026-01-01 00:41:00,S0000,energy,residential,edge_residential,1,70.842291915839,74.06801279689851,0,0
2026-01-01 00:41:00,S0001,structure,industrial,edge_industrial,2,0.30592491576150677,47.18685063518219,0,0
2026-01-01 00:41:00,S0002,energy,waterfront,edge_waterfront,1,76.13432291647284,83.88882528160337,0,0
2026-01-01 00:41:00,S0003,traffic,waterfront,edge_waterfront,2,42.26039440604634,35.526219357923196,0,0
2026-01-01 00:41:00,S0004,traffic,downtown,edge_downtown,2,38.32769941981971,28.350958407684082,0,0
2026-01-01 00:41:00,S0005,structure,residential,edge_residential,2,0.2714412066163012,45.532850122183284,0,0
2026-01-01 00:41:00,S0006,traffic,waterfront,edge_waterfront,2,32.611764619443576,52.33108396501687,0,0
2026-01-01 00:41:00,S0007,energy,waterfront,edge_waterfront,1,72.95123029788569,73.0882362865562,0,0
2026-01-01 00:41:00,S0008,energy,transit,edge_transit,1,71.40952987261615,65.24202939250806,0,0
2026-01-01 00:41:00,S0009,air_quality,transit,edge_transit,1,19.91748256502887,43.439850650912554,0,0
2026-01-01 00:41:00,S0010,traffic,downtown,edge_downtown,2,32.082473822782866,34.38140644789734,0,0
2026-01-01 00:41:00,S0011,traffic,transit,edge_transit,2,37.84688314233457,41.38120051170532,0,0
2026-01-01 00:41:00,S0012,traffic,residential,edge_residential,2,41.36697047797177,59.167729477707724,0,0
2026-01-01 00:41:00,S0013,air_quality,downtown,edge_downtown,1,16.04866984349081,74.34169046554545,0,0
2026-01-01 00:41:00,S0014,air_quality,industrial,edge_industrial,1,27.17101060792728,45.257808069636035,0,0
2026-01-01 00:41:00,S0015,air_quality,residential,edge_residential,1,20.63482068502048,78.7510316943097,0,0
2026-01-01 00:41:00,S0016,structure,transit,edge_transit,2,0.2452453839051414,55.85578067322051,0,0
2026-01-01 00:41:00,S0017,energy,residential,edge_residential,1,71.51926120133876,74.14640680734452,0,0
2026-01-01 00:41:00,S0018,energy,transit,edge_transit,1,67.30277529258031,81.76722445158066,0,0
2026-01-01 00:41:00,S0019,structure,waterfront,edge_waterfront,2,0.18833319282840666,47.04878932968261,0,0
2026-01-01 00:41:00,S0020,traffic,transit,edge_transit,2,38.12687612553454,36.103655037281065,0,0
2026-01-01 00:41:00,S0021,traffic,industrial,edge_industrial,2,35.094551197100074,34.64851562941949,0,0
2026-01-01 00:41:00,S0022,energy,transit,edge_transit,1,65.38536759322866,88.45565970224966,0,0
2026-01-01 00:41:00,S0023,traffic,residential,edge_residential,2,40.04389809429481,32.71150682664642,0,0
2026-01-01 00:41:00,S0024,traffic,downtown,edge_downtown,2,33.43699424370969,27.725035318479154,0,0
2026-01-01 00:41:00,S0025,air_quality,downtown,edge_downtown,1,15.202231552329486,67.73310805252247,0,0
2026-01-01 00:41:00,S0026,air_quality,transit,edge_transit,1,14.69477365139267,44.474376356043976,0,0
2026-01-01 00:41:00,S0027,structure,industrial,edge_industrial,2,0.2781328273989248,24.672995224331913,0,0
2026-01-01 00:41:00,S0028,energy,residential,edge_residential,1,68.40924697188909,88.3891160140663,0,0
2026-01-01 00:41:00,S0029,air_quality,industrial,edge_industrial,1,22.96901398573302,84.46457713106585,0,0
2026-01-01 00:41:00,S0030,air_quality,industrial,edge_industrial,1,22.85823570118064,46.52936476073383,0,0
2026-01-01 00:41:00,S0031,traffic,downtown,edge_downtown,2,84.74576764105258,41.23720839033424,1,0
2026-01-01 00:41:00,S0032,traffic,industrial,edge_industrial,2,36.98418868593822,29.502176835320682,0,0
2026-01-01 00:41:00,S0033,traffic,waterfront,edge_waterfront,2,41.36141958782389,33.993935298538766,0,0
2026-01-01 00:41:00,S0034,energy,residential,edge_residential,1,70.38381953604643,112.22790877953037,0,0
2026-01-01 00:41:00,S0035,traffic,industrial,edge_industrial,2,37.54563556878357,17.492297168708344,0,0
2026-01-01 00:41:00,S0036,air_quality,residential,edge_residential,1,22.39404119863129,49.706343977602415,0,0
2026-01-01 00:41:00,S0037,traffic,waterfront,edge_waterfront,2,33.341725709271884,28.78684694105136,0,0
2026-01-01 00:41:00,S0038,energy,industrial,edge_industrial,1,67.13827536087163,74.54473186918719,0,0
2026-01-01 00:41:00,S0039,traffic,residential,edge_residential,2,34.30324322308444,35.41336945626978,0,0
2026-01-01 00:42:00,S0000,energy,residential,edge_residential,1,67.33396723679064,97.62963277602519,0,0
2026-01-01 00:42:00,S0001,structure,industrial,edge_industrial,2,0.26674023660301505,30.362944421216497,0,0
2026-01-01 00:42:00,S0002,energy,waterfront,edge_waterfront,1,72.30775659124339,67.63170679129514,0,0
2026-01-01 00:42:00,S0003,traffic,waterfront,edge_waterfront,2,30.58881364042196,36.053978837411094,0,0
2026-01-01 00:42:00,S0004,traffic,downtown,edge_downtown,2,26.374138760161628,28.640389996349892,0,0
2026-01-01 00:42:00,S0005,structure,residential,edge_residential,2,0.25992900960534715,42.145925052638354,0,0
2026-01-01 00:42:00,S0006,traffic,waterfront,edge_waterfront,2,33.17165264849797,30.224488602351236,0,0
2026-01-01 00:42:00,S0007,energy,waterfront,edge_waterfront,1,76.95858178066828,100.66822247698656,0,0
2026-01-01 00:42:00,S0008,energy,transit,edge_transit,1,,74.4801931934435,0,1
2026-01-01 00:42:00,S0009,air_quality,transit,edge_transit,1,21.086959049589385,86.44964202804593,0,0
2026-01-01 00:42:00,S0010,traffic,downtown,edge_downtown,2,26.253764827450883,40.01486751838117,0,0
2026-01-01 00:42:00,S0011,traffic,transit,edge_transit,2,60.12394587881025,47.049833449527476,1,0
2026-01-01 00:42:00,S0012,traffic,residential,edge_residential,2,33.427842439772434,53.312007600036495,0,0
2026-01-01 00:42:00,S0013,air_quality,downtown,edge_downtown,1,14.558259079029021,86.2486090202531,0,0
2026-01-01 00:42:00,S0014,air_quality,industrial,edge_industrial,1,20.4768727485987,35.64459745609658,0,0
2026-01-01 00:42:00,S0015,air_quality,residential,edge_residential,1,25.165516415153796,84.85844287212842,0,0
2026-01-01 00:42:00,S0016,structure,transit,edge_transit,2,0.26232337232543973,43.527825394002576,0,0
2026-01-01 00:42:00,S0017,energy,residential,edge_residential,1,136.7454653150192,64.8038637197541,1,0
2026-01-01 00:42:00,S0018,energy,transit,edge_transit,1,70.90116678739167,68.86361685887226,0,0
2026-01-01 00:42:00,S0019,structure,waterfront,edge_waterfront,2,0.27457498251243373,51.85602245473086,0,0
2026-01-01 00:42:00,S0020,traffic,transit,edge_transit,2,38.126375316648804,29.62800434528713,0,0
2026-01-01 00:42:00,S0021,traffic,industrial,edge_industrial,2,29.49794895566589,44.84409958589583,0,0
2026-01-01 00:42:00,S0022,energy,transit,edge_transit,1,74.64208441236079,120.23073280139947,0,0
2026-01-01 00:42:00,S0023,traffic,residential,edge_residential,2,33.84604176141036,32.34042439910214,0,0
2026-01-01 00:42:00,S0024,traffic,downtown,edge_downtown,2,27.190783218356334,48.08388935524789,0,0
2026-01-01 00:42:00,S0025,air_quality,downtown,edge_downtown,1,19.68554945388905,37.155155205635204,0,0
2026-01-01 00:42:00,S0026,air_quality,transit,edge_transit,1,21.273698326474296,52.573597690515285,0,0
2026-01-01 00:42:00,S0027,structure,industrial,edge_industrial,2,0.21120083510010124,43.995982058736054,0,0
2026-01-01 00:42:00,S0028,energy,residential,edge_residential,1,75.76189267623087,82.89834552973052,0,0
2026-01-01 00:42:00,S0029,air_quality,industrial,edge_industrial,1,23.886129650776088,41.34183755650808,0,0
2026-01-01 00:42:00,S0030,air_quality,industrial,edge_industrial,1,15.920223177507463,73.88708764589404,0,0
2026-01-01 00:42:00,S0031,traffic,downtown,edge_downtown,2,37.32179207775374,53.992669513810434,0,0
2026-01-01 00:42:00,S0032,traffic,industrial,edge_industrial,2,46.2480771435856,39.896972495827555,0,0
2026-01-01 00:42:00,S0033,traffic,waterfront,edge_waterfront,2,38.504035100001445,50.80439089551255,0,0
2026-01-01 00:42:00,S0034,energy,residential,edge_residential,1,77.70763254578316,85.86850608993652,0,0
2026-01-01 00:42:00,S0035,traffic,industrial,edge_industrial,2,36.080350492149776,50.184467290469065,0,0
2026-01-01 00:42:00,S0036,air_quality,residential,edge_residential,1,21.233243576289148,70.39409440052866,0,0
2026-01-01 00:42:00,S0037,traffic,waterfront,edge_waterfront,2,38.19947366965363,30.408603515448085,0,0
2026-01-01 00:42:00,S0038,energy,industrial,edge_industrial,1,60.95524589145581,80.56392895472166,0,0
2026-01-01 00:42:00,S0039,traffic,residential,edge_residential,2,30.48123938568505,45.14962511231303,0,0
2026-01-01 00:43:00,S0000,energy,residential,edge_residential,1,73.78217731440435,72.98615605830025,0,0
2026-01-01 00:43:00,S0001,structure,industrial,edge_industrial,2,0.2924098957403069,36.76403771939534,0,0
2026-01-01 00:43:00,S0002,energy,waterfront,edge_waterfront,1,75.0955892855195,64.89039238870684,0,0
2026-01-01 00:43:00,S0003,traffic,waterfront,edge_waterfront,2,45.369920626807705,29.8878167013282,0,0
2026-01-01 00:43:00,S0004,traffic,downtown,edge_downtown,2,,66.31925230342716,0,1
2026-01-01 00:43:00,S0005,structure,residential,edge_residential,2,0.23022148120867847,33.78576053136878,0,0
2026-01-01 00:43:00,S0006,traffic,waterfront,edge_waterfront,2,29.28698619949773,45.1517917377412,0,0
2026-01-01 00:43:00,S0007,energy,waterfront,edge_waterfront,1,73.30301265668929,52.82132349218611,0,0
2026-01-01 00:43:00,S0008,energy,transit,edge_transit,1,79.57680784094318,75.07674798852523,0,0
2026-01-01 00:43:00,S0009,air_quality,transit,edge_transit,1,19.009280182672175,60.52689319131286,0,0
2026-01-01 00:43:00,S0010,traffic,downtown,edge_downtown,2,31.82349537360577,47.26543407295381,0,0
2026-01-01 00:43:00,S0011,traffic,transit,edge_transit,2,29.364810270250018,34.64950427591196,0,0
2026-01-01 00:43:00,S0012,traffic,residential,edge_residential,2,29.15419691439765,58.605303200234886,0,0
2026-01-01 00:43:00,S0013,air_quality,downtown,edge_downtown,1,21.111444621256272,56.45604656700528,0,0
2026-01-01 00:43:00,S0014,air_quality,industrial,edge_industrial,1,18.705092672328274,72.56819420944295,0,0
2026-01-01 00:43:00,S0015,air_quality,residential,edge_residential,1,16.91731655342975,65.72733427157254,0,0
2026-01-01 00:43:00,S0016,structure,transit,edge_transit,2,0.21571605830081125,42.87989267923923,0,0
2026-01-01 00:43:00,S0017,energy,residential,edge_residential,1,68.67236438939771,96.74669870245407,0,0
2026-01-01 00:43:00,S0018,energy,transit,edge_transit,1,73.0265820019434,79.30794212224666,0,0
2026-01-01 00:43:00,S0019,structure,waterfront,edge_waterfront,2,0.2550514251655145,45.28440214965568,0,0
2026-01-01 00:43:00,S0020,traffic,transit,edge_transit,2,40.52264134090345,39.462646998754344,0,0
2026-01-01 00:43:00,S0021,traffic,industrial,edge_industrial,2,38.4752534357809,36.77333302818814,0,0
2026-01-01 00:43:00,S0022,energy,transit,edge_transit,1,64.85317005740873,110.85780550023966,0,0
2026-01-01 00:43:00,S0023,traffic,residential,edge_residential,2,37.66309727092465,50.79128240753842,0,0
2026-01-01 00:43:00,S0024,traffic,downtown,edge_downtown,2,34.22555169385417,50.07297577945849,0,0
2026-01-01 00:43:00,S0025,air_quality,downtown,edge_downtown,1,16.658284671107154,57.45525039750485,0,0
2026-01-01 00:43:00,S0026,air_quality,transit,edge_transit,1,15.184573664779675,61.21560571706069,0,0
2026-01-01 00:43:00,S0027,structure,industrial,edge_industrial,2,0.2404149771541046,38.14711860491902,0,0
2026-01-01 00:43:00,S0028,energy,residential,edge_residential,1,73.89995136581403,106.2920361487782,0,0
2026-01-01 00:43:00,S0029,air_quality,industrial,edge_industrial,1,23.82387347108007,67.2377717993808,0,0
2026-01-01 00:43:00,S0030,air_quality,industrial,edge_industrial,1,23.254843476033205,60.621315924582916,0,0
2026-01-01 00:43:00,S0031,traffic,downtown,edge_downtown,2,33.198114251579234,42.485088109459134,0,0
2026-01-01 00:43:00,S0032,traffic,industrial,edge_industrial,2,38.98519290019579,51.26946167202716,0,0
2026-01-01 00:43:00,S0033,traffic,waterfront,edge_waterfront,2,71.52331177974891,56.583526517312905,1,0
2026-01-01 00:43:00,S0034,energy,residential,edge_residential,1,63.93366642204093,80.0500989098611,0,0
2026-01-01 00:43:00,S0035,traffic,industrial,edge_industrial,2,34.384376443852204,42.79705747102196,0,0
2026-01-01 00:43:00,S0036,air_quality,residential,edge_residential,1,17.697907755232357,66.34842172851519,0,0
2026-01-01 00:43:00,S0037,traffic,waterfront,edge_waterfront,2,38.08882347513745,51.397231481835,0,0
2026-01-01 00:43:00,S0038,energy,industrial,edge_industrial,1,68.73560247109862,68.45231274774594,0,0
2026-01-01 00:43:00,S0039,traffic,residential,edge_residential,2,39.30358279470163,31.99963020125181,0,0
2026-01-01 00:44:00,S0000,energy,residential,edge_residential,1,86.33067468956446,64.15653861989078,0,0
2026-01-01 00:44:00,S0001,structure,industrial,edge_industrial,2,0.3106741600391537,19.868483146873857,0,0
2026-01-01 00:44:00,S0002,energy,waterfront,edge_waterfront,1,61.52657203136326,109.28138603192946,0,0
2026-01-01 00:44:00,S0003,traffic,waterfront,edge_waterfront,2,35.255068470229226,50.914580042868074,0,0
2026-01-01 00:44:00,S0004,traffic,downtown,edge_downtown,2,33.638488835965745,36.370438890963165,0,0
2026-01-01 00:44:00,S0005,structure,residential,edge_residential,2,0.27078130473477385,28.203120164505755,0,0
2026-01-01 00:44:00,S0006,traffic,waterfront,edge_waterfront,2,29.854532277490634,41.991964641647236,0,0
2026-01-01 00:44:00,S0007,energy,waterfront,edge_waterfront,1,64.44870150734485,88.10893149199619,0,0
2026-01-01 00:44:00,S0008,energy,transit,edge_transit,1,76.43995742832534,103.36643806124825,0,0
2026-01-01 00:44:00,S0009,air_quality,transit,edge_transit,1,17.792691802345374,61.21795083554296,0,0
2026-01-01 00:44:00,S0010,traffic,downtown,edge_downtown,2,36.54123163767817,33.801556921140616,0,0
2026-01-01 00:44:00,S0011,traffic,transit,edge_transit,2,37.82810343130112,20.281113151201946,0,0
2026-01-01 00:44:00,S0012,traffic,residential,edge_residential,2,38.38059307648119,39.02560647899599,0,0
2026-01-01 00:44:00,S0013,air_quality,downtown,edge_downtown,1,20.395702345843254,62.46188757045962,0,0
2026-01-01 00:44:00,S0014,air_quality,industrial,edge_industrial,1,20.60621930042599,84.15042923106687,0,0
2026-01-01 00:44:00,S0015,air_quality,residential,edge_residential,1,19.70330699270422,47.93769322720597,0,0
2026-01-01 00:44:00,S0016,structure,transit,edge_transit,2,0.2719161257317453,40.374962823653846,0,0
2026-01-01 00:44:00,S0017,energy,residential,edge_residential,1,69.69937789385875,120.19037054051765,0,0
2026-01-01 00:44:00,S0018,energy,transit,edge_transit,1,76.53068511073687,53.77769392188649,0,0
2026-01-01 00:44:00,S0019,structure,waterfront,edge_waterfront,2,0.2509554295598724,50.49075928134576,0,0
2026-01-01 00:44:00,S0020,traffic,transit,edge_transit,2,37.67384963756572,38.01490340807331,0,0
2026-01-01 00:44:00,S0021,traffic,industrial,edge_industrial,2,32.30233243177793,32.599785733883635,0,0
2026-01-01 00:44:00,S0022,energy,transit,edge_transit,1,62.70377811913394,67.45307076098341,0,0
2026-01-01 00:44:00,S0023,traffic,residential,edge_residential,2,35.390172046789615,17.361018641208872,0,0
2026-01-01 00:44:00,S0024,traffic,downtown,edge_downtown,2,29.09642983522781,47.60165838119614,0,0
2026-01-01 00:44:00,S0025,air_quality,downtown,edge_downtown,1,23.16462193279338,59.39894724412011,0,0
2026-01-01 00:44:00,S0026,air_quality,transit,edge_transit,1,21.693855590423063,46.80008984154064,0,0
2026-01-01 00:44:00,S0027,structure,industrial,edge_industrial,2,0.25810064996878374,37.21187722070539,0,0
2026-01-01 00:44:00,S0028,energy,residential,edge_residential,1,85.57999561579666,71.98395245145782,0,0
2026-01-01 00:44:00,S0029,air_quality,industrial,edge_industrial,1,19.482485954189933,73.554025046616,0,0
2026-01-01 00:44:00,S0030,air_quality,industrial,edge_industrial,1,16.82864187399096,60.43864081490237,0,0
2026-01-01 00:44:00,S0031,traffic,downtown,edge_downtown,2,42.98433503476936,41.57130387868009,0,0
2026-01-01 00:44:00,S0032,traffic,industrial,edge_industrial,2,32.21842455461989,57.448643330770494,0,0
2026-01-01 00:44:00,S0033,traffic,waterfront,edge_waterfront,2,28.251703108105417,45.03612875881061,0,0
2026-01-01 00:44:00,S0034,energy,residential,edge_residential,1,75.6481980033603,39.113405415486895,0,0
2026-01-01 00:44:00,S0035,traffic,industrial,edge_industrial,2,35.98280487520784,47.94068228139491,0,0
2026-01-01 00:44:00,S0036,air_quality,residential,edge_residential,1,16.853394221702462,57.550634270569205,0,0
2026-01-01 00:44:00,S0037,traffic,waterfront,edge_waterfront,2,46.87375583017123,37.03333264440301,1,0
2026-01-01 00:44:00,S0038,energy,industrial,edge_industrial,1,68.32345522881509,37.85143841331892,0,0
2026-01-01 00:44:00,S0039,traffic,residential,edge_residential,2,36.748910451098965,43.69171633381083,0,0
2026-01-01 00:45:00,S0000,energy,residential,edge_residential,1,67.93601574176942,74.68238788520836,0,0
2026-01-01 00:45:00,S0001,structure,industrial,edge_industrial,2,0.2565955010153455,36.49489598189707,0,0
2026-01-01 00:45:00,S0002,energy,waterfront,edge_waterfront,1,68.22323523328114,57.75523095741657,0,0
2026-01-01 00:45:00,S0003,traffic,waterfront,edge_waterfront,2,30.584868404272058,37.138437485728275,0,0
2026-01-01 00:45:00,S0004,traffic,downtown,edge_downtown,2,30.67118379386627,41.80752710068505,0,0
2026-01-01 00:45:00,S0005,structure,residential,edge_residential,2,0.19394880296249148,45.93311118201233,0,0
2026-01-01 00:45:00,S0006,traffic,waterfront,edge_waterfront,2,36.483894627131825,49.10103730620933,0,0
2026-01-01 00:45:00,S0007,energy,waterfront,edge_waterfront,1,68.28937848739832,82.65869257007854,0,0
2026-01-01 00:45:00,S0008,energy,transit,edge_transit,1,72.22234266199794,58.20092773969192,0,0
2026-01-01 00:45:00,S0009,air_quality,transit,edge_transit,1,19.171632660983427,43.0496135227483,0,0
2026-01-01 00:45:00,S0010,traffic,downtown,edge_downtown,2,36.42361827581625,47.902863847772565,0,0
2026-01-01 00:45:00,S0011,traffic,transit,edge_transit,2,37.48083785178701,46.4258716155122,0,0
2026-01-01 00:45:00,S0012,traffic,residential,edge_residential,2,37.407676436877935,56.77152212039634,0,0
2026-01-01 00:45:00,S0013,air_quality,downtown,edge_downtown,1,18.442704933082872,77.22552276380718,0,0
2026-01-01 00:45:00,S0014,air_quality,industrial,edge_industrial,1,16.595143466779476,66.16469439260737,0,0
2026-01-01 00:45:00,S0015,air_quality,residential,edge_residential,1,14.214560958450463,89.10964812965443,0,0
2026-01-01 00:45:00,S0016,structure,transit,edge_transit,2,0.24420267783207197,33.740633304643396,0,0
2026-01-01 00:45:00,S0017,energy,residential,edge_residential,1,68.8543519318898,86.3772692911194,0,0
2026-01-01 00:45:00,S0018,energy,transit,edge_transit,1,62.761050999115966,88.12004689541435,0,0
2026-01-01 00:45:00,S0019,structure,waterfront,edge_waterfront,2,0.20881525868065465,46.811850221990575,0,0
2026-01-01 00:45:00,S0020,traffic,transit,edge_transit,2,39.90962859000913,54.04925602057649,0,0
2026-01-01 00:45:00,S0021,traffic,industrial,edge_industrial,2,32.70684739309314,38.04695765131075,0,0
2026-01-01 00:45:00,S0022,energy,transit,edge_transit,1,81.39184233221323,111.61507627017295,0,0
2026-01-01 00:45:00,S0023,traffic,residential,edge_residential,2,45.09804952490959,59.61861599544261,0,0
2026-01-01 00:45:00,S0024,traffic,downtown,edge_downtown,2,36.28027717352034,53.14691821171067,0,0
2026-01-01 00:45:00,S0025,air_quality,downtown,edge_downtown,1,22.627183798847305,74.1954971144074,0,0
2026-01-01 00:45:00,S0026,air_quality,transit,edge_transit,1,18.611931622408445,59.84413612542944,0,0
2026-01-01 00:45:00,S0027,structure,industrial,edge_industrial,2,0.24224660287287617,62.242954770512476,0,0
2026-01-01 00:45:00,S0028,energy,residential,edge_residential,1,82.19382262223199,62.048638645711875,0,0
2026-01-01 00:45:00,S0029,air_quality,industrial,edge_industrial,1,,75.80586808809048,0,1
2026-01-01 00:45:00,S0030,air_quality,industrial,edge_industrial,1,16.92524628663988,62.33312837897434,0,0
2026-01-01 00:45:00,S0031,traffic,downtown,edge_downtown,2,38.82686724146144,48.787300730887026,0,0
2026-01-01 00:45:00,S0032,traffic,industrial,edge_industrial,2,32.04489175988229,36.637244741154575,0,0
2026-01-01 00:45:00,S0033,traffic,waterfront,edge_waterfront,2,36.36211713616194,32.805575071973934,0,0
2026-01-01 00:45:00,S0034,energy,residential,edge_residential,1,72.6158305398869,97.88117639140823,0,0
2026-01-01 00:45:00,S0035,traffic,industrial,edge_industrial,2,38.600232203235315,23.70088082473269,0,0
2026-01-01 00:45:00,S0036,air_quality,residential,edge_residential,1,15.51965108401829,64.94630359187491,0,0
2026-01-01 00:45:00,S0037,traffic,waterfront,edge_waterfront,2,30.250586130696426,40.521452889855865,0,0
2026-01-01 00:45:00,S0038,energy,industrial,edge_industrial,1,76.10000907721668,83.6536913215175,0,0
2026-01-01 00:45:00,S0039,traffic,residential,edge_residential,2,36.583909067813075,39.92684520637306,0,0
2026-01-01 00:46:00,S0000,energy,residential,edge_residential,1,69.24685749759453,52.40142504785325,0,0
2026-01-01 00:46:00,S0001,structure,industrial,edge_industrial,2,0.28591087626043604,38.85515921891356,1,0
2026-01-01 00:46:00,S0002,energy,waterfront,edge_waterfront,1,69.65798309981959,61.73716305494801,0,0
2026-01-01 00:46:00,S0003,traffic,waterfront,edge_waterfront,2,39.92369399280252,43.79786608920143,0,0
2026-01-01 00:46:00,S0004,traffic,downtown,edge_downtown,2,35.670495658336556,35.101756605423134,0,0
2026-01-01 00:46:00,S0005,structure,residential,edge_residential,2,0.19816153501390268,46.55872083698616,0,0
2026-01-01 00:46:00,S0006,traffic,waterfront,edge_waterfront,2,26.591521831106206,44.03647335846321,0,0
2026-01-01 00:46:00,S0007,energy,waterfront,edge_waterfront,1,81.09592367983569,71.09638341980914,0,0
2026-01-01 00:46:00,S0008,energy,transit,edge_transit,1,82.29554754842849,38.55199319649721,0,0
2026-01-01 00:46:00,S0009,air_quality,transit,edge_transit,1,19.671924750040287,37.9872913001989,0,0
2026-01-01 00:46:00,S0010,traffic,downtown,edge_downtown,2,40.510424495711064,55.76466457349907,0,0
2026-01-01 00:46:00,S0011,traffic,transit,edge_transit,2,31.77229270987374,39.89715757388592,0,0
2026-01-01 00:46:00,S0012,traffic,residential,edge_residential,2,36.084130602295446,41.47055346987364,0,0
2026-01-01 00:46:00,S0013,air_quality,downtown,edge_downtown,1,18.88440207795848,75.6392382458736,0,0
2026-01-01 00:46:00,S0014,air_quality,industrial,edge_industrial,1,19.231941523457074,46.331712792529736,0,0
2026-01-01 00:46:00,S0015,air_quality,residential,edge_residential,1,20.21457646968977,42.67296894383318,0,0
2026-01-01 00:46:00,S0016,structure,transit,edge_transit,2,0.2656623408499128,38.588648211459315,0,0
2026-01-01 00:46:00,S0017,energy,residential,edge_residential,1,138.6090995975596,78.64239865727473,1,0
2026-01-01 00:46:00,S0018,energy,transit,edge_transit,1,59.57258730811199,61.46937089080809,0,0
2026-01-01 00:46:00,S0019,structure,waterfront,edge_waterfront,2,0.23096919292848414,46.770593254057246,0,0
2026-01-01 00:46:00,S0020,traffic,transit,edge_transit,2,31.390709282946766,26.285307908322842,0,0
2026-01-01 00:46:00,S0021,traffic,industrial,edge_industrial,2,44.753277832033135,16.447609305598693,0,0
2026-01-01 00:46:00,S0022,energy,transit,edge_transit,1,69.2890602972575,67.45742422569697,0,0
2026-01-01 00:46:00,S0023,traffic,residential,edge_residential,2,37.65400883298796,51.62852005393124,0,0
2026-01-01 00:46:00,S0024,traffic,downtown,edge_downtown,2,47.83885476093435,33.533647708934886,0,0
2026-01-01 00:46:00,S0025,air_quality,downtown,edge_downtown,1,19.90276679824687,59.51035491502521,0,0
2026-01-01 00:46:00,S0026,air_quality,transit,edge_transit,1,17.912469179110456,92.70377249985378,0,0
2026-01-01 00:46:00,S0027,structure,industrial,edge_industrial,2,0.2996793047978971,45.01766294786033,0,0
2026-01-01 00:46:00,S0028,energy,residential,edge_residential,1,84.76730909550393,66.55043112798452,0,0
2026-01-01 00:46:00,S0029,air_quality,industrial,edge_industrial,1,22.26538070972216,57.66041874214498,0,0
2026-01-01 00:46:00,S0030,air_quality,industrial,edge_industrial,1,15.497125690771899,102.2185032779414,0,0
2026-01-01 00:46:00,S0031,traffic,downtown,edge_downtown,2,37.99886948650647,42.78847480542881,0,0
2026-01-01 00:46:00,S0032,traffic,industrial,edge_industrial,2,34.38891500731187,9.89145877588178,0,0
2026-01-01 00:46:00,S0033,traffic,waterfront,edge_waterfront,2,16.504936836299034,26.53158173975983,0,0
2026-01-01 00:46:00,S0034,energy,residential,edge_residential,1,70.83517678161428,66.15176367118725,0,0
2026-01-01 00:46:00,S0035,traffic,industrial,edge_industrial,2,38.41703707293768,67.13952495293373,0,0
2026-01-01 00:46:00,S0036,air_quality,residential,edge_residential,1,15.667543012574114,41.28192922665034,0,0
2026-01-01 00:46:00,S0037,traffic,waterfront,edge_waterfront,2,35.1680969683754,47.47910488975418,0,0
2026-01-01 00:46:00,S0038,energy,industrial,edge_industrial,1,77.91834857537395,98.99250640646659,0,0
2026-01-01 00:46:00,S0039,traffic,residential,edge_residential,2,39.75398365079365,41.64012938702606,0,0
2026-01-01 00:47:00,S0000,energy,residential,edge_residential,1,74.28704994349086,82.37907543379539,0,0
2026-01-01 00:47:00,S0001,structure,industrial,edge_industrial,2,0.20283273938995294,31.304493022682063,0,0
2026-01-01 00:47:00,S0002,energy,waterfront,edge_waterfront,1,,78.05097683309961,0,1
2026-01-01 00:47:00,S0003,traffic,waterfront,edge_waterfront,2,43.46884689891014,20.089213435648936,0,0
2026-01-01 00:47:00,S0004,traffic,downtown,edge_downtown,2,31.56860441943,43.52437575762912,0,0
2026-01-01 00:47:00,S0005,structure,residential,edge_residential,2,0.2813910844661138,62.98674149541944,0,0
2026-01-01 00:47:00,S0006,traffic,waterfront,edge_waterfront,2,30.241583873838977,36.898791080656,0,0
2026-01-01 00:47:00,S0007,energy,waterfront,edge_waterfront,1,79.67520361624757,82.67692475201477,0,0
2026-01-01 00:47:00,S0008,energy,transit,edge_transit,1,75.01372520930612,94.51419090925538,0,0
2026-01-01 00:47:00,S0009,air_quality,transit,edge_transit,1,19.9530110527635,55.163133069190906,0,0
2026-01-01 00:47:00,S0010,traffic,downtown,edge_downtown,2,37.7258896170044,31.36747376243929,0,0
2026-01-01 00:47:00,S0011,traffic,transit,edge_transit,2,45.872398426208946,50.63079104272583,0,0
2026-01-01 00:47:00,S0012,traffic,residential,edge_residential,2,36.116812783051124,44.40718931892407,0,0
2026-01-01 00:47:00,S0013,air_quality,downtown,edge_downtown,1,19.451548056403787,72.92016078018992,0,0
2026-01-01 00:47:00,S0014,air_quality,industrial,edge_industrial,1,21.189760708875674,86.18297830432805,0,0
2026-01-01 00:47:00,S0015,air_quality,residential,edge_residential,1,19.992990858993412,56.359881246073385,0,0
2026-01-01 00:47:00,S0016,structure,transit,edge_transit,2,0.2723556854952537,26.6161997194709,0,0
2026-01-01 00:47:00,S0017,energy,residential,edge_residential,1,61.73941466163009,66.51549471854426,0,0
2026-01-01 00:47:00,S0018,energy,transit,edge_transit,1,77.68363187438011,69.94929604920421,0,0
2026-01-01 00:47:00,S0019,structure,waterfront,edge_waterfront,2,0.23702438672428644,30.268861492768963,0,0
2026-01-01 00:47:00,S0020,traffic,transit,edge_transit,2,37.87913921056332,24.5631211940394,0,0
2026-01-01 00:47:00,S0021,traffic,industrial,edge_industrial,2,38.81582077036304,45.71625083531549,0,0
2026-01-01 00:47:00,S0022,energy,transit,edge_transit,1,68.59487122042967,68.53788417408815,0,0
2026-01-01 00:47:00,S0023,traffic,residential,edge_residential,2,37.465206563556166,38.89622685335554,0,0
2026-01-01 00:47:00,S0024,traffic,downtown,edge_downtown,2,28.257397854746102,48.12098396490272,0,0
2026-01-01 00:47:00,S0025,air_quality,downtown,edge_downtown,1,17.385858665329234,55.79140718928312,0,0
2026-01-01 00:47:00,S0026,air_quality,transit,edge_transit,1,,32.59837375021694,0,1
2026-01-01 00:47:00,S0027,structure,industrial,edge_industrial,2,0.2785198798167123,38.85439939227648,0,0
2026-01-01 00:47:00,S0028,energy,residential,edge_residential,1,76.49692653966594,77.82586377263321,0,0
2026-01-01 00:47:00,S0029,air_quality,industrial,edge_industrial,1,22.186951310488183,63.14573583564039,0,0
2026-01-01 00:47:00,S0030,air_quality,industrial,edge_industrial,1,18.513000924915367,53.5505780554159,0,0
2026-01-01 00:47:00,S0031,traffic,downtown,edge_downtown,2,24.04265299361611,50.235852441263205,0,0
2026-01-01 00:47:00,S0032,traffic,industrial,edge_industrial,2,78.51117678520346,42.284267706994704,1,0
2026-01-01 00:47:00,S0033,traffic,waterfront,edge_waterfront,2,35.128659142806995,50.01941138832569,0,0
2026-01-01 00:47:00,S0034,energy,residential,edge_residential,1,76.98314844427414,88.19100337716245,0,0
2026-01-01 00:47:00,S0035,traffic,industrial,edge_industrial,2,31.68485587108224,24.93785316126551,0,0
2026-01-01 00:47:00,S0036,air_quality,residential,edge_residential,1,15.600337908929081,45.84033704134387,0,0
2026-01-01 00:47:00,S0037,traffic,waterfront,edge_waterfront,2,30.92528157325725,55.43941136438038,0,0
2026-01-01 00:47:00,S0038,energy,industrial,edge_industrial,1,70.89511317222453,95.92303569692027,0,0
2026-01-01 00:47:00,S0039,traffic,residential,edge_residential,2,29.315591356151632,40.65892051354351,0,0
2026-01-01 00:48:00,S0000,energy,residential,edge_residential,1,76.07675511074052,128.80923680346447,0,0
2026-01-01 00:48:00,S0001,structure,industrial,edge_industrial,2,0.19249189180211881,31.161075405341286,0,0
2026-01-01 00:48:00,S0002,energy,waterfront,edge_waterfront,1,69.60097033234156,71.47379135608264,0,0
2026-01-01 00:48:00,S0003,traffic,waterfront,edge_waterfront,2,27.82846561448736,53.77415549673909,0,0
2026-01-01 00:48:00,S0004,traffic,downtown,edge_downtown,2,30.89315031851487,39.581652453777615,0,0
2026-01-01 00:48:00,S0005,structure,residential,edge_residential,2,0.19072487863043705,36.058714047579905,0,0
2026-01-01 00:48:00,S0006,traffic,waterfront,edge_waterfront,2,31.551343689800714,33.503706324892256,0,0
2026-01-01 00:48:00,S0007,energy,waterfront,edge_waterfront,1,72.19997013069549,59.801565204763804,0,0
2026-01-01 00:48:00,S0008,energy,transit,edge_transit,1,62.98015109995654,71.12343249356944,0,0
2026-01-01 00:48:00,S0009,air_quality,transit,edge_transit,1,23.718766003967765,39.65207688610118,0,0
2026-01-01 00:48:00,S0010,traffic,downtown,edge_downtown,2,37.4681865915866,19.181261233613604,0,0
2026-01-01 00:48:00,S0011,traffic,transit,edge_transit,2,38.21627333163561,63.67777717363377,0,0
2026-01-01 00:48:00,S0012,traffic,residential,edge_residential,2,33.05417507857808,44.8767726060546,0,0
2026-01-01 00:48:00,S0013,air_quality,downtown,edge_downtown,1,17.990808995089488,65.16369917360555,0,0
2026-01-01 00:48:00,S0014,air_quality,industrial,edge_industrial,1,15.104803246920584,59.75406020128557,0,0
2026-01-01 00:48:00,S0015,air_quality,residential,edge_residential,1,17.06374887924401,61.76875316057537,0,0
2026-01-01 00:48:00,S0016,structure,transit,edge_transit,2,0.23389979793025178,44.84146892726292,0,0
2026-01-01 00:48:00,S0017,energy,residential,edge_residential,1,70.2255954177131,51.683976631978496,0,0
2026-01-01 00:48:00,S0018,energy,transit,edge_transit,1,67.01243284128213,86.89396141221434,0,0
2026-01-01 00:48:00,S0019,structure,waterfront,edge_waterfront,2,0.22897603427864022,20.119119760391353,0,0
2026-01-01 00:48:00,S0020,traffic,transit,edge_transit,2,31.582270169318615,23.64399880388562,0,0
2026-01-01 00:48:00,S0021,traffic,industrial,edge_industrial,2,31.73699831058095,39.50734933196316,0,0
2026-01-01 00:48:00,S0022,energy,transit,edge_transit,1,71.79401856763896,78.49512705774241,0,0
2026-01-01 00:48:00,S0023,traffic,residential,edge_residential,2,34.81008403517682,59.79994116167876,0,0
2026-01-01 00:48:00,S0024,traffic,downtown,edge_downtown,2,42.68894631200281,41.36418020864061,0,0
2026-01-01 00:48:00,S0025,air_quality,downtown,edge_downtown,1,19.010062140505035,68.23039439647485,0,0
2026-01-01 00:48:00,S0026,air_quality,transit,edge_transit,1,22.934140949701995,68.55543503800976,0,0
2026-01-01 00:48:00,S0027,structure,industrial,edge_industrial,2,0.2625119957608576,21.50481072510025,0,0
2026-01-01 00:48:00,S0028,energy,residential,edge_residential,1,75.53458291666072,103.22725114490193,0,0
2026-01-01 00:48:00,S0029,air_quality,industrial,edge_industrial,1,19.023131915727483,75.7393807317008,0,0
2026-01-01 00:48:00,S0030,air_quality,industrial,edge_industrial,1,17.81865303000701,34.53794482063058,0,0
2026-01-01 00:48:00,S0031,traffic,downtown,edge_downtown,2,39.924604423630136,50.26887018601794,0,0
2026-01-01 00:48:00,S0032,traffic,industrial,edge_industrial,2,31.82021391617513,48.263431434475265,0,0
2026-01-01 00:48:00,S0033,traffic,waterfront,edge_waterfront,2,34.401177019907124,49.91707574593434,0,0
2026-01-01 00:48:00,S0034,energy,residential,edge_residential,1,75.17113155792255,54.2281952616562,0,0
2026-01-01 00:48:00,S0035,traffic,industrial,edge_industrial,2,39.6885752291055,56.10780411750761,0,0
2026-01-01 00:48:00,S0036,air_quality,residential,edge_residential,1,17.474327833072028,71.20827499661678,0,0
2026-01-01 00:48:00,S0037,traffic,waterfront,edge_waterfront,2,38.94291714099483,31.08853935174893,0,0
2026-01-01 00:48:00,S0038,energy,industrial,edge_industrial,1,79.08028588485996,77.51984839370043,0,0
2026-01-01 00:48:00,S0039,traffic,residential,edge_residential,2,31.18487903216428,27.069924951621616,0,0
2026-01-01 00:49:00,S0000,energy,residential,edge_residential,1,169.49511498525578,102.90062996453456,1,0
2026-01-01 00:49:00,S0001,structure,industrial,edge_industrial,2,0.3136678138198864,55.92101741684391,0,0
2026-01-01 00:49:00,S0002,energy,waterfront,edge_waterfront,1,78.78195284138525,119.12378104969477,0,0
2026-01-01 00:49:00,S0003,traffic,waterfront,edge_waterfront,2,42.79711966155321,45.617212472756016,0,0
2026-01-01 00:49:00,S0004,traffic,downtown,edge_downtown,2,43.92953733476641,37.7879456426429,0,0
2026-01-01 00:49:00,S0005,structure,residential,edge_residential,2,0.31040849632711626,52.83860560991046,0,0
2026-01-01 00:49:00,S0006,traffic,waterfront,edge_waterfront,2,35.15096774380029,17.609714021066907,0,0
2026-01-01 00:49:00,S0007,energy,waterfront,edge_waterfront,1,72.41045827161693,85.30860758474694,0,0
2026-01-01 00:49:00,S0008,energy,transit,edge_transit,1,75.8040941152975,78.03305170608759,0,0
2026-01-01 00:49:00,S0009,air_quality,transit,edge_transit,1,16.982934077117203,72.36126459896069,0,0
2026-01-01 00:49:00,S0010,traffic,downtown,edge_downtown,2,24.699867456438753,43.85142444322999,0,0
2026-01-01 00:49:00,S0011,traffic,transit,edge_transit,2,33.25454261182742,43.067770279604055,0,0
2026-01-01 00:49:00,S0012,traffic,residential,edge_residential,2,34.360125431312575,28.01551949374612,0,0
2026-01-01 00:49:00,S0013,air_quality,downtown,edge_downtown,1,21.956054415477997,41.83917026344473,0,0
2026-01-01 00:49:00,S0014,air_quality,industrial,edge_industrial,1,17.269384129767573,39.034299681675506,0,0
2026-01-01 00:49:00,S0015,air_quality,residential,edge_residential,1,16.911865398506308,53.35054424343649,0,0
2026-01-01 00:49:00,S0016,structure,transit,edge_transit,2,0.2968456409292512,42.30757821110532,0,0
2026-01-01 00:49:00,S0017,energy,residential,edge_residential,1,74.28231658476356,92.81086790739072,0,0
2026-01-01 00:49:00,S0018,energy,transit,edge_transit,1,58.96906402469277,62.60877697007884,0,0
2026-01-01 00:49:00,S0019,structure,waterfront,edge_waterfront,2,0.24076089230400857,34.67477615263232,0,0
2026-01-01 00:49:00,S0020,traffic,transit,edge_transit,2,29.07532756549043,40.269747570248526,0,0
2026-01-01 00:49:00,S0021,traffic,industrial,edge_industrial,2,36.7391603006583,55.99767696757787,0,0
2026-01-01 00:49:00,S0022,energy,transit,edge_transit,1,68.95486240881674,93.85562960482062,0,0
2026-01-01 00:49:00,S0023,traffic,residential,edge_residential,2,31.184993651541696,61.2527109071859,0,0
2026-01-01 00:49:00,S0024,traffic,downtown,edge_downtown,2,29.156026072815408,37.047617608601705,0,0
2026-01-01 00:49:00,S0025,air_quality,downtown,edge_downtown,1,18.44614670296523,82.83053678979226,0,0
2026-01-01 00:49:00,S0026,air_quality,transit,edge_transit,1,15.244392918403882,66.70525789107009,0,0
2026-01-01 00:49:00,S0027,structure,industrial,edge_industrial,2,0.2527324939510075,22.7336965832629,0,0
2026-01-01 00:49:00,S0028,energy,residential,edge_residential,1,73.49927053074688,83.5278191714667,0,0
2026-01-01 00:49:00,S0029,air_quality,industrial,edge_industrial,1,22.3206052213075,74.19999051807564,0,0
2026-01-01 00:49:00,S0030,air_quality,industrial,edge_industrial,1,19.27895439110972,82.51195156426604,0,0
2026-01-01 00:49:00,S0031,traffic,downtown,edge_downtown,2,40.630675148039714,42.7828007113053,0,0
2026-01-01 00:49:00,S0032,traffic,industrial,edge_industrial,2,36.4216624031584,25.38530511978186,0,0
2026-01-01 00:49:00,S0033,traffic,waterfront,edge_waterfront,2,40.42718159180421,56.57470634212445,0,0
2026-01-01 00:49:00,S0034,energy,residential,edge_residential,1,73.83010699920277,65.95409784746708,0,0
2026-01-01 00:49:00,S0035,traffic,industrial,edge_industrial,2,74.14045791668904,29.483711473258396,1,0
2026-01-01 00:49:00,S0036,air_quality,residential,edge_residential,1,19.420315043823674,43.10084318253527,0,0
2026-01-01 00:49:00,S0037,traffic,waterfront,edge_waterfront,2,29.44536186848287,62.626800995015756,0,0
2026-01-01 00:49:00,S0038,energy,industrial,edge_industrial,1,80.57812750640413,51.919191173972415,0,0
2026-01-01 00:49:00,S0039,traffic,residential,edge_residential,2,33.67826293894008,49.939846214673246,0,0
2026-01-01 00:50:00,S0000,energy,residential,edge_residential,1,72.01101222755224,57.81981786969461,0,0
2026-01-01 00:50:00,S0001,structure,industrial,edge_industrial,2,0.21610805556409401,26.5074292839031,0,0
2026-01-01 00:50:00,S0002,energy,waterfront,edge_waterfront,1,72.89693751167084,32.67536146521496,0,0
2026-01-01 00:50:00,S0003,traffic,waterfront,edge_waterfront,2,33.59539369297113,47.26912131063166,0,0
2026-01-01 00:50:00,S0004,traffic,downtown,edge_downtown,2,38.62554032295764,29.381592472485877,0,0
2026-01-01 00:50:00,S0005,structure,residential,edge_residential,2,0.24196453203245566,26.450084234654334,0,0
2026-01-01 00:50:00,S0006,traffic,waterfront,edge_waterfront,2,27.972054681161545,52.193541998791986,0,0
2026-01-01 00:50:00,S0007,energy,waterfront,edge_waterfront,1,72.28731833954323,57.035097021950136,0,0
2026-01-01 00:50:00,S0008,energy,transit,edge_transit,1,73.43472613533918,132.74948567208892,0,0
2026-01-01 00:50:00,S0009,air_quality,transit,edge_transit,1,20.10987668228665,78.51217410613435,0,0
2026-01-01 00:50:00,S0010,traffic,downtown,edge_downtown,2,46.228915616997924,32.130454078724945,0,0
2026-01-01 00:50:00,S0011,traffic,transit,edge_transit,2,32.54495615657562,48.232970014216875,0,0
2026-01-01 00:50:00,S0012,traffic,residential,edge_residential,2,24.03274999324597,35.625807485099614,0,0
2026-01-01 00:50:00,S0013,air_quality,downtown,edge_downtown,1,20.658095924085448,67.03583709454492,0,0
2026-01-01 00:50:00,S0014,air_quality,industrial,edge_industrial,1,18.113354321924035,34.35002106632627,0,0
2026-01-01 00:50:00,S0015,air_quality,residential,edge_residential,1,18.62671277051178,86.62714054213069,0,0
2026-01-01 00:50:00,S0016,structure,transit,edge_transit,2,0.279599345693186,39.60182690309537,0,0
2026-01-01 00:50:00,S0017,energy,residential,edge_residential,1,75.68604978726226,92.10221405386557,0,0
2026-01-01 00:50:00,S0018,energy,transit,edge_transit,1,67.40467448961604,52.30386095167481,0,0
2026-01-01 00:50:00,S0019,structure,waterfront,edge_waterfront,2,0.25482873027672515,6.971456567183626,0,0
2026-01-01 00:50:00,S0020,traffic,transit,edge_transit,2,34.16096568844336,47.153610803638614,0,0
2026-01-01 00:50:00,S0021,traffic,industrial,edge_industrial,2,,37.40598830756362,0,1
2026-01-01 00:50:00,S0022,energy,transit,edge_transit,1,85.83186704442144,76.91752533895583,0,0
2026-01-01 00:50:00,S0023,traffic,residential,edge_residential,2,37.32423519616858,53.46278505884797,0,0
2026-01-01 00:50:00,S0024,traffic,downtown,edge_downtown,2,33.00005579402198,42.2024445843911,0,0
2026-01-01 00:50:00,S0025,air_quality,downtown,edge_downtown,1,21.915377911748475,42.81512617018971,0,0
2026-01-01 00:50:00,S0026,air_quality,transit,edge_transit,1,20.043321091314443,70.34575788605166,0,0
2026-01-01 00:50:00,S0027,structure,industrial,edge_industrial,2,0.2897242872021768,33.61331493401796,0,0
2026-01-01 00:50:00,S0028,energy,residential,edge_residential,1,71.0949297209732,72.44447334189813,0,0
2026-01-01 00:50:00,S0029,air_quality,industrial,edge_industrial,1,21.56458611530159,93.31065332946534,0,0
2026-01-01 00:50:00,S0030,air_quality,industrial,edge_industrial,1,18.589215314699494,69.76387659733776,0,0
2026-01-01 00:50:00,S0031,traffic,downtown,edge_downtown,2,34.54354212830033,25.396031192135045,0,0
2026-01-01 00:50:00,S0032,traffic,industrial,edge_industrial,2,39.841543833108084,55.20103869109521,0,0
2026-01-01 00:50:00,S0033,traffic,waterfront,edge_waterfront,2,37.354958049620016,40.036732963168575,0,0
2026-01-01 00:50:00,S0034,energy,residential,edge_residential,1,75.33554876052729,100.719444224228,0,0
2026-01-01 00:50:00,S0035,traffic,industrial,edge_industrial,2,28.21538070330539,29.30388322325979,0,0
2026-01-01 00:50:00,S0036,air_quality,residential,edge_residential,1,21.290029879061123,66.59301251905347,0,0
2026-01-01 00:50:00,S0037,traffic,waterfront,edge_waterfront,2,34.04854882397743,42.09933860694409,0,0
2026-01-01 00:50:00,S0038,energy,industrial,edge_industrial,1,59.737451895023355,48.5685840811929,0,0
2026-01-01 00:50:00,S0039,traffic,residential,edge_residential,2,29.819953531561097,52.823456594601105,0,0
2026-01-01 00:51:00,S0000,energy,residential,edge_residential,1,77.5252392560458,62.533178353434145,0,0
2026-01-01 00:51:00,S0001,structure,industrial,edge_industrial,2,0.299278271852801,28.019138092446326,0,0
2026-01-01 00:51:00,S0002,energy,waterfront,edge_waterfront,1,73.412546488908,87.22724252255384,0,0
2026-01-01 00:51:00,S0003,traffic,waterfront,edge_waterfront,2,42.434182894624556,54.46414309145855,0,0
2026-01-01 00:51:00,S0004,traffic,downtown,edge_downtown,2,40.921463071006286,27.27283509800735,0,0
2026-01-01 00:51:00,S0005,structure,residential,edge_residential,2,0.26293842933988854,32.653432241750515,0,0
2026-01-01 00:51:00,S0006,traffic,waterfront,edge_waterfront,2,40.104096972072455,27.405247153582366,0,0
2026-01-01 00:51:00,S0007,energy,waterfront,edge_waterfront,1,73.44471645430895,55.86007616141306,0,0
2026-01-01 00:51:00,S0008,energy,transit,edge_transit,1,85.13831819213485,110.50289057964034,0,0
2026-01-01 00:51:00,S0009,air_quality,transit,edge_transit,1,20.959833596079918,54.07445583458962,0,0
2026-01-01 00:51:00,S0010,traffic,downtown,edge_downtown,2,35.13909730155389,44.77851993679015,0,0
2026-01-01 00:51:00,S0011,traffic,transit,edge_transit,2,31.279000331726486,33.01003735278019,0,0
2026-01-01 00:51:00,S0012,traffic,residential,edge_residential,2,27.28707334357492,40.34877312814985,0,0
2026-01-01 00:51:00,S0013,air_quality,downtown,edge_downtown,1,18.814160039203255,46.21862221631221,0,0
2026-01-01 00:51:00,S0014,air_quality,industrial,edge_industrial,1,31.06441168302497,67.89009890303811,1,0
2026-01-01 00:51:00,S0015,air_quality,residential,edge_residential,1,18.510889130680663,71.67301937928558,0,0
2026-01-01 00:51:00,S0016,structure,transit,edge_transit,2,0.2323265084141069,29.91389171267887,0,0
2026-01-01 00:51:00,S0017,energy,residential,edge_residential,1,60.581421073034825,65.02380510185012,0,0
2026-01-01 00:51:00,S0018,energy,transit,edge_transit,1,70.50767428189575,100.54293697223413,0,0
2026-01-01 00:51:00,S0019,structure,waterfront,edge_waterfront,2,,32.61173832862818,0,1
2026-01-01 00:51:00,S0020,traffic,transit,edge_transit,2,38.55194692962331,59.223380080149035,0,0
2026-01-01 00:51:00,S0021,traffic,industrial,edge_industrial,2,31.21994593442202,40.431628401047284,0,0
2026-01-01 00:51:00,S0022,energy,transit,edge_transit,1,76.0079754643265,101.23394586862332,0,0
2026-01-01 00:51:00,S0023,traffic,residential,edge_residential,2,40.742093031520625,17.315177531097838,0,0
2026-01-01 00:51:00,S0024,traffic,downtown,edge_downtown,2,39.64631805010721,32.23419642329307,0,0
2026-01-01 00:51:00,S0025,air_quality,downtown,edge_downtown,1,14.381949207071779,65.59403482053044,0,0
2026-01-01 00:51:00,S0026,air_quality,transit,edge_transit,1,17.705950020643492,69.59430760307434,0,0
2026-01-01 00:51:00,S0027,structure,industrial,edge_industrial,2,0.22104952807871076,38.03251515248427,0,0
2026-01-01 00:51:00,S0028,energy,residential,edge_residential,1,68.6586179640581,83.83084545235677,0,0
2026-01-01 00:51:00,S0029,air_quality,industrial,edge_industrial,1,19.839382125933994,36.084514089204305,0,0
2026-01-01 00:51:00,S0030,air_quality,industrial,edge_industrial,1,20.77524563271299,71.66670674677411,0,0
2026-01-01 00:51:00,S0031,traffic,downtown,edge_downtown,2,26.433788147047895,45.554599723022875,0,0
2026-01-01 00:51:00,S0032,traffic,industrial,edge_industrial,2,33.52964348030089,40.91910850083058,0,0
2026-01-01 00:51:00,S0033,traffic,waterfront,edge_waterfront,2,29.564166392763518,37.28826027284035,0,0
2026-01-01 00:51:00,S0034,energy,residential,edge_residential,1,68.07888349629022,94.42309974828524,0,0
2026-01-01 00:51:00,S0035,traffic,industrial,edge_industrial,2,26.03712607517182,51.36024844115547,0,0
2026-01-01 00:51:00,S0036,air_quality,residential,edge_residential,1,15.733834663538207,69.13563711297112,0,0
2026-01-01 00:51:00,S0037,traffic,waterfront,edge_waterfront,2,30.784403785761434,38.87472504840311,0,0
2026-01-01 00:51:00,S0038,energy,industrial,edge_industrial,1,70.82789321562987,94.7133279553008,0,0
2026-01-01 00:51:00,S0039,traffic,residential,edge_residential,2,35.739462478034305,24.439166968946818,0,0
2026-01-01 00:52:00,S0000,energy,residential,edge_residential,1,76.49371163736136,71.90544381955092,0,0
2026-01-01 00:52:00,S0001,structure,industrial,edge_industrial,2,0.2734341050666054,30.314400484634856,0,0
2026-01-01 00:52:00,S0002,energy,waterfront,edge_waterfront,1,73.45549485311298,94.25420906205994,0,0
2026-01-01 00:52:00,S0003,traffic,waterfront,edge_waterfront,2,33.10033356983533,39.442156220361056,0,0
2026-01-01 00:52:00,S0004,traffic,downtown,edge_downtown,2,35.181925335520084,34.303550855348185,0,0
2026-01-01 00:52:00,S0005,structure,residential,edge_residential,2,0.2559723378036221,31.410913084458407,0,0
2026-01-01 00:52:00,S0006,traffic,waterfront,edge_waterfront,2,33.21340852262075,38.194450879008215,0,0
2026-01-01 00:52:00,S0007,energy,waterfront,edge_waterfront,1,63.768151066838826,108.3459015212197,0,0
2026-01-01 00:52:00,S0008,energy,transit,edge_transit,1,73.82019634782966,92.57929552018646,0,0
2026-01-01 00:52:00,S0009,air_quality,transit,edge_transit,1,19.423681080639447,38.24117089666183,0,0
2026-01-01 00:52:00,S0010,traffic,downtown,edge_downtown,2,39.281222547441864,38.28694880362024,0,0
2026-01-01 00:52:00,S0011,traffic,transit,edge_transit,2,36.055856660955925,51.599159883766106,0,0
2026-01-01 00:52:00,S0012,traffic,residential,edge_residential,2,28.908837944861418,45.844225036963735,0,0
2026-01-01 00:52:00,S0013,air_quality,downtown,edge_downtown,1,15.037429423549728,68.45504215344198,0,0
2026-01-01 00:52:00,S0014,air_quality,industrial,edge_industrial,1,17.88239917726652,88.40377502247972,0,0
2026-01-01 00:52:00,S0015,air_quality,residential,edge_residential,1,23.073005496278398,82.5073309170076,0,0
2026-01-01 00:52:00,S0016,structure,transit,edge_transit,2,0.5980139946251904,35.464817368065674,1,0
2026-01-01 00:52:00,S0017,energy,residential,edge_residential,1,74.13022892013822,82.39237164214683,0,0
2026-01-01 00:52:00,S0018,energy,transit,edge_transit,1,65.97461160709051,45.5364848668779,0,0
2026-01-01 00:52:00,S0019,structure,waterfront,edge_waterfront,2,0.26794374973371127,27.24634113578391,0,0
2026-01-01 00:52:00,S0020,traffic,transit,edge_transit,2,35.40114456782554,26.117313512638482,0,0
2026-01-01 00:52:00,S0021,traffic,industrial,edge_industrial,2,34.0546857000386,32.67118900900139,0,0
2026-01-01 00:52:00,S0022,energy,transit,edge_transit,1,78.2859715509075,87.53723709210247,0,0
2026-01-01 00:52:00,S0023,traffic,residential,edge_residential,2,35.324196531371996,21.4871397552556,0,0
2026-01-01 00:52:00,S0024,traffic,downtown,edge_downtown,2,37.12386934792481,38.61503500608065,0,0
2026-01-01 00:52:00,S0025,air_quality,downtown,edge_downtown,1,18.722850856070707,60.951286543048596,0,0
2026-01-01 00:52:00,S0026,air_quality,transit,edge_transit,1,16.244212274138413,64.10361169194576,0,0
2026-01-01 00:52:00,S0027,structure,industrial,edge_industrial,2,0.20282739597300953,43.44819302318851,0,0
2026-01-01 00:52:00,S0028,energy,residential,edge_residential,1,75.58360279422351,56.21538493345339,0,0
2026-01-01 00:52:00,S0029,air_quality,industrial,edge_industrial,1,16.926023189516798,65.23474888292797,0,0
2026-01-01 00:52:00,S0030,air_quality,industrial,edge_industrial,1,20.145630372370235,76.15958697272752,0,0
2026-01-01 00:52:00,S0031,traffic,downtown,edge_downtown,2,39.547603173091076,48.977196369538106,0,0
2026-01-01 00:52:00,S0032,traffic,industrial,edge_industrial,2,40.35249232394272,58.765506336702344,0,0
2026-01-01 00:52:00,S0033,traffic,waterfront,edge_waterfront,2,34.37128032896239,36.71916096665503,0,0
2026-01-01 00:52:00,S0034,energy,residential,edge_residential,1,75.29399071562291,139.99716332452562,0,0
2026-01-01 00:52:00,S0035,traffic,industrial,edge_industrial,2,38.50941066957238,35.09125449118057,0,0
2026-01-01 00:52:00,S0036,air_quality,residential,edge_residential,1,21.352179893081466,48.975482579800506,0,0
2026-01-01 00:52:00,S0037,traffic,waterfront,edge_waterfront,2,38.49047852798895,47.068072430424046,0,0
2026-01-01 00:52:00,S0038,energy,industrial,edge_industrial,1,71.716829107733,76.64673936101552,0,0
2026-01-01 00:52:00,S0039,traffic,residential,edge_residential,2,29.567755823285022,37.37001416620879,0,0
2026-01-01 00:53:00,S0000,energy,residential,edge_residential,1,67.23595087139408,100.08832255467873,0,0
2026-01-01 00:53:00,S0001,structure,industrial,edge_industrial,2,0.31861582293689616,49.38878071484153,0,0
2026-01-01 00:53:00,S0002,energy,waterfront,edge_waterfront,1,77.68591856044091,57.59012835376744,0,0
2026-01-01 00:53:00,S0003,traffic,waterfront,edge_waterfront,2,27.11681603248884,39.717134058897244,0,0
2026-01-01 00:53:00,S0004,traffic,downtown,edge_downtown,2,39.752826968325515,45.19570807261629,0,0
2026-01-01 00:53:00,S0005,structure,residential,edge_residential,2,0.26978446635653414,33.399312303714915,0,0
2026-01-01 00:53:00,S0006,traffic,waterfront,edge_waterfront,2,33.446079853976045,59.10507021605229,0,0
2026-01-01 00:53:00,S0007,energy,waterfront,edge_waterfront,1,78.5670290738311,67.13887089641912,0,0
2026-01-01 00:53:00,S0008,energy,transit,edge_transit,1,72.74615234240328,99.9114025212119,0,0
2026-01-01 00:53:00,S0009,air_quality,transit,edge_transit,1,18.649100842528824,57.98216736397784,0,0
2026-01-01 00:53:00,S0010,traffic,downtown,edge_downtown,2,33.12660291646246,46.1338965287647,0,0
2026-01-01 00:53:00,S0011,traffic,transit,edge_transit,2,35.11743747516883,45.74336780839573,0,0
2026-01-01 00:53:00,S0012,traffic,residential,edge_residential,2,36.43039138363634,40.68937691985402,0,0
2026-01-01 00:53:00,S0013,air_quality,downtown,edge_downtown,1,22.584895758821972,29.254901786140884,0,0
2026-01-01 00:53:00,S0014,air_quality,industrial,edge_industrial,1,19.82985459761783,58.68853217808457,0,0
2026-01-01 00:53:00,S0015,air_quality,residential,edge_residential,1,18.51914140270895,60.41898954019662,0,0
2026-01-01 00:53:00,S0016,structure,transit,edge_transit,2,0.31351729136120904,32.57489353576375,0,0
2026-01-01 00:53:00,S0017,energy,residential,edge_residential,1,65.94079456024248,63.9344425032281,0,0
2026-01-01 00:53:00,S0018,energy,transit,edge_transit,1,66.2453570061327,54.43506365317836,0,0
2026-01-01 00:53:00,S0019,structure,waterfront,edge_waterfront,2,0.2794747616717229,39.003677843522624,0,0
2026-01-01 00:53:00,S0020,traffic,transit,edge_transit,2,44.259884152557476,44.26745346200572,0,0
2026-01-01 00:53:00,S0021,traffic,industrial,edge_industrial,2,31.251526332832633,63.25094871658459,0,0
2026-01-01 00:53:00,S0022,energy,transit,edge_transit,1,78.66601563175104,112.71962361348434,0,0
2026-01-01 00:53:00,S0023,traffic,residential,edge_residential,2,24.42771390760455,48.65189377813867,0,0
2026-01-01 00:53:00,S0024,traffic,downtown,edge_downtown,2,40.45576883842065,41.80493767644986,0,0
2026-01-01 00:53:00,S0025,air_quality,downtown,edge_downtown,1,19.357665562814155,63.78017605211132,0,0
2026-01-01 00:53:00,S0026,air_quality,transit,edge_transit,1,13.628353688838743,58.68796322724387,0,0
2026-01-01 00:53:00,S0027,structure,industrial,edge_industrial,2,0.2334509025947991,28.28760433698521,0,0
2026-01-01 00:53:00,S0028,energy,residential,edge_residential,1,78.11924024849813,71.85514813873846,0,0
2026-01-01 00:53:00,S0029,air_quality,industrial,edge_industrial,1,20.730981065822466,60.263794077992785,0,0
2026-01-01 00:53:00,S0030,air_quality,industrial,edge_industrial,1,12.975265800638411,95.31032072423301,0,0
2026-01-01 00:53:00,S0031,traffic,downtown,edge_downtown,2,32.608975680773,53.93732758602138,0,0
2026-01-01 00:53:00,S0032,traffic,industrial,edge_industrial,2,38.65354925312185,41.3385010194484,0,0
2026-01-01 00:53:00,S0033,traffic,waterfront,edge_waterfront,2,28.78480141150741,53.88016179900793,0,0
2026-01-01 00:53:00,S0034,energy,residential,edge_residential,1,66.9984884094411,99.57672497545794,0,0
2026-01-01 00:53:00,S0035,traffic,industrial,edge_industrial,2,34.59628188384309,64.40646641401743,0,0
2026-01-01 00:53:00,S0036,air_quality,residential,edge_residential,1,16.595741329529872,40.92034925299949,0,0
2026-01-01 00:53:00,S0037,traffic,waterfront,edge_waterfront,2,38.536229009196305,23.91538885612347,0,0
2026-01-01 00:53:00,S0038,energy,industrial,edge_industrial,1,83.77059206011012,84.0922864013308,0,0
2026-01-01 00:53:00,S0039,traffic,residential,edge_residential,2,29.557734881449925,47.6681635546789,0,0
2026-01-01 00:54:00,S0000,energy,residential,edge_residential,1,73.02659254614352,63.57025981661624,0,0
2026-01-01 00:54:00,S0001,structure,industrial,edge_industrial,2,0.2901290502123884,57.96465321630646,0,0
2026-01-01 00:54:00,S0002,energy,waterfront,edge_waterfront,1,70.67195618455473,67.10845745853801,0,0
2026-01-01 00:54:00,S0003,traffic,waterfront,edge_waterfront,2,37.51274914660731,49.020670762057975,0,0
2026-01-01 00:54:00,S0004,traffic,downtown,edge_downtown,2,38.83771516741611,63.93166862204406,0,0
2026-01-01 00:54:00,S0005,structure,residential,edge_residential,2,0.24181558637312822,29.55923858328854,0,0
2026-01-01 00:54:00,S0006,traffic,waterfront,edge_waterfront,2,32.93701436974608,38.04502083120293,0,0
2026-01-01 00:54:00,S0007,energy,waterfront,edge_waterfront,1,69.737679684856,39.41555865845515,0,0
2026-01-01 00:54:00,S0008,energy,transit,edge_transit,1,76.66918619925995,82.96874249636457,0,0
2026-01-01 00:54:00,S0009,air_quality,transit,edge_transit,1,16.661840567807804,47.15187680448287,0,0
2026-01-01 00:54:00,S0010,traffic,downtown,edge_downtown,2,34.11767391723541,54.7565170068989,0,0
2026-01-01 00:54:00,S0011,traffic,transit,edge_transit,2,28.097793631152193,44.803445175001244,0,0
2026-01-01 00:54:00,S0012,traffic,residential,edge_residential,2,41.07006157053494,33.08268874512454,0,0
2026-01-01 00:54:00,S0013,air_quality,downtown,edge_downtown,1,17.98506145929997,90.30827070254135,0,0
2026-01-01 00:54:00,S0014,air_quality,industrial,edge_industrial,1,21.686029388544142,54.611800338016245,0,0
2026-01-01 00:54:00,S0015,air_quality,residential,edge_residential,1,18.75499565073922,79.16091481168647,0,0
2026-01-01 00:54:00,S0016,structure,transit,edge_transit,2,0.1882932292214921,40.743162413316135,0,0
2026-01-01 00:54:00,S0017,energy,residential,edge_residential,1,69.89635189540007,108.85609828577142,0,0
2026-01-01 00:54:00,S0018,energy,transit,edge_transit,1,79.40386806641541,56.618599021699154,0,0
2026-01-01 00:54:00,S0019,structure,waterfront,edge_waterfront,2,0.22886473380367847,31.08523648769112,0,0
2026-01-01 00:54:00,S0020,traffic,transit,edge_transit,2,38.712135749518694,36.34217974255618,0,0
2026-01-01 00:54:00,S0021,traffic,industrial,edge_industrial,2,29.963526680844097,44.784507965660524,0,0
2026-01-01 00:54:00,S0022,energy,transit,edge_transit,1,86.00222097618624,53.957031085341455,0,0
2026-01-01 00:54:00,S0023,traffic,residential,edge_residential,2,31.37927377516269,29.733717228106663,0,0
2026-01-01 00:54:00,S0024,traffic,downtown,edge_downtown,2,41.22087774690175,23.80647449974081,0,0
2026-01-01 00:54:00,S0025,air_quality,downtown,edge_downtown,1,20.185915562915756,80.18202950042377,0,0
2026-01-01 00:54:00,S0026,air_quality,transit,edge_transit,1,16.505603810226514,60.68678508257696,0,0
2026-01-01 00:54:00,S0027,structure,industrial,edge_industrial,2,0.21017138867710897,33.08537243497139,0,0
2026-01-01 00:54:00,S0028,energy,residential,edge_residential,1,75.46061245271525,66.67568394251109,0,0
2026-01-01 00:54:00,S0029,air_quality,industrial,edge_industrial,1,20.29181136933742,68.96124118834132,0,0
2026-01-01 00:54:00,S0030,air_quality,industrial,edge_industrial,1,22.035136436488642,52.38408673925177,0,0
2026-01-01 00:54:00,S0031,traffic,downtown,edge_downtown,2,33.35741285128728,35.06781021513721,0,0
2026-01-01 00:54:00,S0032,traffic,industrial,edge_industrial,2,37.163675515110974,43.87335403204479,0,0
2026-01-01 00:54:00,S0033,traffic,waterfront,edge_waterfront,2,32.6426034183646,62.506620000591354,0,0
2026-01-01 00:54:00,S0034,energy,residential,edge_residential,1,66.61255022041763,118.36063895528434,0,0
2026-01-01 00:54:00,S0035,traffic,industrial,edge_industrial,2,37.963390689209994,57.91064539314498,0,0
2026-01-01 00:54:00,S0036,air_quality,residential,edge_residential,1,25.500006699041126,78.84053437176628,0,0
2026-01-01 00:54:00,S0037,traffic,waterfront,edge_waterfront,2,34.27245990807087,37.6184642705231,0,0
2026-01-01 00:54:00,S0038,energy,industrial,edge_industrial,1,77.80717173689878,70.01933669053352,0,0
2026-01-01 00:54:00,S0039,traffic,residential,edge_residential,2,30.13032519181187,45.31346501964313,0,0
2026-01-01 00:55:00,S0000,energy,residential,edge_residential,1,73.77700947686144,66.19537162104932,0,0
2026-01-01 00:55:00,S0001,structure,industrial,edge_industrial,2,0.24591073729927085,41.155670591587224,0,0
2026-01-01 00:55:00,S0002,energy,waterfront,edge_waterfront,1,80.2996510785323,88.65219930005455,0,0
2026-01-01 00:55:00,S0003,traffic,waterfront,edge_waterfront,2,39.63594175318434,45.961086261604635,0,0
2026-01-01 00:55:00,S0004,traffic,downtown,edge_downtown,2,41.002787230893986,53.19461916578402,0,0
2026-01-01 00:55:00,S0005,structure,residential,edge_residential,2,0.5679126204312058,32.65680652116823,1,0
2026-01-01 00:55:00,S0006,traffic,waterfront,edge_waterfront,2,31.39805359567381,48.46605645222813,0,0
2026-01-01 00:55:00,S0007,energy,waterfront,edge_waterfront,1,74.41003548343757,100.02718845778242,0,0
2026-01-01 00:55:00,S0008,energy,transit,edge_transit,1,75.58238132570241,100.18067307399738,0,0
2026-01-01 00:55:00,S0009,air_quality,transit,edge_transit,1,17.778365394750917,67.0890706789863,0,0
2026-01-01 00:55:00,S0010,traffic,downtown,edge_downtown,2,35.19501052857714,51.475674951176124,0,0
2026-01-01 00:55:00,S0011,traffic,transit,edge_transit,2,29.868756851199354,51.66511993003665,0,0
2026-01-01 00:55:00,S0012,traffic,residential,edge_residential,2,34.194179381704345,29.877509533869173,0,0
2026-01-01 00:55:00,S0013,air_quality,downtown,edge_downtown,1,16.612361729402156,97.80947053880325,0,0
2026-01-01 00:55:00,S0014,air_quality,industrial,edge_industrial,1,20.0505374605384,60.47753444668201,0,0
2026-01-01 00:55:00,S0015,air_quality,residential,edge_residential,1,18.73166741929416,62.73162370028751,0,0
2026-01-01 00:55:00,S0016,structure,transit,edge_transit,2,0.16045611771436946,35.243384557201125,0,0
2026-01-01 00:55:00,S0017,energy,residential,edge_residential,1,64.18425417004454,83.1108677311155,0,0
2026-01-01 00:55:00,S0018,energy,transit,edge_transit,1,66.78100062401505,65.52935619117073,0,0
2026-01-01 00:55:00,S0019,structure,waterfront,edge_waterfront,2,0.2795980587538926,37.89277259967898,0,0
2026-01-01 00:55:00,S0020,traffic,transit,edge_transit,2,37.449454760794964,59.23159371644437,0,0
2026-01-01 00:55:00,S0021,traffic,industrial,edge_industrial,2,38.08872552970337,54.43593336647108,0,0
2026-01-01 00:55:00,S0022,energy,transit,edge_transit,1,60.4302750869319,83.77077789933769,0,0
2026-01-01 00:55:00,S0023,traffic,residential,edge_residential,2,45.03246051081722,46.04878264506866,0,0
2026-01-01 00:55:00,S0024,traffic,downtown,edge_downtown,2,33.2817848709037,57.4495985942168,0,0
2026-01-01 00:55:00,S0025,air_quality,downtown,edge_downtown,1,20.93729168776725,54.60818982855166,0,0
2026-01-01 00:55:00,S0026,air_quality,transit,edge_transit,1,16.52749398528013,49.71197338239705,0,0
2026-01-01 00:55:00,S0027,structure,industrial,edge_industrial,2,0.23012348319888565,42.308017804373094,0,0
2026-01-01 00:55:00,S0028,energy,residential,edge_residential,1,64.26053096523533,59.44870128239661,0,0
2026-01-01 00:55:00,S0029,air_quality,industrial,edge_industrial,1,15.740306151088394,65.47497304705718,0,0
2026-01-01 00:55:00,S0030,air_quality,industrial,edge_industrial,1,19.158734519802564,59.29037522044644,0,0
2026-01-01 00:55:00,S0031,traffic,downtown,edge_downtown,2,33.04405912193892,33.57370681911364,0,0
2026-01-01 00:55:00,S0032,traffic,industrial,edge_industrial,2,42.56356198140837,30.987055912038837,0,0
2026-01-01 00:55:00,S0033,traffic,waterfront,edge_waterfront,2,31.300589411848897,34.2327006966858,0,0
2026-01-01 00:55:00,S0034,energy,residential,edge_residential,1,73.96103827745239,90.57454181306552,0,0
2026-01-01 00:55:00,S0035,traffic,industrial,edge_industrial,2,43.65559621899307,47.28263184333265,1,0
2026-01-01 00:55:00,S0036,air_quality,residential,edge_residential,1,22.49650970539195,84.9845730372082,0,0
2026-01-01 00:55:00,S0037,traffic,waterfront,edge_waterfront,2,37.09079504501837,43.56236057064729,0,0
2026-01-01 00:55:00,S0038,energy,industrial,edge_industrial,1,75.20771698902118,63.236145463523954,0,0
2026-01-01 00:55:00,S0039,traffic,residential,edge_residential,2,40.486772813867816,26.600523869594404,0,0
2026-01-01 00:56:00,S0000,energy,residential,edge_residential,1,67.30192070170035,97.6949886702981,0,0
2026-01-01 00:56:00,S0001,structure,industrial,edge_industrial,2,,31.18547884856518,0,1
2026-01-01 00:56:00,S0002,energy,waterfront,edge_waterfront,1,76.38918005013088,112.5902620010596,0,0
2026-01-01 00:56:00,S0003,traffic,waterfront,edge_waterfront,2,45.483009385375944,38.90323541795177,0,0
2026-01-01 00:56:00,S0004,traffic,downtown,edge_downtown,2,46.782693219934444,61.285735305255955,0,0
2026-01-01 00:56:00,S0005,structure,residential,edge_residential,2,0.24795470415125456,37.20965490029242,0,0
2026-01-01 00:56:00,S0006,traffic,waterfront,edge_waterfront,2,29.876935359835457,40.142560032213,0,0
2026-01-01 00:56:00,S0007,energy,waterfront,edge_waterfront,1,59.157589062411375,65.74406238205863,0,0
2026-01-01 00:56:00,S0008,energy,transit,edge_transit,1,65.7286871702591,68.00847906939215,0,0
2026-01-01 00:56:00,S0009,air_quality,transit,edge_transit,1,33.56578955866798,67.29744153471786,1,0
2026-01-01 00:56:00,S0010,traffic,downtown,edge_downtown,2,42.914074242436136,39.22102877825213,0,0
2026-01-01 00:56:00,S0011,traffic,transit,edge_transit,2,31.41913568525147,30.570668618924834,0,0
2026-01-01 00:56:00,S0012,traffic,residential,edge_residential,2,33.68439215650355,42.11367529089673,0,0
2026-01-01 00:56:00,S0013,air_quality,downtown,edge_downtown,1,22.446866445588242,74.25060434890774,0,0
2026-01-01 00:56:00,S0014,air_quality,industrial,edge_industrial,1,21.741104156247403,51.12265448846144,0,0
2026-01-01 00:56:00,S0015,air_quality,residential,edge_residential,1,15.19039352587897,62.814337513004745,0,0
2026-01-01 00:56:00,S0016,structure,transit,edge_transit,2,0.2241769671730401,41.28307507682859,0,0
2026-01-01 00:56:00,S0017,energy,residential,edge_residential,1,77.72615470181799,89.57531044943543,0,0
2026-01-01 00:56:00,S0018,energy,transit,edge_transit,1,75.28133875802423,77.2297765680703,0,0
2026-01-01 00:56:00,S0019,structure,waterfront,edge_waterfront,2,0.25257141269566546,29.336990483184238,0,0
2026-01-01 00:56:00,S0020,traffic,transit,edge_transit,2,35.88064819349008,46.18569755017012,0,0
2026-01-01 00:56:00,S0021,traffic,industrial,edge_industrial,2,31.94092622386795,38.54072499835248,0,0
2026-01-01 00:56:00,S0022,energy,transit,edge_transit,1,78.19541837368465,94.69270783679087,0,0
2026-01-01 00:56:00,S0023,traffic,residential,edge_residential,2,32.47559857498239,37.65683813780961,0,0
2026-01-01 00:56:00,S0024,traffic,downtown,edge_downtown,2,32.072466721262536,52.020011917059826,0,0
2026-01-01 00:56:00,S0025,air_quality,downtown,edge_downtown,1,18.23854796365323,39.76295709735514,0,0
2026-01-01 00:56:00,S0026,air_quality,transit,edge_transit,1,19.067726930579582,52.872267442022036,0,0
2026-01-01 00:56:00,S0027,structure,industrial,edge_industrial,2,0.15212444433304156,23.123395342741365,0,0
2026-01-01 00:56:00,S0028,energy,residential,edge_residential,1,76.84165490617175,91.95624757782697,0,0
2026-01-01 00:56:00,S0029,air_quality,industrial,edge_industrial,1,16.39260650242117,54.04618818607943,0,0
2026-01-01 00:56:00,S0030,air_quality,industrial,edge_industrial,1,19.026264895412893,77.1674323149366,0,0
2026-01-01 00:56:00,S0031,traffic,downtown,edge_downtown,2,33.56038678197177,44.89570229937249,0,0
2026-01-01 00:56:00,S0032,traffic,industrial,edge_industrial,2,42.41601580884988,49.66759484920259,0,0
2026-01-01 00:56:00,S0033,traffic,waterfront,edge_waterfront,2,49.5258239380039,38.55789738127337,0,0
2026-01-01 00:56:00,S0034,energy,residential,edge_residential,1,75.24489518591909,79.17100384150757,0,0
2026-01-01 00:56:00,S0035,traffic,industrial,edge_industrial,2,40.888983049057984,36.970796036473686,0,0
2026-01-01 00:56:00,S0036,air_quality,residential,edge_residential,1,24.41082196689056,97.56780681504397,0,0
2026-01-01 00:56:00,S0037,traffic,waterfront,edge_waterfront,2,41.74294505196911,38.56591491737688,0,0
2026-01-01 00:56:00,S0038,energy,industrial,edge_industrial,1,69.61735198211642,87.3291015429668,0,0
2026-01-01 00:56:00,S0039,traffic,residential,edge_residential,2,40.333753067399975,43.080234085709975,0,0
2026-01-01 00:57:00,S0000,energy,residential,edge_residential,1,75.25133399948108,97.29305140950294,0,0
2026-01-01 00:57:00,S0001,structure,industrial,edge_industrial,2,0.2534127912378608,33.93654256916862,0,0
2026-01-01 00:57:00,S0002,energy,waterfront,edge_waterfront,1,74.61652101472488,61.589732544309996,0,0
2026-01-01 00:57:00,S0003,traffic,waterfront,edge_waterfront,2,43.62133399215372,41.941428065672376,0,0
2026-01-01 00:57:00,S0004,traffic,downtown,edge_downtown,2,33.80800841632793,47.243466582393445,0,0
2026-01-01 00:57:00,S0005,structure,residential,edge_residential,2,0.29497471589316604,33.527294507053774,0,0
2026-01-01 00:57:00,S0006,traffic,waterfront,edge_waterfront,2,40.379958500290485,49.34528329984712,0,0
2026-01-01 00:57:00,S0007,energy,waterfront,edge_waterfront,1,75.0358545147976,11.753769447746052,0,0
2026-01-01 00:57:00,S0008,energy,transit,edge_transit,1,74.95834481586624,65.93260046798422,0,0
2026-01-01 00:57:00,S0009,air_quality,transit,edge_transit,1,23.02104408456987,57.44699224981522,0,0
2026-01-01 00:57:00,S0010,traffic,downtown,edge_downtown,2,42.617626642699925,30.756382670086317,0,0
2026-01-01 00:57:00,S0011,traffic,transit,edge_transit,2,32.90401764409087,48.04205244143277,0,0
2026-01-01 00:57:00,S0012,traffic,residential,edge_residential,2,40.6042452829302,29.616174335502684,0,0
2026-01-01 00:57:00,S0013,air_quality,downtown,edge_downtown,1,20.490681439655535,53.35806377695987,0,0
2026-01-01 00:57:00,S0014,air_quality,industrial,edge_industrial,1,21.812734901170614,56.04043237410825,0,0
2026-01-01 00:57:00,S0015,air_quality,residential,edge_residential,1,17.995238123257426,69.97810723232926,0,0
2026-01-01 00:57:00,S0016,structure,transit,edge_transit,2,0.26662524114753683,46.584049437810975,0,0
2026-01-01 00:57:00,S0017,energy,residential,edge_residential,1,91.1684099378395,114.59079133369006,0,0
2026-01-01 00:57:00,S0018,energy,transit,edge_transit,1,74.80791524693451,15.522774914008608,0,0
2026-01-01 00:57:00,S0019,structure,waterfront,edge_waterfront,2,0.2279132099620299,35.44107388346825,0,0
2026-01-01 00:57:00,S0020,traffic,transit,edge_transit,2,28.563362371485077,58.22673185517738,0,0
2026-01-01 00:57:00,S0021,traffic,industrial,edge_industrial,2,30.91639853465351,47.97194563501972,0,0
2026-01-01 00:57:00,S0022,energy,transit,edge_transit,1,74.73114691159884,112.06210057229436,0,0
2026-01-01 00:57:00,S0023,traffic,residential,edge_residential,2,36.21613921169269,45.85984042155042,0,0
2026-01-01 00:57:00,S0024,traffic,downtown,edge_downtown,2,37.72325265728388,50.197967955493155,0,0
2026-01-01 00:57:00,S0025,air_quality,downtown,edge_downtown,1,20.776607409275478,61.02739905496852,0,0
2026-01-01 00:57:00,S0026,air_quality,transit,edge_transit,1,21.237891856705286,65.80797258564199,0,0
2026-01-01 00:57:00,S0027,structure,industrial,edge_industrial,2,0.5405012670551856,36.57848079424212,1,0
2026-01-01 00:57:00,S0028,energy,residential,edge_residential,1,90.30753038876614,63.23436377535199,0,0
2026-01-01 00:57:00,S0029,air_quality,industrial,edge_industrial,1,22.265833522733494,68.56932133141578,0,0
2026-01-01 00:57:00,S0030,air_quality,industrial,edge_industrial,1,17.87172347229424,60.24447329929031,0,0
2026-01-01 00:57:00,S0031,traffic,downtown,edge_downtown,2,29.590075563031775,42.085993179436976,0,0
2026-01-01 00:57:00,S0032,traffic,industrial,edge_industrial,2,29.365859030763104,44.939864476707704,0,0
2026-01-01 00:57:00,S0033,traffic,waterfront,edge_waterfront,2,51.53107191008696,39.914229287629105,1,0
2026-01-01 00:57:00,S0034,energy,residential,edge_residential,1,68.7230215209786,76.80155599482632,0,0
2026-01-01 00:57:00,S0035,traffic,industrial,edge_industrial,2,32.94345457843882,37.71689959569153,0,0
2026-01-01 00:57:00,S0036,air_quality,residential,edge_residential,1,20.133039003191687,72.01096103061504,0,0
2026-01-01 00:57:00,S0037,traffic,waterfront,edge_waterfront,2,34.53452017088819,35.18880230153863,0,0
2026-01-01 00:57:00,S0038,energy,industrial,edge_industrial,1,76.55764705290404,53.05247591821406,0,0
2026-01-01 00:57:00,S0039,traffic,residential,edge_residential,2,40.860823047615646,35.23381629145369,0,0
2026-01-01 00:58:00,S0000,energy,residential,edge_residential,1,68.60796119775736,72.52370679221103,0,0
2026-01-01 00:58:00,S0001,structure,industrial,edge_industrial,2,0.2570168058509718,48.11571701609587,0,0
2026-01-01 00:58:00,S0002,energy,waterfront,edge_waterfront,1,74.00611898610387,48.41555479620661,0,0
2026-01-01 00:58:00,S0003,traffic,waterfront,edge_waterfront,2,38.47971257355257,36.178042309031284,0,0
2026-01-01 00:58:00,S0004,traffic,downtown,edge_downtown,2,36.24043867065977,41.24033830876262,0,0
2026-01-01 00:58:00,S0005,structure,residential,edge_residential,2,0.29834197835994286,43.863390209598485,0,0
2026-01-01 00:58:00,S0006,traffic,waterfront,edge_waterfront,2,35.71240167420486,42.57278961472717,0,0
2026-01-01 00:58:00,S0007,energy,waterfront,edge_waterfront,1,81.42173663421762,79.77672453473116,0,0
2026-01-01 00:58:00,S0008,energy,transit,edge_transit,1,72.33836043273543,70.96591847623424,0,0
2026-01-01 00:58:00,S0009,air_quality,transit,edge_transit,1,17.684076914271262,65.56144919549193,0,0
2026-01-01 00:58:00,S0010,traffic,downtown,edge_downtown,2,38.04439376591696,17.045410995058365,0,0
2026-01-01 00:58:00,S0011,traffic,transit,edge_transit,2,33.09910634473314,46.94673367987661,0,0
2026-01-01 00:58:00,S0012,traffic,residential,edge_residential,2,33.205254901448114,29.6623964595057,0,0
2026-01-01 00:58:00,S0013,air_quality,downtown,edge_downtown,1,14.227296800672928,62.148512390948135,0,0
2026-01-01 00:58:00,S0014,air_quality,industrial,edge_industrial,1,17.80529039345142,69.0234331663472,0,0
2026-01-01 00:58:00,S0015,air_quality,residential,edge_residential,1,15.8512271768649,71.4540486265694,0,0
2026-01-01 00:58:00,S0016,structure,transit,edge_transit,2,0.28503493403252944,49.725068194909575,0,0
2026-01-01 00:58:00,S0017,energy,residential,edge_residential,1,79.23640349110912,36.80909578989158,0,0
2026-01-01 00:58:00,S0018,energy,transit,edge_transit,1,71.43606884577646,69.97640146875897,0,0
2026-01-01 00:58:00,S0019,structure,waterfront,edge_waterfront,2,0.2689254320992872,52.152290805563766,0,0
2026-01-01 00:58:00,S0020,traffic,transit,edge_transit,2,35.577410682578936,42.38603187930795,0,0
2026-01-01 00:58:00,S0021,traffic,industrial,edge_industrial,2,31.94868534920696,32.307927958890254,0,0
2026-01-01 00:58:00,S0022,energy,transit,edge_transit,1,74.23413260186169,40.06849691061077,0,0
2026-01-01 00:58:00,S0023,traffic,residential,edge_residential,2,25.72484304481469,38.50458149534685,0,0
2026-01-01 00:58:00,S0024,traffic,downtown,edge_downtown,2,37.13822496623567,59.695047335190445,0,0
2026-01-01 00:58:00,S0025,air_quality,downtown,edge_downtown,1,16.31369312357548,43.20561547126787,0,0
2026-01-01 00:58:00,S0026,air_quality,transit,edge_transit,1,20.09633766680637,65.58789417748723,0,0
2026-01-01 00:58:00,S0027,structure,industrial,edge_industrial,2,0.4538070499461109,46.567314898114056,1,0
2026-01-01 00:58:00,S0028,energy,residential,edge_residential,1,73.35291872784735,67.24308735106725,0,0
2026-01-01 00:58:00,S0029,air_quality,industrial,edge_industrial,1,18.684491631661334,43.55129627685537,0,0
2026-01-01 00:58:00,S0030,air_quality,industrial,edge_industrial,1,21.46150231809587,68.0707265084149,0,0
2026-01-01 00:58:00,S0031,traffic,downtown,edge_downtown,2,59.259602941064394,43.64111568996064,1,0
2026-01-01 00:58:00,S0032,traffic,industrial,edge_industrial,2,54.61840637590588,34.81943012912085,1,0
2026-01-01 00:58:00,S0033,traffic,waterfront,edge_waterfront,2,32.0169059454453,50.560366671732424,0,0
2026-01-01 00:58:00,S0034,energy,residential,edge_residential,1,67.37483742035079,82.81320450718218,0,0
2026-01-01 00:58:00,S0035,traffic,industrial,edge_industrial,2,27.3061727168513,46.958364755218604,0,0
2026-01-01 00:58:00,S0036,air_quality,residential,edge_residential,1,16.89382076255035,77.964997785185,0,0
2026-01-01 00:58:00,S0037,traffic,waterfront,edge_waterfront,2,39.1731946823532,47.585682527259465,0,0
2026-01-01 00:58:00,S0038,energy,industrial,edge_industrial,1,81.48359852182344,97.25916315039494,0,0
2026-01-01 00:58:00,S0039,traffic,residential,edge_residential,2,63.989007619680066,56.627144524528426,1,0
2026-01-01 00:59:00,S0000,energy,residential,edge_residential,1,79.65142947058516,57.64473171254416,0,0
2026-01-01 00:59:00,S0001,structure,industrial,edge_industrial,2,0.22877691892718965,29.344855150328055,0,0
2026-01-01 00:59:00,S0002,energy,waterfront,edge_waterfront,1,76.94085303037869,99.44939159802004,0,0
2026-01-01 00:59:00,S0003,traffic,waterfront,edge_waterfront,2,33.81512968154764,48.99629006385061,0,0
2026-01-01 00:59:00,S0004,traffic,downtown,edge_downtown,2,34.69029097518918,28.248257631485743,0,0
2026-01-01 00:59:00,S0005,structure,residential,edge_residential,2,0.30397136012985754,36.93894130679773,0,0
2026-01-01 00:59:00,S0006,traffic,waterfront,edge_waterfront,2,34.163830715247784,37.12816870259694,0,0
2026-01-01 00:59:00,S0007,energy,waterfront,edge_waterfront,1,61.01970658143465,99.11829406363225,0,0
2026-01-01 00:59:00,S0008,energy,transit,edge_transit,1,82.79562334639144,112.94696317125124,0,0
2026-01-01 00:59:00,S0009,air_quality,transit,edge_transit,1,20.569568912886165,81.27650819711539,0,0
2026-01-01 00:59:00,S0010,traffic,downtown,edge_downtown,2,45.01066143975423,20.26776526985462,0,0
2026-01-01 00:59:00,S0011,traffic,transit,edge_transit,2,31.643952035305983,58.61619412217787,0,0
2026-01-01 00:59:00,S0012,traffic,residential,edge_residential,2,38.264229304897114,40.92783467135477,0,0
2026-01-01 00:59:00,S0013,air_quality,downtown,edge_downtown,1,15.128739194115624,81.38224155702211,0,0
2026-01-01 00:59:00,S0014,air_quality,industrial,edge_industrial,1,19.95813811291802,53.161995367948194,0,0
2026-01-01 00:59:00,S0015,air_quality,residential,edge_residential,1,19.57446189233027,74.34834048338755,0,0
2026-01-01 00:59:00,S0016,structure,transit,edge_transit,2,0.274418595423754,28.393325399503173,0,0
2026-01-01 00:59:00,S0017,energy,residential,edge_residential,1,71.81620296787968,88.98424912347646,0,0
2026-01-01 00:59:00,S0018,energy,transit,edge_transit,1,87.78172560432752,108.19133779572934,0,0
2026-01-01 00:59:00,S0019,structure,waterfront,edge_waterfront,2,0.294610756195597,28.025006048321384,0,0
2026-01-01 00:59:00,S0020,traffic,transit,edge_transit,2,82.80776413397271,53.595504465538404,1,0
2026-01-01 00:59:00,S0021,traffic,industrial,edge_industrial,2,31.668250580850483,35.66374512488618,0,0
2026-01-01 00:59:00,S0022,energy,transit,edge_transit,1,80.69254622855621,76.88468965189873,0,0
2026-01-01 00:59:00,S0023,traffic,residential,edge_residential,2,32.40068356812975,41.852866544751684,0,0
2026-01-01 00:59:00,S0024,traffic,downtown,edge_downtown,2,42.98502158502883,48.910303024374535,0,0
2026-01-01 00:59:00,S0025,air_quality,downtown,edge_downtown,1,22.07925020968901,91.9933936266637,0,0
2026-01-01 00:59:00,S0026,air_quality,transit,edge_transit,1,18.422752467361477,67.15225465865552,0,0
2026-01-01 00:59:00,S0027,structure,industrial,edge_industrial,2,0.2805747350002653,33.94816304220054,0,0
2026-01-01 00:59:00,S0028,energy,residential,edge_residential,1,67.47269698822193,57.523904857384785,0,0
2026-01-01 00:59:00,S0029,air_quality,industrial,edge_industrial,1,42.95963399711763,47.34225844852495,1,0
2026-01-01 00:59:00,S0030,air_quality,industrial,edge_industrial,1,30.396802391039586,43.96994656463724,1,0
2026-01-01 00:59:00,S0031,traffic,downtown,edge_downtown,2,76.55969506902103,36.698406013899096,1,0
2026-01-01 00:59:00,S0032,traffic,industrial,edge_industrial,2,38.01590438071375,48.5179550396517,0,0
2026-01-01 00:59:00,S0033,traffic,waterfront,edge_waterfront,2,35.1575966184273,35.299564915106004,0,0
2026-01-01 00:59:00,S0034,energy,residential,edge_residential,1,66.7523968371834,95.5974141874487,0,0
2026-01-01 00:59:00,S0035,traffic,industrial,edge_industrial,2,30.58299496185637,46.11226165941639,0,0
2026-01-01 00:59:00,S0036,air_quality,residential,edge_residential,1,15.232899140413085,44.072952663470225,0,0
2026-01-01 00:59:00,S0037,traffic,waterfront,edge_waterfront,2,40.91241695277746,43.39249444659373,0,0
2026-01-01 00:59:00,S0038,energy,industrial,edge_industrial,1,72.94412453981248,85.79586848919296,0,0
2026-01-01 00:59:00,S0039,traffic,residential,edge_residential,2,37.651486679803895,50.58993964607945,0,0
2026-01-01 01:00:00,S0000,energy,residential,edge_residential,1,75.03876115216823,49.005103534745864,0,0
2026-01-01 01:00:00,S0001,structure,industrial,edge_industrial,2,0.24870184505417342,51.802992958611625,0,0
2026-01-01 01:00:00,S0002,energy,waterfront,edge_waterfront,1,79.97463490411212,110.4748651733434,0,0
2026-01-01 01:00:00,S0003,traffic,waterfront,edge_waterfront,2,32.400579173359695,51.29906703901534,0,0
2026-01-01 01:00:00,S0004,traffic,downtown,edge_downtown,2,17.370180581034546,42.190377211652056,0,0
2026-01-01 01:00:00,S0005,structure,residential,edge_residential,2,0.26763500076568425,37.70358637624659,0,0
2026-01-01 01:00:00,S0006,traffic,waterfront,edge_waterfront,2,39.613479630355904,55.932783881010394,0,0
2026-01-01 01:00:00,S0007,energy,waterfront,edge_waterfront,1,82.58503926435907,87.81690333048037,0,0
2026-01-01 01:00:00,S0008,energy,transit,edge_transit,1,88.83245854663802,112.48632803175619,0,0
2026-01-01 01:00:00,S0009,air_quality,transit,edge_transit,1,20.713211653982064,92.04724345444808,0,0
2026-01-01 01:00:00,S0010,traffic,downtown,edge_downtown,2,32.888201033590775,34.61826133718615,0,0
2026-01-01 01:00:00,S0011,traffic,transit,edge_transit,2,37.871621604214795,23.612432432657844,0,0
2026-01-01 01:00:00,S0012,traffic,residential,edge_residential,2,37.15235952111452,43.87677330846114,0,0
2026-01-01 01:00:00,S0013,air_quality,downtown,edge_downtown,1,18.313837573082754,77.67094309765733,0,0
2026-01-01 01:00:00,S0014,air_quality,industrial,edge_industrial,1,18.392946003232645,80.06842378842994,0,0
2026-01-01 01:00:00,S0015,air_quality,residential,edge_residential,1,13.785995051558318,61.7134254075405,0,0
2026-01-01 01:00:00,S0016,structure,transit,edge_transit,2,0.24797367727926975,34.8112586496475,0,0
2026-01-01 01:00:00,S0017,energy,residential,edge_residential,1,63.56240469191965,86.17293422975956,0,0
2026-01-01 01:00:00,S0018,energy,transit,edge_transit,1,65.60883175214148,103.92266238493549,0,0
2026-01-01 01:00:00,S0019,structure,waterfront,edge_waterfront,2,0.23744078878225436,21.214535716965454,0,0
2026-01-01 01:00:00,S0020,traffic,transit,edge_transit,2,44.08962569341757,46.315665190138624,0,0
2026-01-01 01:00:00,S0021,traffic,industrial,edge_industrial,2,38.80607658232292,38.86202813035643,0,0
2026-01-01 01:00:00,S0022,energy,transit,edge_transit,1,77.55521616947716,42.2613386340957,0,0
2026-01-01 01:00:00,S0023,traffic,residential,edge_residential,2,30.962685382770083,24.42741296660762,0,0
2026-01-01 01:00:00,S0024,traffic,downtown,edge_downtown,2,24.225375658346557,48.19659895714451,0,0
2026-01-01 01:00:00,S0025,air_quality,downtown,edge_downtown,1,20.240938431414023,87.81656986821116,0,0
2026-01-01 01:00:00,S0026,air_quality,transit,edge_transit,1,23.47577321364149,52.64951837346418,0,0
2026-01-01 01:00:00,S0027,structure,industrial,edge_industrial,2,0.2901823740177112,39.39535535373505,0,0
2026-01-01 01:00:00,S0028,energy,residential,edge_residential,1,81.75091477039642,85.98612136113819,0,0
2026-01-01 01:00:00,S0029,air_quality,industrial,edge_industrial,1,18.54635333190601,47.586514940447294,0,0
2026-01-01 01:00:00,S0030,air_quality,industrial,edge_industrial,1,22.005697600362613,55.28117332258532,0,0
2026-01-01 01:00:00,S0031,traffic,downtown,edge_downtown,2,34.5656520011574,41.735617522811076,0,0
2026-01-01 01:00:00,S0032,traffic,industrial,edge_industrial,2,29.63597558783921,37.22851413016025,0,0
2026-01-01 01:00:00,S0033,traffic,waterfront,edge_waterfront,2,44.52910762007355,52.70412223469604,0,0
2026-01-01 01:00:00,S0034,energy,residential,edge_residential,1,70.68062597157585,127.50981844841857,0,0
2026-01-01 01:00:00,S0035,traffic,industrial,edge_industrial,2,40.351978786651706,37.463136981682005,0,0
2026-01-01 01:00:00,S0036,air_quality,residential,edge_residential,1,19.62309462080258,53.74551019728888,0,0
2026-01-01 01:00:00,S0037,traffic,waterfront,edge_waterfront,2,30.38569191372697,37.38684526682013,0,0
2026-01-01 01:00:00,S0038,energy,industrial,edge_industrial,1,67.48897916190538,94.04725456897802,0,0
2026-01-01 01:00:00,S0039,traffic,residential,edge_residential,2,33.73589563768563,58.56132107885537,0,0
2026-01-01 01:01:00,S0000,energy,residential,edge_residential,1,74.48130713148393,66.02019746179792,0,0
2026-01-01 01:01:00,S0001,structure,industrial,edge_industrial,2,0.3143801043584815,51.45749275005253,0,0
2026-01-01 01:01:00,S0002,energy,waterfront,edge_waterfront,1,79.61863351917958,73.2993681728911,0,0
2026-01-01 01:01:00,S0003,traffic,waterfront,edge_waterfront,2,33.529651305402474,41.53778902176395,0,0
2026-01-01 01:01:00,S0004,traffic,downtown,edge_downtown,2,27.96907728710233,19.653680641886595,0,0
2026-01-01 01:01:00,S0005,structure,residential,edge_residential,2,0.5354413496453724,51.43748986344205,1,0
2026-01-01 01:01:00,S0006,traffic,waterfront,edge_waterfront,2,31.18783633740536,39.58679922230477,0,0
2026-01-01 01:01:00,S0007,energy,waterfront,edge_waterfront,1,76.65320298859119,114.6874347758199,0,0
2026-01-01 01:01:00,S0008,energy,transit,edge_transit,1,67.79080937118992,68.13278466227288,0,0
2026-01-01 01:01:00,S0009,air_quality,transit,edge_transit,1,21.97355572220048,55.882277436105234,0,0
2026-01-01 01:01:00,S0010,traffic,downtown,edge_downtown,2,37.54148520370387,43.89973728914994,0,0
2026-01-01 01:01:00,S0011,traffic,transit,edge_transit,2,39.33501579891141,41.30579679415197,0,0
2026-01-01 01:01:00,S0012,traffic,residential,edge_residential,2,28.422812255160117,33.307722208174354,0,0
2026-01-01 01:01:00,S0013,air_quality,downtown,edge_downtown,1,16.18536058743444,55.762331178682516,0,0
2026-01-01 01:01:00,S0014,air_quality,industrial,edge_industrial,1,20.946677333266692,49.02783247314436,0,0
2026-01-01 01:01:00,S0015,air_quality,residential,edge_residential,1,16.4824086137811,41.00148571053587,0,0
2026-01-01 01:01:00,S0016,structure,transit,edge_transit,2,0.28636017297913746,27.74166530089314,0,0
2026-01-01 01:01:00,S0017,energy,residential,edge_residential,1,78.62590462602229,75.17206915788655,0,0
2026-01-01 01:01:00,S0018,energy,transit,edge_transit,1,89.2424294544602,97.71140948257984,0,0
2026-01-01 01:01:00,S0019,structure,waterfront,edge_waterfront,2,0.17734436019959976,51.36284718215232,0,0
2026-01-01 01:01:00,S0020,traffic,transit,edge_transit,2,31.351144274775688,36.10730547759354,0,0
2026-01-01 01:01:00,S0021,traffic,industrial,edge_industrial,2,36.35270442615825,32.84627975247825,0,0
2026-01-01 01:01:00,S0022,energy,transit,edge_transit,1,63.803579199894024,90.18918865790675,0,0
2026-01-01 01:01:00,S0023,traffic,residential,edge_residential,2,39.29482876214835,41.29162259593861,0,0
2026-01-01 01:01:00,S0024,traffic,downtown,edge_downtown,2,39.662271500593484,58.93884403941856,0,0
2026-01-01 01:01:00,S0025,air_quality,downtown,edge_downtown,1,19.014844478826337,46.70518589602659,0,0
2026-01-01 01:01:00,S0026,air_quality,transit,edge_transit,1,39.44662167801326,44.84054784388318,1,0
2026-01-01 01:01:00,S0027,structure,industrial,edge_industrial,2,0.2747139987947328,38.57765288412322,0,0
2026-01-01 01:01:00,S0028,energy,residential,edge_residential,1,67.9595322863316,58.416115907692536,0,0
2026-01-01 01:01:00,S0029,air_quality,industrial,edge_industrial,1,16.112930151430717,67.63110701380003,0,0
2026-01-01 01:01:00,S0030,air_quality,industrial,edge_industrial,1,16.355182588767534,77.43245586532562,0,0
2026-01-01 01:01:00,S0031,traffic,downtown,edge_downtown,2,29.057086131767587,41.69559392061744,0,0
2026-01-01 01:01:00,S0032,traffic,industrial,edge_industrial,2,27.48795107674499,59.12915821926495,0,0
2026-01-01 01:01:00,S0033,traffic,waterfront,edge_waterfront,2,29.44499977190163,48.65817163870507,0,0
2026-01-01 01:01:00,S0034,energy,residential,edge_residential,1,69.79700444844327,83.94018130945202,0,0
2026-01-01 01:01:00,S0035,traffic,industrial,edge_industrial,2,43.317019939741385,42.84712859038733,0,0
2026-01-01 01:01:00,S0036,air_quality,residential,edge_residential,1,15.209311045593282,72.08662717383498,0,0
2026-01-01 01:01:00,S0037,traffic,waterfront,edge_waterfront,2,29.44732359214282,36.416613484136406,0,0
2026-01-01 01:01:00,S0038,energy,industrial,edge_industrial,1,79.7067764647744,90.21943666717672,0,0
2026-01-01 01:01:00,S0039,traffic,residential,edge_residential,2,34.06472217670297,35.18324291993982,0,0
2026-01-01 01:02:00,S0000,energy,residential,edge_residential,1,70.4624055240362,35.389421954569414,0,0
2026-01-01 01:02:00,S0001,structure,industrial,edge_industrial,2,0.18192210866859793,38.666976143833004,0,0
2026-01-01 01:02:00,S0002,energy,waterfront,edge_waterfront,1,76.26373658803911,35.724264498235286,0,0
2026-01-01 01:02:00,S0003,traffic,waterfront,edge_waterfront,2,30.84954147188008,61.23945980941406,0,0
2026-01-01 01:02:00,S0004,traffic,downtown,edge_downtown,2,35.05042220576513,39.02330416246002,0,0
2026-01-01 01:02:00,S0005,structure,residential,edge_residential,2,0.18584285737012016,40.65177708033343,0,0
2026-01-01 01:02:00,S0006,traffic,waterfront,edge_waterfront,2,37.800714664876466,28.743288849480116,0,0
2026-01-01 01:02:00,S0007,energy,waterfront,edge_waterfront,1,69.81152139379076,78.4498348131924,0,0
2026-01-01 01:02:00,S0008,energy,transit,edge_transit,1,68.76584598163869,104.3936666663156,0,0
2026-01-01 01:02:00,S0009,air_quality,transit,edge_transit,1,20.05571771810475,76.094661853978,0,0
2026-01-01 01:02:00,S0010,traffic,downtown,edge_downtown,2,32.58196966756669,35.82012291303842,0,0
2026-01-01 01:02:00,S0011,traffic,transit,edge_transit,2,35.1745583377169,64.82469688520132,0,0
2026-01-01 01:02:00,S0012,traffic,residential,edge_residential,2,36.5751710931897,23.32894331436281,0,0
2026-01-01 01:02:00,S0013,air_quality,downtown,edge_downtown,1,18.964633148661875,86.40640252052165,0,0
2026-01-01 01:02:00,S0014,air_quality,industrial,edge_industrial,1,18.497387300184133,76.42849554610353,0,0
2026-01-01 01:02:00,S0015,air_quality,residential,edge_residential,1,19.95626313050207,60.01594800286,0,0
2026-01-01 01:02:00,S0016,structure,transit,edge_transit,2,0.276426276881818,49.548476384689955,0,0
2026-01-01 01:02:00,S0017,energy,residential,edge_residential,1,80.55687100184707,81.34542716067556,0,0
2026-01-01 01:02:00,S0018,energy,transit,edge_transit,1,,78.34778035088917,0,1
2026-01-01 01:02:00,S0019,structure,waterfront,edge_waterfront,2,0.28110724832774453,45.25059588009896,0,0
2026-01-01 01:02:00,S0020,traffic,transit,edge_transit,2,34.68927768348578,52.26977337216146,0,0
2026-01-01 01:02:00,S0021,traffic,industrial,edge_industrial,2,27.512572664385445,49.36121084225938,0,0
2026-01-01 01:02:00,S0022,energy,transit,edge_transit,1,75.47475985531506,70.50553608554645,0,0
2026-01-01 01:02:00,S0023,traffic,residential,edge_residential,2,38.447699809707,32.64189157805165,0,0
2026-01-01 01:02:00,S0024,traffic,downtown,edge_downtown,2,37.108685512492166,37.119394078103625,0,0
2026-01-01 01:02:00,S0025,air_quality,downtown,edge_downtown,1,22.128150639998793,64.63937661561864,0,0
2026-01-01 01:02:00,S0026,air_quality,transit,edge_transit,1,19.275500851964463,98.73027717986625,0,0
2026-01-01 01:02:00,S0027,structure,industrial,edge_industrial,2,0.18714421948726292,41.93856847189279,0,0
2026-01-01 01:02:00,S0028,energy,residential,edge_residential,1,74.82914557330213,121.37854755379306,0,0
2026-01-01 01:02:00,S0029,air_quality,industrial,edge_industrial,1,17.644689219871257,76.72534794154001,0,0
2026-01-01 01:02:00,S0030,air_quality,industrial,edge_industrial,1,23.357389110998994,11.472427283559732,0,0
2026-01-01 01:02:00,S0031,traffic,downtown,edge_downtown,2,32.96030129035617,18.244490088584868,0,0
2026-01-01 01:02:00,S0032,traffic,industrial,edge_industrial,2,34.53812616727321,47.92703987609348,0,0
2026-01-01 01:02:00,S0033,traffic,waterfront,edge_waterfront,2,41.15571284969016,45.606037993686854,0,0
2026-01-01 01:02:00,S0034,energy,residential,edge_residential,1,83.83237446548587,61.960583242825734,0,0
2026-01-01 01:02:00,S0035,traffic,industrial,edge_industrial,2,35.96906113775281,44.567276062435454,0,0
2026-01-01 01:02:00,S0036,air_quality,residential,edge_residential,1,20.992442933573997,52.35051463333193,0,0
2026-01-01 01:02:00,S0037,traffic,waterfront,edge_waterfront,2,27.65116675552528,40.6510811011591,0,0
2026-01-01 01:02:00,S0038,energy,industrial,edge_industrial,1,99.62825986688681,104.90943108854103,1,0
2026-01-01 01:02:00,S0039,traffic,residential,edge_residential,2,35.66769719091638,49.67351018014485,0,0
2026-01-01 01:03:00,S0000,energy,residential,edge_residential,1,73.35994780470996,94.9963976381983,0,0
2026-01-01 01:03:00,S0001,structure,industrial,edge_industrial,2,0.2603475207976414,44.13823470843841,0,0
2026-01-01 01:03:00,S0002,energy,waterfront,edge_waterfront,1,79.33191927759982,109.0372893827319,0,0
2026-01-01 01:03:00,S0003,traffic,waterfront,edge_waterfront,2,33.63163721608559,25.3107461163554,0,0
2026-01-01 01:03:00,S0004,traffic,downtown,edge_downtown,2,38.12740984791124,59.27647118731362,0,0
2026-01-01 01:03:00,S0005,structure,residential,edge_residential,2,0.2787543154764457,39.159056382056036,0,0
2026-01-01 01:03:00,S0006,traffic,waterfront,edge_waterfront,2,34.800394652151525,38.95244688108863,0,0
2026-01-01 01:03:00,S0007,energy,waterfront,edge_waterfront,1,64.99147417647497,92.67308069716525,0,0
2026-01-01 01:03:00,S0008,energy,transit,edge_transit,1,69.56970130215731,77.31198805604059,0,0
2026-01-01 01:03:00,S0009,air_quality,transit,edge_transit,1,20.57910399659023,60.49345094536961,0,0
2026-01-01 01:03:00,S0010,traffic,downtown,edge_downtown,2,41.507758674523224,36.62582517949257,0,0
2026-01-01 01:03:00,S0011,traffic,transit,edge_transit,2,24.377104630043767,38.02409087492276,0,0
2026-01-01 01:03:00,S0012,traffic,residential,edge_residential,2,36.029665104703554,45.01333223696946,0,0
2026-01-01 01:03:00,S0013,air_quality,downtown,edge_downtown,1,25.913377271612315,78.7154482090245,0,0
2026-01-01 01:03:00,S0014,air_quality,industrial,edge_industrial,1,18.920751919169675,70.52974393966629,0,0
2026-01-01 01:03:00,S0015,air_quality,residential,edge_residential,1,14.081146664480627,21.97874243687722,0,0
2026-01-01 01:03:00,S0016,structure,transit,edge_transit,2,0.23143500374406215,30.024121888767773,0,0
2026-01-01 01:03:00,S0017,energy,residential,edge_residential,1,67.4927669779248,105.58901482319433,0,0
2026-01-01 01:03:00,S0018,energy,transit,edge_transit,1,72.28451167997144,84.37781811706684,0,0
2026-01-01 01:03:00,S0019,structure,waterfront,edge_waterfront,2,0.28987258517497166,37.5262325909685,0,0
2026-01-01 01:03:00,S0020,traffic,transit,edge_transit,2,31.688054231046436,39.4751402537034,0,0
2026-01-01 01:03:00,S0021,traffic,industrial,edge_industrial,2,87.08420948399423,50.4814249092009,1,0
2026-01-01 01:03:00,S0022,energy,transit,edge_transit,1,73.10009327061077,88.10631964015396,0,0
2026-01-01 01:03:00,S0023,traffic,residential,edge_residential,2,38.05250180967275,52.391977821674615,0,0
2026-01-01 01:03:00,S0024,traffic,downtown,edge_downtown,2,33.23612795695276,28.318386110256455,0,0
2026-01-01 01:03:00,S0025,air_quality,downtown,edge_downtown,1,17.57949316396654,37.384147182701724,0,0
2026-01-01 01:03:00,S0026,air_quality,transit,edge_transit,1,18.333417429883145,72.54784033376602,0,0
2026-01-01 01:03:00,S0027,structure,industrial,edge_industrial,2,0.2587146256925738,41.72593542933805,0,0
2026-01-01 01:03:00,S0028,energy,residential,edge_residential,1,75.85954587714103,59.72888150221585,0,0
2026-01-01 01:03:00,S0029,air_quality,industrial,edge_industrial,1,13.658802702612718,83.80203653907273,0,0
2026-01-01 01:03:00,S0030,air_quality,industrial,edge_industrial,1,22.531928129499647,70.69428677983818,0,0
2026-01-01 01:03:00,S0031,traffic,downtown,edge_downtown,2,33.81646282874135,53.018513394023415,0,0
2026-01-01 01:03:00,S0032,traffic,industrial,edge_industrial,2,30.339404320312198,42.07766261130178,0,0
2026-01-01 01:03:00,S0033,traffic,waterfront,edge_waterfront,2,39.49595288254393,53.170704110662804,0,0
2026-01-01 01:03:00,S0034,energy,residential,edge_residential,1,66.26081135813926,83.6674412405725,0,0
2026-01-01 01:03:00,S0035,traffic,industrial,edge_industrial,2,32.37964428569613,53.177440927062015,0,0
2026-01-01 01:03:00,S0036,air_quality,residential,edge_residential,1,21.04449556577499,66.60635182862008,0,0
2026-01-01 01:03:00,S0037,traffic,waterfront,edge_waterfront,2,36.97903826636418,35.600674322659074,0,0
2026-01-01 01:03:00,S0038,energy,industrial,edge_industrial,1,71.9532481945612,77.25474530985059,0,0
2026-01-01 01:03:00,S0039,traffic,residential,edge_residential,2,40.120399505561736,35.80459846150764,0,0
2026-01-01 01:04:00,S0000,energy,residential,edge_residential,1,62.14808257981265,67.39938600390883,0,0
2026-01-01 01:04:00,S0001,structure,industrial,edge_industrial,2,0.21373025259549278,45.122586504398875,0,0
2026-01-01 01:04:00,S0002,energy,waterfront,edge_waterfront,1,74.84470945171623,76.02939221958098,0,0
2026-01-01 01:04:00,S0003,traffic,waterfront,edge_waterfront,2,22.281963539717168,39.033034870095506,0,0
2026-01-01 01:04:00,S0004,traffic,downtown,edge_downtown,2,32.08267512097604,45.64066043209345,0,0
2026-01-01 01:04:00,S0005,structure,residential,edge_residential,2,0.28666375981630204,37.54057756142766,0,0
2026-01-01 01:04:00,S0006,traffic,waterfront,edge_waterfront,2,30.2989932996926,47.72163123212901,0,0
2026-01-01 01:04:00,S0007,energy,waterfront,edge_waterfront,1,80.79647249848733,61.11977549564236,0,0
2026-01-01 01:04:00,S0008,energy,transit,edge_transit,1,70.74601278238593,102.62861171418666,0,0
2026-01-01 01:04:00,S0009,air_quality,transit,edge_transit,1,21.746281373220324,47.172525783213786,0,0
2026-01-01 01:04:00,S0010,traffic,downtown,edge_downtown,2,35.09624835076889,26.159766439665095,0,0
2026-01-01 01:04:00,S0011,traffic,transit,edge_transit,2,34.07336578933323,37.720093315533205,0,0
2026-01-01 01:04:00,S0012,traffic,residential,edge_residential,2,29.308577770904627,50.58453773939883,0,0
2026-01-01 01:04:00,S0013,air_quality,downtown,edge_downtown,1,26.84750459340129,75.65499735831462,0,0
2026-01-01 01:04:00,S0014,air_quality,industrial,edge_industrial,1,23.55983757589174,58.631156870334664,0,0
2026-01-01 01:04:00,S0015,air_quality,residential,edge_residential,1,15.458565070910637,60.49517684448712,0,0
2026-01-01 01:04:00,S0016,structure,transit,edge_transit,2,0.2557908526768453,50.48781629960398,0,0
2026-01-01 01:04:00,S0017,energy,residential,edge_residential,1,190.0977980245618,67.97219536529238,1,0
2026-01-01 01:04:00,S0018,energy,transit,edge_transit,1,75.78116166210951,68.8496121209875,0,0
2026-01-01 01:04:00,S0019,structure,waterfront,edge_waterfront,2,0.20575570121995224,33.99452697207161,0,0
2026-01-01 01:04:00,S0020,traffic,transit,edge_transit,2,36.07067726771954,19.55983470575706,0,0
2026-01-01 01:04:00,S0021,traffic,industrial,edge_industrial,2,40.23003849073969,54.03993895888679,0,0
2026-01-01 01:04:00,S0022,energy,transit,edge_transit,1,80.68334653084776,101.6446015695985,0,0
2026-01-01 01:04:00,S0023,traffic,residential,edge_residential,2,40.39134063385538,34.755483912015436,0,0
2026-01-01 01:04:00,S0024,traffic,downtown,edge_downtown,2,30.717208973781013,51.710686312483894,0,0
2026-01-01 01:04:00,S0025,air_quality,downtown,edge_downtown,1,15.163075155481792,61.626265297658406,0,0
2026-01-01 01:04:00,S0026,air_quality,transit,edge_transit,1,20.910407187673083,78.91094314499294,0,0
2026-01-01 01:04:00,S0027,structure,industrial,edge_industrial,2,0.26251407166221263,36.05574423084951,0,0
2026-01-01 01:04:00,S0028,energy,residential,edge_residential,1,70.94850190016813,97.25780158651715,0,0
2026-01-01 01:04:00,S0029,air_quality,industrial,edge_industrial,1,20.665224519319324,42.83679901373259,0,0
2026-01-01 01:04:00,S0030,air_quality,industrial,edge_industrial,1,16.244050773962606,24.557599474436742,0,0
2026-01-01 01:04:00,S0031,traffic,downtown,edge_downtown,2,33.58751249229092,37.3310284373846,0,0
2026-01-01 01:04:00,S0032,traffic,industrial,edge_industrial,2,34.10917223492714,40.13102495626436,0,0
2026-01-01 01:04:00,S0033,traffic,waterfront,edge_waterfront,2,,33.794263616981794,0,1
2026-01-01 01:04:00,S0034,energy,residential,edge_residential,1,72.64165022500197,47.25734834827387,0,0
2026-01-01 01:04:00,S0035,traffic,industrial,edge_industrial,2,42.32389717326406,34.80503000518944,0,0
2026-01-01 01:04:00,S0036,air_quality,residential,edge_residential,1,17.108243453071765,86.1019384547352,0,0
2026-01-01 01:04:00,S0037,traffic,waterfront,edge_waterfront,2,34.99911749325514,55.4611673218296,0,0
2026-01-01 01:04:00,S0038,energy,industrial,edge_industrial,1,79.63014195010967,93.58061928199538,0,0
2026-01-01 01:04:00,S0039,traffic,residential,edge_residential,2,25.49736376911283,50.09330293963163,0,0
2026-01-01 01:05:00,S0000,energy,residential,edge_residential,1,67.40899038732653,89.62587328490277,0,0
2026-01-01 01:05:00,S0001,structure,industrial,edge_industrial,2,0.2574902339029375,52.764996103515905,0,0
2026-01-01 01:05:00,S0002,energy,waterfront,edge_waterfront,1,81.71237640634452,102.47796554352155,0,0
2026-01-01 01:05:00,S0003,traffic,waterfront,edge_waterfront,2,35.89915315470623,59.48412721549199,0,0
2026-01-01 01:05:00,S0004,traffic,downtown,edge_downtown,2,40.6432143800084,54.04106505561882,0,0
2026-01-01 01:05:00,S0005,structure,residential,edge_residential,2,0.23691670431393835,38.30205188377596,0,0
2026-01-01 01:05:00,S0006,traffic,waterfront,edge_waterfront,2,38.43084210598612,31.022437082064723,0,0
2026-01-01 01:05:00,S0007,energy,waterfront,edge_waterfront,1,75.69337104633063,84.12518482538646,0,0
2026-01-01 01:05:00,S0008,energy,transit,edge_transit,1,70.60792238269451,74.08070306877238,0,0
2026-01-01 01:05:00,S0009,air_quality,transit,edge_transit,1,16.544119322250417,85.17810604968099,0,0
2026-01-01 01:05:00,S0010,traffic,downtown,edge_downtown,2,39.89892169659869,25.58938888087095,0,0
2026-01-01 01:05:00,S0011,traffic,transit,edge_transit,2,37.48625799136792,60.61157866238997,0,0
2026-01-01 01:05:00,S0012,traffic,residential,edge_residential,2,29.872202838561545,37.72327985825872,0,0
2026-01-01 01:05:00,S0013,air_quality,downtown,edge_downtown,1,19.31126319891256,61.32386988388109,0,0
2026-01-01 01:05:00,S0014,air_quality,industrial,edge_industrial,1,18.983992049064266,60.073647012635526,0,0
2026-01-01 01:05:00,S0015,air_quality,residential,edge_residential,1,21.871278966029276,52.012730496428375,0,0
2026-01-01 01:05:00,S0016,structure,transit,edge_transit,2,0.29020815529766153,33.26411026503998,0,0
2026-01-01 01:05:00,S0017,energy,residential,edge_residential,1,63.663245838376,68.19883705972727,0,0
2026-01-01 01:05:00,S0018,energy,transit,edge_transit,1,80.67295447887489,46.409241641770336,0,0
2026-01-01 01:05:00,S0019,structure,waterfront,edge_waterfront,2,0.24472007396001264,40.793976307821424,0,0
2026-01-01 01:05:00,S0020,traffic,transit,edge_transit,2,26.637359893337585,41.542533360359506,0,0
2026-01-01 01:05:00,S0021,traffic,industrial,edge_industrial,2,33.50260830099784,32.60154076159329,0,0
2026-01-01 01:05:00,S0022,energy,transit,edge_transit,1,61.95800188549224,98.8729920005544,0,0
2026-01-01 01:05:00,S0023,traffic,residential,edge_residential,2,32.86596859776096,46.265382272039,0,0
2026-01-01 01:05:00,S0024,traffic,downtown,edge_downtown,2,30.817814344721512,39.58798231937891,0,0
2026-01-01 01:05:00,S0025,air_quality,downtown,edge_downtown,1,20.651191508006686,56.670228295818276,0,0
2026-01-01 01:05:00,S0026,air_quality,transit,edge_transit,1,20.459369388230552,68.41695007147914,0,0
2026-01-01 01:05:00,S0027,structure,industrial,edge_industrial,2,0.2062672920949098,33.832135421290296,0,0
2026-01-01 01:05:00,S0028,energy,residential,edge_residential,1,68.66394661776657,90.79880885359063,0,0
2026-01-01 01:05:00,S0029,air_quality,industrial,edge_industrial,1,15.853144962380467,60.048349369993986,0,0
2026-01-01 01:05:00,S0030,air_quality,industrial,edge_industrial,1,21.328684635648237,103.1648559454051,0,0
2026-01-01 01:05:00,S0031,traffic,downtown,edge_downtown,2,36.38959922004772,24.007270388122823,0,0
2026-01-01 01:05:00,S0032,traffic,industrial,edge_industrial,2,28.911179486086922,61.28328826112754,0,0
2026-01-01 01:05:00,S0033,traffic,waterfront,edge_waterfront,2,32.67965207951858,35.22116839269481,0,0
2026-01-01 01:05:00,S0034,energy,residential,edge_residential,1,80.37051998779657,90.3301921645364,0,0
2026-01-01 01:05:00,S0035,traffic,industrial,edge_industrial,2,41.336186690998424,41.735476529469345,0,0
2026-01-01 01:05:00,S0036,air_quality,residential,edge_residential,1,22.259310912820364,58.46939874206502,0,0
2026-01-01 01:05:00,S0037,traffic,waterfront,edge_waterfront,2,43.81632765543504,49.4894973107097,0,0
2026-01-01 01:05:00,S0038,energy,industrial,edge_industrial,1,68.44112003891408,88.90633037181445,0,0
2026-01-01 01:05:00,S0039,traffic,residential,edge_residential,2,40.46888829547764,41.71058683239502,0,0
2026-01-01 01:06:00,S0000,energy,residential,edge_residential,1,76.43726896569137,117.36649775202667,0,0
2026-01-01 01:06:00,S0001,structure,industrial,edge_industrial,2,0.283603384151533,28.0112083876358,0,0
2026-01-01 01:06:00,S0002,energy,waterfront,edge_waterfront,1,74.10059112730025,79.13036265556762,0,0
2026-01-01 01:06:00,S0003,traffic,waterfront,edge_waterfront,2,34.86035873182461,37.05532423043674,0,0
2026-01-01 01:06:00,S0004,traffic,downtown,edge_downtown,2,41.3882130650741,38.18703664550763,0,0
2026-01-01 01:06:00,S0005,structure,residential,edge_residential,2,0.2853293387656629,43.05698164491893,0,0
2026-01-01 01:06:00,S0006,traffic,waterfront,edge_waterfront,2,27.30762819842832,50.220081474914565,0,0
2026-01-01 01:06:00,S0007,energy,waterfront,edge_waterfront,1,77.65868884957582,111.00347359237944,0,0
2026-01-01 01:06:00,S0008,energy,transit,edge_transit,1,75.13737104721655,100.22123525691796,0,0
2026-01-01 01:06:00,S0009,air_quality,transit,edge_transit,1,19.63635843023123,70.72718671167274,0,0
2026-01-01 01:06:00,S0010,traffic,downtown,edge_downtown,2,43.70222404619247,24.78426810712791,0,0
2026-01-01 01:06:00,S0011,traffic,transit,edge_transit,2,34.43584286644326,68.06180698429112,0,0
2026-01-01 01:06:00,S0012,traffic,residential,edge_residential,2,28.686092642649818,38.06511386056031,0,0
2026-01-01 01:06:00,S0013,air_quality,downtown,edge_downtown,1,21.440269752105994,66.9730513173645,0,0
2026-01-01 01:06:00,S0014,air_quality,industrial,edge_industrial,1,15.619359467324593,59.62220904209745,0,0
2026-01-01 01:06:00,S0015,air_quality,residential,edge_residential,1,16.068154315266785,78.28900976480084,0,0
2026-01-01 01:06:00,S0016,structure,transit,edge_transit,2,0.2236986808345223,47.49849731341921,0,0
2026-01-01 01:06:00,S0017,energy,residential,edge_residential,1,66.67770429237817,115.17885031387937,0,0
2026-01-01 01:06:00,S0018,energy,transit,edge_transit,1,78.28697460407886,87.19762884347944,0,0
2026-01-01 01:06:00,S0019,structure,waterfront,edge_waterfront,2,0.2684491031284799,34.35380239938311,0,0
2026-01-01 01:06:00,S0020,traffic,transit,edge_transit,2,36.809819909065396,30.035310977614188,0,0
2026-01-01 01:06:00,S0021,traffic,industrial,edge_industrial,2,30.02801196097777,35.96516748859216,0,0
2026-01-01 01:06:00,S0022,energy,transit,edge_transit,1,78.01752939869077,77.54777376178971,0,0
2026-01-01 01:06:00,S0023,traffic,residential,edge_residential,2,43.83653508363736,47.598104423886,0,0
2026-01-01 01:06:00,S0024,traffic,downtown,edge_downtown,2,30.859264179200515,52.63493198932614,0,0
2026-01-01 01:06:00,S0025,air_quality,downtown,edge_downtown,1,19.64474881472249,96.40757274692754,0,0
2026-01-01 01:06:00,S0026,air_quality,transit,edge_transit,1,19.225023211741814,76.55381210640998,0,0
2026-01-01 01:06:00,S0027,structure,industrial,edge_industrial,2,0.269972763302986,34.622487729948034,0,0
2026-01-01 01:06:00,S0028,energy,residential,edge_residential,1,76.0237036907638,97.61491524579927,0,0
2026-01-01 01:06:00,S0029,air_quality,industrial,edge_industrial,1,37.70111385635025,82.52258202044803,1,0
2026-01-01 01:06:00,S0030,air_quality,industrial,edge_industrial,1,18.00681189332056,83.90793776655524,0,0
2026-01-01 01:06:00,S0031,traffic,downtown,edge_downtown,2,34.2125293639406,25.195940734357674,0,0
2026-01-01 01:06:00,S0032,traffic,industrial,edge_industrial,2,38.55160172751456,43.14311311678919,0,0
2026-01-01 01:06:00,S0033,traffic,waterfront,edge_waterfront,2,44.62585653543313,58.601809178577696,0,0
2026-01-01 01:06:00,S0034,energy,residential,edge_residential,1,75.56019410584629,30.31997833998556,0,0
2026-01-01 01:06:00,S0035,traffic,industrial,edge_industrial,2,52.14348164905136,51.631803037688144,1,0
2026-01-01 01:06:00,S0036,air_quality,residential,edge_residential,1,19.657396829035065,61.09712607280832,0,0
2026-01-01 01:06:00,S0037,traffic,waterfront,edge_waterfront,2,33.25017866330229,31.3112376647303,0,0
2026-01-01 01:06:00,S0038,energy,industrial,edge_industrial,1,73.06587757495171,87.75807892938525,0,0
2026-01-01 01:06:00,S0039,traffic,residential,edge_residential,2,40.246625696796016,32.33508142470096,0,0
2026-01-01 01:07:00,S0000,energy,residential,edge_residential,1,61.551541771078476,103.45991414265728,0,0
2026-01-01 01:07:00,S0001,structure,industrial,edge_industrial,2,0.2477051659571243,49.221444179902285,0,0
2026-01-01 01:07:00,S0002,energy,waterfront,edge_waterfront,1,89.26377768330254,72.48706907538558,1,0
2026-01-01 01:07:00,S0003,traffic,waterfront,edge_waterfront,2,47.834637190785735,24.65874542118084,0,0
2026-01-01 01:07:00,S0004,traffic,downtown,edge_downtown,2,32.904668773508845,27.753944497301873,0,0
2026-01-01 01:07:00,S0005,structure,residential,edge_residential,2,0.30460999475237227,30.254627414867095,0,0
2026-01-01 01:07:00,S0006,traffic,waterfront,edge_waterfront,2,37.887119507892265,50.00947522649526,0,0
2026-01-01 01:07:00,S0007,energy,waterfront,edge_waterfront,1,72.76854081707617,90.82466126624736,0,0
2026-01-01 01:07:00,S0008,energy,transit,edge_transit,1,81.41086443150262,78.33302786165082,0,0
2026-01-01 01:07:00,S0009,air_quality,transit,edge_transit,1,15.064437276223124,66.6293119361,0,0
2026-01-01 01:07:00,S0010,traffic,downtown,edge_downtown,2,24.350108321602683,49.20213119378561,0,0
2026-01-01 01:07:00,S0011,traffic,transit,edge_transit,2,36.114438155582114,43.41677409366189,0,0
2026-01-01 01:07:00,S0012,traffic,residential,edge_residential,2,41.825869500799286,17.623654523398812,0,0
2026-01-01 01:07:00,S0013,air_quality,downtown,edge_downtown,1,21.68630446767463,55.53334378827483,0,0
2026-01-01 01:07:00,S0014,air_quality,industrial,edge_industrial,1,46.74057825912628,92.1864018717103,1,0
2026-01-01 01:07:00,S0015,air_quality,residential,edge_residential,1,19.399470482790807,21.447900779491142,0,0
2026-01-01 01:07:00,S0016,structure,transit,edge_transit,2,0.2241334223748164,32.89580966112716,0,0
2026-01-01 01:07:00,S0017,energy,residential,edge_residential,1,,101.22839675581133,0,1
2026-01-01 01:07:00,S0018,energy,transit,edge_transit,1,72.06008591553675,101.65540775071297,0,0
2026-01-01 01:07:00,S0019,structure,waterfront,edge_waterfront,2,0.1555383459259287,47.10039149770553,0,0
2026-01-01 01:07:00,S0020,traffic,transit,edge_transit,2,35.3887321776106,48.02734901226722,0,0
2026-01-01 01:07:00,S0021,traffic,industrial,edge_industrial,2,35.0084604109815,41.44477016166386,0,0
2026-01-01 01:07:00,S0022,energy,transit,edge_transit,1,75.1826762398463,93.88112943360117,0,0
2026-01-01 01:07:00,S0023,traffic,residential,edge_residential,2,34.077268263990746,40.064405316557895,0,0
2026-01-01 01:07:00,S0024,traffic,downtown,edge_downtown,2,42.553140419270754,48.80505425166067,0,0
2026-01-01 01:07:00,S0025,air_quality,downtown,edge_downtown,1,18.595938110162802,72.81328015438585,0,0
2026-01-01 01:07:00,S0026,air_quality,transit,edge_transit,1,20.860220545070852,80.96387330488275,0,0
2026-01-01 01:07:00,S0027,structure,industrial,edge_industrial,2,0.21718095463217182,43.092819514662345,0,0
2026-01-01 01:07:00,S0028,energy,residential,edge_residential,1,67.46098823713568,83.44215416254582,0,0
2026-01-01 01:07:00,S0029,air_quality,industrial,edge_industrial,1,17.384629213738194,64.60158791305979,0,0
2026-01-01 01:07:00,S0030,air_quality,industrial,edge_industrial,1,16.33935599993118,90.41963121523558,0,0
2026-01-01 01:07:00,S0031,traffic,downtown,edge_downtown,2,34.715872493876105,41.303583136167454,0,0
2026-01-01 01:07:00,S0032,traffic,industrial,edge_industrial,2,29.37438491114985,47.150835572953014,0,0
2026-01-01 01:07:00,S0033,traffic,waterfront,edge_waterfront,2,24.328441601815122,42.3026762809221,0,0
2026-01-01 01:07:00,S0034,energy,residential,edge_residential,1,74.20361007034708,36.90280787661402,0,0
2026-01-01 01:07:00,S0035,traffic,industrial,edge_industrial,2,35.48067974866232,48.23310772919413,0,0
2026-01-01 01:07:00,S0036,air_quality,residential,edge_residential,1,20.22931014776652,58.274029662655984,0,0
2026-01-01 01:07:00,S0037,traffic,waterfront,edge_waterfront,2,38.6636374755706,38.30633862318827,0,0
2026-01-01 01:07:00,S0038,energy,industrial,edge_industrial,1,66.05944571314612,79.36625854109342,0,0
2026-01-01 01:07:00,S0039,traffic,residential,edge_residential,2,35.227705107467294,35.875303144385214,0,0
2026-01-01 01:08:00,S0000,energy,residential,edge_residential,1,79.46522669972803,56.977303241060184,0,0
2026-01-01 01:08:00,S0001,structure,industrial,edge_industrial,2,0.2809294881902558,34.43533398443279,0,0
2026-01-01 01:08:00,S0002,energy,waterfront,edge_waterfront,1,,70.961746258205,0,1
2026-01-01 01:08:00,S0003,traffic,waterfront,edge_waterfront,2,38.79921122215301,56.169581168816734,0,0
2026-01-01 01:08:00,S0004,traffic,downtown,edge_downtown,2,42.094685831756664,37.17938994609441,0,0
2026-01-01 01:08:00,S0005,structure,residential,edge_residential,2,0.2568338929997085,48.377864433023824,0,0
2026-01-01 01:08:00,S0006,traffic,waterfront,edge_waterfront,2,30.312185227928232,63.70784487499956,0,0
2026-01-01 01:08:00,S0007,energy,waterfront,edge_waterfront,1,69.8204632506242,84.11642228931434,0,0
2026-01-01 01:08:00,S0008,energy,transit,edge_transit,1,67.1338154325426,74.73671513008851,0,0
2026-01-01 01:08:00,S0009,air_quality,transit,edge_transit,1,14.562337856149517,70.10464522432406,0,0
2026-01-01 01:08:00,S0010,traffic,downtown,edge_downtown,2,45.988696848344865,22.053690583758716,0,0
2026-01-01 01:08:00,S0011,traffic,transit,edge_transit,2,35.30665331213284,34.864194452804554,0,0
2026-01-01 01:08:00,S0012,traffic,residential,edge_residential,2,45.50175739975189,51.47284865181587,0,0
2026-01-01 01:08:00,S0013,air_quality,downtown,edge_downtown,1,19.18195774837391,70.0265321538595,0,0
2026-01-01 01:08:00,S0014,air_quality,industrial,edge_industrial,1,20.20983496528897,51.744552337796684,0,0
2026-01-01 01:08:00,S0015,air_quality,residential,edge_residential,1,20.212490672863822,97.30447013931786,0,0
2026-01-01 01:08:00,S0016,structure,transit,edge_transit,2,0.21602467442344528,35.85880473383369,0,0
2026-01-01 01:08:00,S0017,energy,residential,edge_residential,1,66.13882457676716,90.71216974613851,0,0
2026-01-01 01:08:00,S0018,energy,transit,edge_transit,1,72.13113937361454,86.00694838248118,0,0
2026-01-01 01:08:00,S0019,structure,waterfront,edge_waterfront,2,0.28104708190290684,34.983038529533644,0,0
2026-01-01 01:08:00,S0020,traffic,transit,edge_transit,2,36.23298004689728,58.365282510282725,0,0
2026-01-01 01:08:00,S0021,traffic,industrial,edge_industrial,2,32.07334042488545,48.53566894877654,0,0
2026-01-01 01:08:00,S0022,energy,transit,edge_transit,1,,143.197183539727,0,1
2026-01-01 01:08:00,S0023,traffic,residential,edge_residential,2,39.92132808347911,33.07005030514319,0,0
2026-01-01 01:08:00,S0024,traffic,downtown,edge_downtown,2,34.817144003109085,34.90330860860369,0,0
2026-01-01 01:08:00,S0025,air_quality,downtown,edge_downtown,1,17.76088345103035,68.5850520374877,0,0
2026-01-01 01:08:00,S0026,air_quality,transit,edge_transit,1,20.04778413558328,86.93500679456048,0,0
2026-01-01 01:08:00,S0027,structure,industrial,edge_industrial,2,0.1895835704493249,29.169465043279608,0,0
2026-01-01 01:08:00,S0028,energy,residential,edge_residential,1,76.71308171317351,60.06183495604478,0,0
2026-01-01 01:08:00,S0029,air_quality,industrial,edge_industrial,1,19.907232294503657,86.49089149177176,0,0
2026-01-01 01:08:00,S0030,air_quality,industrial,edge_industrial,1,18.128783728666576,91.07235162730917,0,0
2026-01-01 01:08:00,S0031,traffic,downtown,edge_downtown,2,34.947951876215505,25.020505238317934,0,0
2026-01-01 01:08:00,S0032,traffic,industrial,edge_industrial,2,28.050718275958474,31.331747129376186,0,0
2026-01-01 01:08:00,S0033,traffic,waterfront,edge_waterfront,2,27.28839713310259,36.03712349324453,0,0
2026-01-01 01:08:00,S0034,energy,residential,edge_residential,1,83.03446225289298,90.1609516299707,0,0
2026-01-01 01:08:00,S0035,traffic,industrial,edge_industrial,2,37.82011295448876,13.393068544164116,0,0
2026-01-01 01:08:00,S0036,air_quality,residential,edge_residential,1,21.04148572152305,71.42479345325711,0,0
2026-01-01 01:08:00,S0037,traffic,waterfront,edge_waterfront,2,35.49049542341002,30.348823160383944,0,0
2026-01-01 01:08:00,S0038,energy,industrial,edge_industrial,1,84.23229255030058,52.83280002316562,0,0
2026-01-01 01:08:00,S0039,traffic,residential,edge_residential,2,44.18070878998964,41.097008490730616,0,0
2026-01-01 01:09:00,S0000,energy,residential,edge_residential,1,63.97154477239012,97.38497972953388,0,0
2026-01-01 01:09:00,S0001,structure,industrial,edge_industrial,2,0.18641689248583224,30.706270656032416,0,0
2026-01-01 01:09:00,S0002,energy,waterfront,edge_waterfront,1,75.09523015278543,109.46890035863358,0,0
2026-01-01 01:09:00,S0003,traffic,waterfront,edge_waterfront,2,32.60465651983213,47.2311866976531,0,0
2026-01-01 01:09:00,S0004,traffic,downtown,edge_downtown,2,95.39890517766293,38.049322195885146,1,0
2026-01-01 01:09:00,S0005,structure,residential,edge_residential,2,0.29533092375980263,52.34839658675645,0,0
2026-01-01 01:09:00,S0006,traffic,waterfront,edge_waterfront,2,36.685786119982154,35.794408724056936,0,0
2026-01-01 01:09:00,S0007,energy,waterfront,edge_waterfront,1,79.43590297632142,42.068930649459155,0,0
2026-01-01 01:09:00,S0008,energy,transit,edge_transit,1,65.77153107836705,80.17488123600315,0,0
2026-01-01 01:09:00,S0009,air_quality,transit,edge_transit,1,17.493953854368975,61.699251600365926,0,0
2026-01-01 01:09:00,S0010,traffic,downtown,edge_downtown,2,36.54831571181461,49.71392413617236,0,0
2026-01-01 01:09:00,S0011,traffic,transit,edge_transit,2,27.722823504353855,36.10719420792401,0,0
2026-01-01 01:09:00,S0012,traffic,residential,edge_residential,2,38.52482458935111,30.51148432956625,0,0
2026-01-01 01:09:00,S0013,air_quality,downtown,edge_downtown,1,15.80833718436515,56.33069343623829,0,0
2026-01-01 01:09:00,S0014,air_quality,industrial,edge_industrial,1,18.266180513075067,84.21071881244706,0,0
2026-01-01 01:09:00,S0015,air_quality,residential,edge_residential,1,16.807899588996996,59.54404748974383,0,0
2026-01-01 01:09:00,S0016,structure,transit,edge_transit,2,0.30579042790109223,39.099891107101094,0,0
2026-01-01 01:09:00,S0017,energy,residential,edge_residential,1,78.4866424715771,97.10668874158245,0,0
2026-01-01 01:09:00,S0018,energy,transit,edge_transit,1,81.34375789193639,79.43454746460709,0,0
2026-01-01 01:09:00,S0019,structure,waterfront,edge_waterfront,2,0.27875210088659863,31.848147499146297,0,0
2026-01-01 01:09:00,S0020,traffic,transit,edge_transit,2,48.531836337970255,45.67693939767388,0,0
2026-01-01 01:09:00,S0021,traffic,industrial,edge_industrial,2,37.44648343936664,29.001988253615274,0,0
2026-01-01 01:09:00,S0022,energy,transit,edge_transit,1,76.75851435840349,72.05010306348822,0,0
2026-01-01 01:09:00,S0023,traffic,residential,edge_residential,2,45.91534688514677,42.98888093340795,0,0
2026-01-01 01:09:00,S0024,traffic,downtown,edge_downtown,2,33.385320580780814,41.4156068337982,0,0
2026-01-01 01:09:00,S0025,air_quality,downtown,edge_downtown,1,20.6318474998751,83.46454519409947,0,0
2026-01-01 01:09:00,S0026,air_quality,transit,edge_transit,1,17.66519071786617,63.69648732208978,0,0
2026-01-01 01:09:00,S0027,structure,industrial,edge_industrial,2,0.2677131779617845,50.32990954573182,0,0
2026-01-01 01:09:00,S0028,energy,residential,edge_residential,1,77.39664984113031,123.47924085301409,0,0
2026-01-01 01:09:00,S0029,air_quality,industrial,edge_industrial,1,16.906545931208704,88.2064295456719,0,0
2026-01-01 01:09:00,S0030,air_quality,industrial,edge_industrial,1,19.729168700892075,50.241344408497014,0,0
2026-01-01 01:09:00,S0031,traffic,downtown,edge_downtown,2,28.733861512367135,37.834883904687594,0,0
2026-01-01 01:09:00,S0032,traffic,industrial,edge_industrial,2,33.56070638720603,50.150834152094106,0,0
2026-01-01 01:09:00,S0033,traffic,waterfront,edge_waterfront,2,23.86471627967441,40.156056075897965,0,0
2026-01-01 01:09:00,S0034,energy,residential,edge_residential,1,81.4995780124935,93.47815558222496,0,0
2026-01-01 01:09:00,S0035,traffic,industrial,edge_industrial,2,34.3677668654986,49.59865590015729,0,0
2026-01-01 01:09:00,S0036,air_quality,residential,edge_residential,1,17.26814930142068,74.80055725924683,0,0
2026-01-01 01:09:00,S0037,traffic,waterfront,edge_waterfront,2,30.149251597600358,48.24732767615258,0,0
2026-01-01 01:09:00,S0038,energy,industrial,edge_industrial,1,73.97945815596444,100.01423138696236,0,0
2026-01-01 01:09:00,S0039,traffic,residential,edge_residential,2,38.8844305282884,51.446550362666414,0,0
2026-01-01 01:10:00,S0000,energy,residential,edge_residential,1,79.0510180085497,103.15714055032875,0,0
2026-01-01 01:10:00,S0001,structure,industrial,edge_industrial,2,0.29429050987934013,38.975388102684796,0,0
2026-01-01 01:10:00,S0002,energy,waterfront,edge_waterfront,1,67.48411632217123,108.68902555997111,0,0
2026-01-01 01:10:00,S0003,traffic,waterfront,edge_waterfront,2,37.82969190970334,28.929058424998672,0,0
2026-01-01 01:10:00,S0004,traffic,downtown,edge_downtown,2,37.300984620321906,54.877675636886636,0,0
2026-01-01 01:10:00,S0005,structure,residential,edge_residential,2,0.2653710551089026,48.45865401775475,0,0
2026-01-01 01:10:00,S0006,traffic,waterfront,edge_waterfront,2,41.47302745100524,48.95305677528143,0,0
2026-01-01 01:10:00,S0007,energy,waterfront,edge_waterfront,1,69.04134841082613,73.513565543314,0,0
2026-01-01 01:10:00,S0008,energy,transit,edge_transit,1,64.01133627489908,83.88661187236808,0,0
2026-01-01 01:10:00,S0009,air_quality,transit,edge_transit,1,15.699661090599411,47.2304773718495,0,0
2026-01-01 01:10:00,S0010,traffic,downtown,edge_downtown,2,33.29674641982804,33.20978972619464,0,0
2026-01-01 01:10:00,S0011,traffic,transit,edge_transit,2,22.7882213864822,38.14132073591757,0,0
2026-01-01 01:10:00,S0012,traffic,residential,edge_residential,2,42.807420083926054,49.55271243246488,0,0
2026-01-01 01:10:00,S0013,air_quality,downtown,edge_downtown,1,22.21130510411757,85.89087573145778,0,0
2026-01-01 01:10:00,S0014,air_quality,industrial,edge_industrial,1,27.63954844900813,81.30315291479656,1,0
2026-01-01 01:10:00,S0015,air_quality,residential,edge_residential,1,15.256050541269495,39.40053570600914,0,0
2026-01-01 01:10:00,S0016,structure,transit,edge_transit,2,0.27496370628900196,38.78175000384283,0,0
2026-01-01 01:10:00,S0017,energy,residential,edge_residential,1,82.39498670657547,82.947931304531,0,0
2026-01-01 01:10:00,S0018,energy,transit,edge_transit,1,83.55898805974851,97.43710935603781,0,0
2026-01-01 01:10:00,S0019,structure,waterfront,edge_waterfront,2,0.6379620708406106,43.13485979731678,1,0
2026-01-01 01:10:00,S0020,traffic,transit,edge_transit,2,34.90420188107644,48.30811798308208,0,0
2026-01-01 01:10:00,S0021,traffic,industrial,edge_industrial,2,34.709296490216815,39.11686102586876,0,0
2026-01-01 01:10:00,S0022,energy,transit,edge_transit,1,62.23818181964624,93.02422649822,0,0
2026-01-01 01:10:00,S0023,traffic,residential,edge_residential,2,32.690748357853984,40.16518981785823,0,0
2026-01-01 01:10:00,S0024,traffic,downtown,edge_downtown,2,34.96463499327396,30.75950997330036,0,0
2026-01-01 01:10:00,S0025,air_quality,downtown,edge_downtown,1,21.694791179559992,58.03714097069003,0,0
2026-01-01 01:10:00,S0026,air_quality,transit,edge_transit,1,21.787560154723842,73.34314202472994,0,0
2026-01-01 01:10:00,S0027,structure,industrial,edge_industrial,2,0.23019951450072376,13.32538577622891,0,0
2026-01-01 01:10:00,S0028,energy,residential,edge_residential,1,67.78209020851843,84.42921416207999,0,0
2026-01-01 01:10:00,S0029,air_quality,industrial,edge_industrial,1,15.783350183309471,56.27527179300222,0,0
2026-01-01 01:10:00,S0030,air_quality,industrial,edge_industrial,1,17.773006305740818,65.5509841540197,0,0
2026-01-01 01:10:00,S0031,traffic,downtown,edge_downtown,2,36.807291136096204,30.478609623514394,0,0
2026-01-01 01:10:00,S0032,traffic,industrial,edge_industrial,2,35.4375925117894,43.212951113646405,0,0
2026-01-01 01:10:00,S0033,traffic,waterfront,edge_waterfront,2,30.082991655127074,32.686453948508955,0,0
2026-01-01 01:10:00,S0034,energy,residential,edge_residential,1,81.74667741886549,66.10730292248451,0,0
2026-01-01 01:10:00,S0035,traffic,industrial,edge_industrial,2,44.7460797785639,36.73279776582662,0,0
2026-01-01 01:10:00,S0036,air_quality,residential,edge_residential,1,19.26894304795143,70.60979238765643,0,0
2026-01-01 01:10:00,S0037,traffic,waterfront,edge_waterfront,2,33.58931681154863,48.07651401327146,0,0
2026-01-01 01:10:00,S0038,energy,industrial,edge_industrial,1,77.7167369576889,113.37090613296196,0,0
2026-01-01 01:10:00,S0039,traffic,residential,edge_residential,2,36.48274350702918,28.661117080675375,0,0
2026-01-01 01:11:00,S0000,energy,residential,edge_residential,1,69.49998228814421,65.07286963807816,0,0
2026-01-01 01:11:00,S0001,structure,industrial,edge_industrial,2,0.22588627297583655,35.96372927742619,0,0
2026-01-01 01:11:00,S0002,energy,waterfront,edge_waterfront,1,73.38362224202346,37.24300762442162,0,0
2026-01-01 01:11:00,S0003,traffic,waterfront,edge_waterfront,2,28.877462888546713,49.646495636349705,0,0
2026-01-01 01:11:00,S0004,traffic,downtown,edge_downtown,2,30.074205075592193,62.96568680487219,0,0
2026-01-01 01:11:00,S0005,structure,residential,edge_residential,2,0.1836708342678945,33.144246576751364,0,0
2026-01-01 01:11:00,S0006,traffic,waterfront,edge_waterfront,2,37.46197747285931,25.41227128680329,0,0
2026-01-01 01:11:00,S0007,energy,waterfront,edge_waterfront,1,79.73737603845673,55.58925483579635,0,0
2026-01-01 01:11:00,S0008,energy,transit,edge_transit,1,81.75955329015932,68.71807942761195,0,0
2026-01-01 01:11:00,S0009,air_quality,transit,edge_transit,1,20.904853288179673,93.18713867291495,0,0
2026-01-01 01:11:00,S0010,traffic,downtown,edge_downtown,2,25.149767958101933,48.17652872788781,0,0
2026-01-01 01:11:00,S0011,traffic,transit,edge_transit,2,37.771058172343366,33.51464898245947,0,0
2026-01-01 01:11:00,S0012,traffic,residential,edge_residential,2,66.7929126328591,35.818591330730534,1,0
2026-01-01 01:11:00,S0013,air_quality,downtown,edge_downtown,1,19.101126281271398,67.61702285474833,0,0
2026-01-01 01:11:00,S0014,air_quality,industrial,edge_industrial,1,22.046522270984177,59.40285669184705,0,0
2026-01-01 01:11:00,S0015,air_quality,residential,edge_residential,1,23.32843165727646,71.86828962688546,0,0
2026-01-01 01:11:00,S0016,structure,transit,edge_transit,2,0.28173446498552657,36.58388499033978,0,0
2026-01-01 01:11:00,S0017,energy,residential,edge_residential,1,74.66306705491468,75.38800733914668,0,0
2026-01-01 01:11:00,S0018,energy,transit,edge_transit,1,71.22459573432428,86.39772500026352,0,0
2026-01-01 01:11:00,S0019,structure,waterfront,edge_waterfront,2,0.309396824110358,30.1752218947092,0,0
2026-01-01 01:11:00,S0020,traffic,transit,edge_transit,2,37.754900396900325,29.97396697954307,0,0
2026-01-01 01:11:00,S0021,traffic,industrial,edge_industrial,2,41.14708869197923,52.336979707446815,0,0
2026-01-01 01:11:00,S0022,energy,transit,edge_transit,1,78.65033411845546,71.99068974427755,0,0
2026-01-01 01:11:00,S0023,traffic,residential,edge_residential,2,37.19027803659619,49.47297808655691,0,0
2026-01-01 01:11:00,S0024,traffic,downtown,edge_downtown,2,37.45050083003068,42.527169527736405,0,0
2026-01-01 01:11:00,S0025,air_quality,downtown,edge_downtown,1,17.242477607266185,76.1441931043815,0,0
2026-01-01 01:11:00,S0026,air_quality,transit,edge_transit,1,18.127265444242834,78.55971193275516,0,0
2026-01-01 01:11:00,S0027,structure,industrial,edge_industrial,2,0.33567659072001316,42.95154186273275,0,0
2026-01-01 01:11:00,S0028,energy,residential,edge_residential,1,78.9530567039428,58.54829662838772,0,0
2026-01-01 01:11:00,S0029,air_quality,industrial,edge_industrial,1,19.356764346699794,57.008946657884756,0,0
2026-01-01 01:11:00,S0030,air_quality,industrial,edge_industrial,1,20.711189767852872,49.80966535208104,0,0
2026-01-01 01:11:00,S0031,traffic,downtown,edge_downtown,2,39.56867509169043,37.582957975424215,0,0
2026-01-01 01:11:00,S0032,traffic,industrial,edge_industrial,2,29.756828671816216,34.22886724351938,0,0
2026-01-01 01:11:00,S0033,traffic,waterfront,edge_waterfront,2,34.74115043771214,52.09287479875369,0,0
2026-01-01 01:11:00,S0034,energy,residential,edge_residential,1,71.81815709290255,79.57754384469457,0,0
2026-01-01 01:11:00,S0035,traffic,industrial,edge_industrial,2,32.21053615131848,53.71070388499005,0,0
2026-01-01 01:11:00,S0036,air_quality,residential,edge_residential,1,16.792604140253445,49.996356024365774,0,0
2026-01-01 01:11:00,S0037,traffic,waterfront,edge_waterfront,2,42.492434560478095,41.151480789063136,0,0
2026-01-01 01:11:00,S0038,energy,industrial,edge_industrial,1,71.00828449875829,87.49853113219069,0,0
2026-01-01 01:11:00,S0039,traffic,residential,edge_residential,2,36.21440272183909,68.93553566114613,0,0
2026-01-01 01:12:00,S0000,energy,residential,edge_residential,1,79.30920142167898,60.93406153855992,0,0
2026-01-01 01:12:00,S0001,structure,industrial,edge_industrial,2,0.6525788418883502,28.618816705401173,1,0
2026-01-01 01:12:00,S0002,energy,waterfront,edge_waterfront,1,69.3322534565625,61.27490037703408,0,0
2026-01-01 01:12:00,S0003,traffic,waterfront,edge_waterfront,2,31.993119172288857,30.73329047568641,0,0
2026-01-01 01:12:00,S0004,traffic,downtown,edge_downtown,2,42.32706492847453,34.45320525001842,0,0
2026-01-01 01:12:00,S0005,structure,residential,edge_residential,2,0.23416576111920023,22.895827850881872,0,0
2026-01-01 01:12:00,S0006,traffic,waterfront,edge_waterfront,2,31.691530534892934,38.0461440166853,0,0
2026-01-01 01:12:00,S0007,energy,waterfront,edge_waterfront,1,65.06130507006785,96.20315813019235,0,0
2026-01-01 01:12:00,S0008,energy,transit,edge_transit,1,83.1532581487875,52.57920988247485,0,0
2026-01-01 01:12:00,S0009,air_quality,transit,edge_transit,1,22.157789051532518,78.95253920594298,0,0
2026-01-01 01:12:00,S0010,traffic,downtown,edge_downtown,2,33.383675548260086,45.043916150219104,0,0
2026-01-01 01:12:00,S0011,traffic,transit,edge_transit,2,32.33731168084181,33.88519873883802,0,0
2026-01-01 01:12:00,S0012,traffic,residential,edge_residential,2,42.00689296472954,40.51277629504566,0,0
2026-01-01 01:12:00,S0013,air_quality,downtown,edge_downtown,1,20.701445168392013,70.3752949525543,0,0
2026-01-01 01:12:00,S0014,air_quality,industrial,edge_industrial,1,18.300500489045092,91.18778100230253,0,0
2026-01-01 01:12:00,S0015,air_quality,residential,edge_residential,1,18.12925355707072,72.90176871192331,0,0
2026-01-01 01:12:00,S0016,structure,transit,edge_transit,2,0.23424164921616342,44.162946658946176,0,0
2026-01-01 01:12:00,S0017,energy,residential,edge_residential,1,77.18864618193528,78.33960669529647,0,0
2026-01-01 01:12:00,S0018,energy,transit,edge_transit,1,132.93916232694198,102.59004932253117,1,0
2026-01-01 01:12:00,S0019,structure,waterfront,edge_waterfront,2,0.2078713259730661,43.146341275782966,0,0
2026-01-01 01:12:00,S0020,traffic,transit,edge_transit,2,35.22418192457101,34.48156374194307,0,0
2026-01-01 01:12:00,S0021,traffic,industrial,edge_industrial,2,26.9094915481436,42.8442457373783,0,0
2026-01-01 01:12:00,S0022,energy,transit,edge_transit,1,,98.44722023593508,0,1
2026-01-01 01:12:00,S0023,traffic,residential,edge_residential,2,34.692881233594996,31.977098049350815,0,0
2026-01-01 01:12:00,S0024,traffic,downtown,edge_downtown,2,,40.33858096241116,0,1
2026-01-01 01:12:00,S0025,air_quality,downtown,edge_downtown,1,16.059705265873674,53.27877381625885,0,0
2026-01-01 01:12:00,S0026,air_quality,transit,edge_transit,1,17.805960412648236,39.55386400175466,0,0
2026-01-01 01:12:00,S0027,structure,industrial,edge_industrial,2,0.2591994673303438,53.80238365965028,0,0
2026-01-01 01:12:00,S0028,energy,residential,edge_residential,1,67.06803757607685,105.91827576971674,0,0
2026-01-01 01:12:00,S0029,air_quality,industrial,edge_industrial,1,17.752160288319914,65.85321875265383,0,0
2026-01-01 01:12:00,S0030,air_quality,industrial,edge_industrial,1,22.490837692963876,73.47539192154959,0,0
2026-01-01 01:12:00,S0031,traffic,downtown,edge_downtown,2,36.331454532393245,36.539362863683316,0,0
2026-01-01 01:12:00,S0032,traffic,industrial,edge_industrial,2,36.90632976082307,31.88719554758476,0,0
2026-01-01 01:12:00,S0033,traffic,waterfront,edge_waterfront,2,29.05872512405915,35.186160335262926,0,0
2026-01-01 01:12:00,S0034,energy,residential,edge_residential,1,79.02371611744984,89.8416311200579,0,0
2026-01-01 01:12:00,S0035,traffic,industrial,edge_industrial,2,39.50780858224771,37.99290195175872,0,0
2026-01-01 01:12:00,S0036,air_quality,residential,edge_residential,1,20.799587589885647,47.17939384839717,0,0
2026-01-01 01:12:00,S0037,traffic,waterfront,edge_waterfront,2,25.09436647654661,43.170286962607825,0,0
2026-01-01 01:12:00,S0038,energy,industrial,edge_industrial,1,86.08562731979366,101.0819996011502,0,0
2026-01-01 01:12:00,S0039,traffic,residential,edge_residential,2,39.444242574469264,47.33956987954105,0,0
2026-01-01 01:13:00,S0000,energy,residential,edge_residential,1,75.48316434276505,77.80616205322917,0,0
2026-01-01 01:13:00,S0001,structure,industrial,edge_industrial,2,0.25731042588173225,22.825360932717103,0,0
2026-01-01 01:13:00,S0002,energy,waterfront,edge_waterfront,1,87.29871339705257,115.54157656075968,0,0
2026-01-01 01:13:00,S0003,traffic,waterfront,edge_waterfront,2,25.66890255764371,27.39236181673558,0,0
2026-01-01 01:13:00,S0004,traffic,downtown,edge_downtown,2,34.16848275407192,38.46264877879728,0,0
2026-01-01 01:13:00,S0005,structure,residential,edge_residential,2,0.23667025570664874,33.65453635459857,0,0
2026-01-01 01:13:00,S0006,traffic,waterfront,edge_waterfront,2,34.514295615272886,43.33051188974393,0,0
2026-01-01 01:13:00,S0007,energy,waterfront,edge_waterfront,1,,66.3975083707304,0,1
2026-01-01 01:13:00,S0008,energy,transit,edge_transit,1,66.04698330380216,115.42811540199918,0,0
2026-01-01 01:13:00,S0009,air_quality,transit,edge_transit,1,18.888996714976457,68.61156850715054,0,0
2026-01-01 01:13:00,S0010,traffic,downtown,edge_downtown,2,23.191967834866055,50.37771731493118,0,0
2026-01-01 01:13:00,S0011,traffic,transit,edge_transit,2,36.78880996408203,44.0131802320367,0,0
2026-01-01 01:13:00,S0012,traffic,residential,edge_residential,2,44.81893000487082,40.033292043966775,0,0
2026-01-01 01:13:00,S0013,air_quality,downtown,edge_downtown,1,21.357951560665164,72.29620598275025,0,0
2026-01-01 01:13:00,S0014,air_quality,industrial,edge_industrial,1,19.1313585008453,26.243675426878617,0,0
2026-01-01 01:13:00,S0015,air_quality,residential,edge_residential,1,20.840104635464986,71.8951114617408,0,0
2026-01-01 01:13:00,S0016,structure,transit,edge_transit,2,0.24771727424243875,49.091796615480185,0,0
2026-01-01 01:13:00,S0017,energy,residential,edge_residential,1,83.59273795757903,87.46148249250999,0,0
2026-01-01 01:13:00,S0018,energy,transit,edge_transit,1,77.95902800685533,71.46783574139788,0,0
2026-01-01 01:13:00,S0019,structure,waterfront,edge_waterfront,2,0.2875527340021341,26.569038903626705,0,0
2026-01-01 01:13:00,S0020,traffic,transit,edge_transit,2,40.78442983004558,36.5597989721608,0,0
2026-01-01 01:13:00,S0021,traffic,industrial,edge_industrial,2,31.86913078795439,40.72695128017531,0,0
2026-01-01 01:13:00,S0022,energy,transit,edge_transit,1,70.06019518045925,65.87857873595128,0,0
2026-01-01 01:13:00,S0023,traffic,residential,edge_residential,2,35.94614764694872,29.506313713987133,0,0
2026-01-01 01:13:00,S0024,traffic,downtown,edge_downtown,2,34.64423037169351,50.375714349407886,0,0
2026-01-01 01:13:00,S0025,air_quality,downtown,edge_downtown,1,21.26159586957394,54.799230447226584,0,0
2026-01-01 01:13:00,S0026,air_quality,transit,edge_transit,1,21.282026706794312,64.84192542762332,0,0
2026-01-01 01:13:00,S0027,structure,industrial,edge_industrial,2,0.2295956102840216,38.80637892803943,0,0
2026-01-01 01:13:00,S0028,energy,residential,edge_residential,1,76.12060658682101,79.21654551014366,0,0
2026-01-01 01:13:00,S0029,air_quality,industrial,edge_industrial,1,25.351464698248986,52.733171294711724,0,0
2026-01-01 01:13:00,S0030,air_quality,industrial,edge_industrial,1,15.905909576348684,60.129292005640075,0,0
2026-01-01 01:13:00,S0031,traffic,downtown,edge_downtown,2,35.525716040857496,60.13137138951559,0,0
2026-01-01 01:13:00,S0032,traffic,industrial,edge_industrial,2,29.170437383687975,53.15868842597052,0,0
2026-01-01 01:13:00,S0033,traffic,waterfront,edge_waterfront,2,36.540330706961754,52.29462293176314,0,0
2026-01-01 01:13:00,S0034,energy,residential,edge_residential,1,78.72563670516476,91.81141909467965,0,0
2026-01-01 01:13:00,S0035,traffic,industrial,edge_industrial,2,33.85577596156752,30.932351814101995,0,0
2026-01-01 01:13:00,S0036,air_quality,residential,edge_residential,1,17.398615196803377,81.2001952636208,0,0
2026-01-01 01:13:00,S0037,traffic,waterfront,edge_waterfront,2,41.604067362265035,47.2047629605269,0,0
2026-01-01 01:13:00,S0038,energy,industrial,edge_industrial,1,83.04206689065836,73.3014302213151,0,0
2026-01-01 01:13:00,S0039,traffic,residential,edge_residential,2,30.949106808080497,44.95752826629008,0,0
2026-01-01 01:14:00,S0000,energy,residential,edge_residential,1,65.53856020432745,47.97153300967637,0,0
2026-01-01 01:14:00,S0001,structure,industrial,edge_industrial,2,0.14659057866102798,29.050098469932138,0,0
2026-01-01 01:14:00,S0002,energy,waterfront,edge_waterfront,1,77.74567953157643,72.6541309205802,0,0
2026-01-01 01:14:00,S0003,traffic,waterfront,edge_waterfront,2,42.18848381863267,39.895095832784996,0,0
2026-01-01 01:14:00,S0004,traffic,downtown,edge_downtown,2,33.10200935586036,40.70937710020952,0,0
2026-01-01 01:14:00,S0005,structure,residential,edge_residential,2,0.2742516363297206,39.15237028567752,0,0
2026-01-01 01:14:00,S0006,traffic,waterfront,edge_waterfront,2,32.84086963086401,46.38523129688583,0,0
2026-01-01 01:14:00,S0007,energy,waterfront,edge_waterfront,1,66.43887908096188,88.03612657660673,0,0
2026-01-01 01:14:00,S0008,energy,transit,edge_transit,1,65.52992244817035,72.5946279777696,0,0
2026-01-01 01:14:00,S0009,air_quality,transit,edge_transit,1,19.331876609207296,80.0196692683868,0,0
2026-01-01 01:14:00,S0010,traffic,downtown,edge_downtown,2,35.38185108196605,54.8686163673529,0,0
2026-01-01 01:14:00,S0011,traffic,transit,edge_transit,2,33.371746930075936,42.61895771914387,0,0
2026-01-01 01:14:00,S0012,traffic,residential,edge_residential,2,43.046363180112124,23.13064318607842,0,0
2026-01-01 01:14:00,S0013,air_quality,downtown,edge_downtown,1,17.586152918075324,72.15186849606057,0,0
2026-01-01 01:14:00,S0014,air_quality,industrial,edge_industrial,1,17.878270275535034,68.88552605806555,0,0
2026-01-01 01:14:00,S0015,air_quality,residential,edge_residential,1,17.66448243190726,100.12760393929156,0,0
2026-01-01 01:14:00,S0016,structure,transit,edge_transit,2,0.29623788080619645,45.97139698153326,0,0
2026-01-01 01:14:00,S0017,energy,residential,edge_residential,1,77.47626587334238,72.13436641259652,0,0
2026-01-01 01:14:00,S0018,energy,transit,edge_transit,1,76.16133148311775,43.82985764890319,0,0
2026-01-01 01:14:00,S0019,structure,waterfront,edge_waterfront,2,0.34044266872101975,32.66718215807601,0,0
2026-01-01 01:14:00,S0020,traffic,transit,edge_transit,2,46.57828716791337,62.726220564222146,0,0
2026-01-01 01:14:00,S0021,traffic,industrial,edge_industrial,2,36.282459951573784,30.317515322113763,0,0
2026-01-01 01:14:00,S0022,energy,transit,edge_transit,1,80.30816999618044,93.77811328601265,0,0
2026-01-01 01:14:00,S0023,traffic,residential,edge_residential,2,36.82370406490276,48.60142960279295,0,0
2026-01-01 01:14:00,S0024,traffic,downtown,edge_downtown,2,33.72604317588527,61.44550620471734,0,0
2026-01-01 01:14:00,S0025,air_quality,downtown,edge_downtown,1,16.8886765144334,97.18847721076324,0,0
2026-01-01 01:14:00,S0026,air_quality,transit,edge_transit,1,18.231358373971144,70.74330655697413,0,0
2026-01-01 01:14:00,S0027,structure,industrial,edge_industrial,2,0.2565972501304568,43.808953619179384,0,0
2026-01-01 01:14:00,S0028,energy,residential,edge_residential,1,70.37428344429053,66.42065704741204,0,0
2026-01-01 01:14:00,S0029,air_quality,industrial,edge_industrial,1,18.909882439861974,63.932167776441965,0,0
2026-01-01 01:14:00,S0030,air_quality,industrial,edge_industrial,1,14.563823163769905,72.70286536790329,0,0
2026-01-01 01:14:00,S0031,traffic,downtown,edge_downtown,2,48.85858805719577,45.55299951026986,0,0
2026-01-01 01:14:00,S0032,traffic,industrial,edge_industrial,2,43.84813839512654,42.238796588420165,0,0
2026-01-01 01:14:00,S0033,traffic,waterfront,edge_waterfront,2,35.75120274199618,51.54698225786525,0,0
2026-01-01 01:14:00,S0034,energy,residential,edge_residential,1,129.46362757358273,59.804599507017116,1,0
2026-01-01 01:14:00,S0035,traffic,industrial,edge_industrial,2,35.94083850441669,74.2608105294331,0,0
2026-01-01 01:14:00,S0036,air_quality,residential,edge_residential,1,22.949051038411536,100.49761721702527,0,0
2026-01-01 01:14:00,S0037,traffic,waterfront,edge_waterfront,2,33.47322824458057,44.36548432711015,0,0
2026-01-01 01:14:00,S0038,energy,industrial,edge_industrial,1,75.2760246699366,51.230730674447344,0,0
2026-01-01 01:14:00,S0039,traffic,residential,edge_residential,2,42.824333742809245,46.53140137119299,0,0
2026-01-01 01:15:00,S0000,energy,residential,edge_residential,1,82.31648447689815,109.41469898603106,0,0
2026-01-01 01:15:00,S0001,structure,industrial,edge_industrial,2,0.21977108869286563,51.79739364379618,0,0
2026-01-01 01:15:00,S0002,energy,waterfront,edge_waterfront,1,145.73404543147797,52.790531927248296,1,0
2026-01-01 01:15:00,S0003,traffic,waterfront,edge_waterfront,2,,36.43709355661764,0,1
2026-01-01 01:15:00,S0004,traffic,downtown,edge_downtown,2,48.192306512237536,38.57817374671137,1,0
2026-01-01 01:15:00,S0005,structure,residential,edge_residential,2,0.21854275605487566,45.42860628178399,0,0
2026-01-01 01:15:00,S0006,traffic,waterfront,edge_waterfront,2,28.870154191060713,41.715482955941894,0,0
2026-01-01 01:15:00,S0007,energy,waterfront,edge_waterfront,1,82.32899930785145,61.22874818476374,0,0
2026-01-01 01:15:00,S0008,energy,transit,edge_transit,1,76.16159850890071,43.37428895490658,0,0
2026-01-01 01:15:00,S0009,air_quality,transit,edge_transit,1,19.111535204076887,85.22230402838565,0,0
2026-01-01 01:15:00,S0010,traffic,downtown,edge_downtown,2,34.064743623208635,34.276816202769,0,0
2026-01-01 01:15:00,S0011,traffic,transit,edge_transit,2,34.00795842260966,47.13756396352697,0,0
2026-01-01 01:15:00,S0012,traffic,residential,edge_residential,2,30.342992988922624,70.8743834432585,0,0
2026-01-01 01:15:00,S0013,air_quality,downtown,edge_downtown,1,23.849617129156947,44.01018050135771,0,0
2026-01-01 01:15:00,S0014,air_quality,industrial,edge_industrial,1,20.442598852505785,66.99330909683522,0,0
2026-01-01 01:15:00,S0015,air_quality,residential,edge_residential,1,20.500000475465903,51.66235952364788,0,0
2026-01-01 01:15:00,S0016,structure,transit,edge_transit,2,0.23793866980008546,33.47502335382583,0,0
2026-01-01 01:15:00,S0017,energy,residential,edge_residential,1,82.06451374361306,49.82729657095999,0,0
2026-01-01 01:15:00,S0018,energy,transit,edge_transit,1,68.09047311754242,89.8408726510005,0,0
2026-01-01 01:15:00,S0019,structure,waterfront,edge_waterfront,2,0.1597239696370886,39.58784851933308,0,0
2026-01-01 01:15:00,S0020,traffic,transit,edge_transit,2,43.84768560105639,38.2848785736346,0,0
2026-01-01 01:15:00,S0021,traffic,industrial,edge_industrial,2,32.46478347909156,38.40260160728987,0,0
2026-01-01 01:15:00,S0022,energy,transit,edge_transit,1,74.56597273555118,52.41609961964064,0,0
2026-01-01 01:15:00,S0023,traffic,residential,edge_residential,2,34.935586702192886,43.95573764098826,0,0
2026-01-01 01:15:00,S0024,traffic,downtown,edge_downtown,2,30.930827666363996,44.88536645539892,0,0
2026-01-01 01:15:00,S0025,air_quality,downtown,edge_downtown,1,22.771088039848422,17.57963831633318,0,0
2026-01-01 01:15:00,S0026,air_quality,transit,edge_transit,1,19.58059629109578,50.03332384922904,0,0
2026-01-01 01:15:00,S0027,structure,industrial,edge_industrial,2,0.25117446839740887,41.3084763478379,0,0
2026-01-01 01:15:00,S0028,energy,residential,edge_residential,1,67.56183502465967,93.25569770532675,0,0
2026-01-01 01:15:00,S0029,air_quality,industrial,edge_industrial,1,13.65960779055324,59.96351509217472,0,0
2026-01-01 01:15:00,S0030,air_quality,industrial,edge_industrial,1,19.33233554084798,56.44331470964921,0,0
2026-01-01 01:15:00,S0031,traffic,downtown,edge_downtown,2,78.81844497976628,55.35763889238561,1,0
2026-01-01 01:15:00,S0032,traffic,industrial,edge_industrial,2,37.16748748821657,48.6953252421317,0,0
2026-01-01 01:15:00,S0033,traffic,waterfront,edge_waterfront,2,37.95837070561727,42.29564284691214,0,0
2026-01-01 01:15:00,S0034,energy,residential,edge_residential,1,80.21630554863214,79.5038418004208,0,0
2026-01-01 01:15:00,S0035,traffic,industrial,edge_industrial,2,37.316212135984536,31.696075752591284,0,0
2026-01-01 01:15:00,S0036,air_quality,residential,edge_residential,1,22.228505682378326,81.9342826961107,0,0
2026-01-01 01:15:00,S0037,traffic,waterfront,edge_waterfront,2,34.980248276186764,56.820823474342234,0,0
2026-01-01 01:15:00,S0038,energy,industrial,edge_industrial,1,158.17492406579296,118.49983397237006,1,0
2026-01-01 01:15:00,S0039,traffic,residential,edge_residential,2,25.58607477099763,39.004949988987555,0,0
2026-01-01 01:16:00,S0000,energy,residential,edge_residential,1,83.53376524999302,31.89272413939019,0,0
2026-01-01 01:16:00,S0001,structure,industrial,edge_industrial,2,0.2588346008837428,56.64441028274781,0,0
2026-01-01 01:16:00,S0002,energy,waterfront,edge_waterfront,1,78.16050959507054,80.0893147463866,0,0
2026-01-01 01:16:00,S0003,traffic,waterfront,edge_waterfront,2,29.129925005809064,29.945186056324417,0,0
2026-01-01 01:16:00,S0004,traffic,downtown,edge_downtown,2,32.30683645702305,29.184206379213347,0,0
2026-01-01 01:16:00,S0005,structure,residential,edge_residential,2,0.23552648261622208,36.02382608188444,0,0
2026-01-01 01:16:00,S0006,traffic,waterfront,edge_waterfront,2,43.79410994487947,41.35377297918923,1,0
2026-01-01 01:16:00,S0007,energy,waterfront,edge_waterfront,1,64.84841862990713,118.02805595401313,0,0
2026-01-01 01:16:00,S0008,energy,transit,edge_transit,1,81.99960023629018,34.105012038709724,0,0
2026-01-01 01:16:00,S0009,air_quality,transit,edge_transit,1,19.06140809283663,61.0852490676867,0,0
2026-01-01 01:16:00,S0010,traffic,downtown,edge_downtown,2,44.24682153685952,32.287006474076556,0,0
2026-01-01 01:16:00,S0011,traffic,transit,edge_transit,2,41.32390414210647,42.489673387198906,0,0
2026-01-01 01:16:00,S0012,traffic,residential,edge_residential,2,40.412592390783274,25.589572301565774,0,0
2026-01-01 01:16:00,S0013,air_quality,downtown,edge_downtown,1,19.838969905018413,87.60133754287799,0,0
2026-01-01 01:16:00,S0014,air_quality,industrial,edge_industrial,1,19.347500033424556,65.2220859047326,0,0
2026-01-01 01:16:00,S0015,air_quality,residential,edge_residential,1,16.321122928916125,69.76842331729107,0,0
2026-01-01 01:16:00,S0016,structure,transit,edge_transit,2,0.29504571242812044,20.72199349114975,0,0
2026-01-01 01:16:00,S0017,energy,residential,edge_residential,1,82.8600132448084,78.08030423275244,0,0
2026-01-01 01:16:00,S0018,energy,transit,edge_transit,1,67.20418384197951,97.8773732592946,0,0
2026-01-01 01:16:00,S0019,structure,waterfront,edge_waterfront,2,0.23479827033401063,31.148462903316425,0,0
2026-01-01 01:16:00,S0020,traffic,transit,edge_transit,2,37.00144680994126,45.42189616998726,0,0
2026-01-01 01:16:00,S0021,traffic,industrial,edge_industrial,2,32.829916344759326,48.885228123276036,0,0
2026-01-01 01:16:00,S0022,energy,transit,edge_transit,1,84.61761258884589,85.68413004376947,0,0
2026-01-01 01:16:00,S0023,traffic,residential,edge_residential,2,35.37179797923318,53.589224691376174,0,0
2026-01-01 01:16:00,S0024,traffic,downtown,edge_downtown,2,34.503578930524014,39.25672196693075,0,0
2026-01-01 01:16:00,S0025,air_quality,downtown,edge_downtown,1,23.16404743871575,74.97843571179075,0,0
2026-01-01 01:16:00,S0026,air_quality,transit,edge_transit,1,56.67167324227285,55.0133939900347,1,0
2026-01-01 01:16:00,S0027,structure,industrial,edge_industrial,2,0.24474222708032706,64.12728893218951,0,0
2026-01-01 01:16:00,S0028,energy,residential,edge_residential,1,71.84880831812156,81.87626043433599,0,0
2026-01-01 01:16:00,S0029,air_quality,industrial,edge_industrial,1,19.628501928301954,93.6252766439149,0,0
2026-01-01 01:16:00,S0030,air_quality,industrial,edge_industrial,1,20.004509910259305,66.90402646347958,0,0
2026-01-01 01:16:00,S0031,traffic,downtown,edge_downtown,2,45.39429353252817,28.35739655456782,0,0
2026-01-01 01:16:00,S0032,traffic,industrial,edge_industrial,2,37.48925643456905,49.87683894042463,0,0
2026-01-01 01:16:00,S0033,traffic,waterfront,edge_waterfront,2,33.644333199167555,63.545494294899655,0,0
2026-01-01 01:16:00,S0034,energy,residential,edge_residential,1,,43.14334515234451,0,1
2026-01-01 01:16:00,S0035,traffic,industrial,edge_industrial,2,55.84920713290598,27.00735125100637,1,0
2026-01-01 01:16:00,S0036,air_quality,residential,edge_residential,1,17.82016084566896,103.89347532945183,0,0
2026-01-01 01:16:00,S0037,traffic,waterfront,edge_waterfront,2,32.1007079158197,42.217817869691146,0,0
2026-01-01 01:16:00,S0038,energy,industrial,edge_industrial,1,64.64771022674897,80.06592101653615,0,0
2026-01-01 01:16:00,S0039,traffic,residential,edge_residential,2,31.910742261134708,42.32331132409945,0,0
2026-01-01 01:17:00,S0000,energy,residential,edge_residential,1,74.55053024294057,57.86385168515879,0,0
2026-01-01 01:17:00,S0001,structure,industrial,edge_industrial,2,0.3121739479135107,44.17610623722911,0,0
2026-01-01 01:17:00,S0002,energy,waterfront,edge_waterfront,1,72.5529199500143,77.83266405576624,0,0
2026-01-01 01:17:00,S0003,traffic,waterfront,edge_waterfront,2,34.70575965462061,37.65043844857164,0,0
2026-01-01 01:17:00,S0004,traffic,downtown,edge_downtown,2,40.36035014848841,43.22574798702026,0,0
2026-01-01 01:17:00,S0005,structure,residential,edge_residential,2,0.21458792839422178,34.897923939156954,0,0
2026-01-01 01:17:00,S0006,traffic,waterfront,edge_waterfront,2,34.85602677888449,36.08482061612315,0,0
2026-01-01 01:17:00,S0007,energy,waterfront,edge_waterfront,1,68.4150695633473,57.86225944763558,0,0
2026-01-01 01:17:00,S0008,energy,transit,edge_transit,1,81.59404827222724,23.14062859562226,0,0
2026-01-01 01:17:00,S0009,air_quality,transit,edge_transit,1,20.085784007975953,73.86968709913143,0,0
2026-01-01 01:17:00,S0010,traffic,downtown,edge_downtown,2,33.266334252852005,37.80236745272572,0,0
2026-01-01 01:17:00,S0011,traffic,transit,edge_transit,2,29.12548200963125,29.745460052857368,0,0
2026-01-01 01:17:00,S0012,traffic,residential,edge_residential,2,34.44798207865571,43.15581528371093,0,0
2026-01-01 01:17:00,S0013,air_quality,downtown,edge_downtown,1,20.23395972486584,68.5220829217247,0,0
2026-01-01 01:17:00,S0014,air_quality,industrial,edge_industrial,1,17.416163907960037,78.50286520704759,0,0
2026-01-01 01:17:00,S0015,air_quality,residential,edge_residential,1,16.186792146879153,67.44159279812926,0,0
2026-01-01 01:17:00,S0016,structure,transit,edge_transit,2,0.24807462152749718,39.00702753931663,0,0
2026-01-01 01:17:00,S0017,energy,residential,edge_residential,1,68.74537499111308,86.8759740741006,0,0
2026-01-01 01:17:00,S0018,energy,transit,edge_transit,1,77.42007155806584,64.31683094792047,0,0
2026-01-01 01:17:00,S0019,structure,waterfront,edge_waterfront,2,0.27763882396443856,47.254523889892994,0,0
2026-01-01 01:17:00,S0020,traffic,transit,edge_transit,2,28.93285689522245,23.739281339627716,0,0
2026-01-01 01:17:00,S0021,traffic,industrial,edge_industrial,2,29.225409782118636,52.1602901248516,0,0
2026-01-01 01:17:00,S0022,energy,transit,edge_transit,1,81.2794395885838,131.78572251128702,0,0
2026-01-01 01:17:00,S0023,traffic,residential,edge_residential,2,38.85481087307248,55.324919867104796,0,0
2026-01-01 01:17:00,S0024,traffic,downtown,edge_downtown,2,34.05247865408227,43.322906547903244,0,0
2026-01-01 01:17:00,S0025,air_quality,downtown,edge_downtown,1,18.218731260149,52.19497555715762,0,0
2026-01-01 01:17:00,S0026,air_quality,transit,edge_transit,1,44.76826807955314,83.16196265520776,1,0
2026-01-01 01:17:00,S0027,structure,industrial,edge_industrial,2,0.21413517598942333,46.885903349368384,0,0
2026-01-01 01:17:00,S0028,energy,residential,edge_residential,1,75.88728010743036,92.58473729699651,0,0
2026-01-01 01:17:00,S0029,air_quality,industrial,edge_industrial,1,17.410006645239083,64.59800380390466,0,0
2026-01-01 01:17:00,S0030,air_quality,industrial,edge_industrial,1,19.7791562028021,50.69743728580117,0,0
2026-01-01 01:17:00,S0031,traffic,downtown,edge_downtown,2,30.989507121819347,39.096250692583375,0,0
2026-01-01 01:17:00,S0032,traffic,industrial,edge_industrial,2,35.606436589806336,58.275710909012304,0,0
2026-01-01 01:17:00,S0033,traffic,waterfront,edge_waterfront,2,33.82871454075836,44.13306908275872,0,0
2026-01-01 01:17:00,S0034,energy,residential,edge_residential,1,71.83579166613465,57.677508381921434,0,0
2026-01-01 01:17:00,S0035,traffic,industrial,edge_industrial,2,31.059303397311936,42.90814363005024,0,0
2026-01-01 01:17:00,S0036,air_quality,residential,edge_residential,1,19.334291114810544,54.21670852218489,0,0
2026-01-01 01:17:00,S0037,traffic,waterfront,edge_waterfront,2,37.26118803151287,53.16499395233379,0,0
2026-01-01 01:17:00,S0038,energy,industrial,edge_industrial,1,76.41296463889182,61.14668297706536,0,0
2026-01-01 01:17:00,S0039,traffic,residential,edge_residential,2,35.50091254916464,57.27014634811016,0,0
2026-01-01 01:18:00,S0000,energy,residential,edge_residential,1,73.36360525547265,74.60869671981663,0,0
2026-01-01 01:18:00,S0001,structure,industrial,edge_industrial,2,0.26150630145723053,49.26629191666023,0,0
2026-01-01 01:18:00,S0002,energy,waterfront,edge_waterfront,1,86.50780290390749,78.05309929412657,0,0
2026-01-01 01:18:00,S0003,traffic,waterfront,edge_waterfront,2,39.757404501784976,30.927263930189184,0,0
2026-01-01 01:18:00,S0004,traffic,downtown,edge_downtown,2,38.88718363321378,46.05524468750973,0,0
2026-01-01 01:18:00,S0005,structure,residential,edge_residential,2,0.2515389765946178,51.87713336523274,0,0
2026-01-01 01:18:00,S0006,traffic,waterfront,edge_waterfront,2,37.28383440612945,37.77558572572994,0,0
2026-01-01 01:18:00,S0007,energy,waterfront,edge_waterfront,1,78.79295483898309,83.63789735738659,0,0
2026-01-01 01:18:00,S0008,energy,transit,edge_transit,1,167.51453064323192,68.1071482668655,1,0
2026-01-01 01:18:00,S0009,air_quality,transit,edge_transit,1,20.651279266710556,59.05960267350696,0,0
2026-01-01 01:18:00,S0010,traffic,downtown,edge_downtown,2,40.41670132934462,34.28252569271482,0,0
2026-01-01 01:18:00,S0011,traffic,transit,edge_transit,2,34.76792402225235,49.826929177861494,0,0
2026-01-01 01:18:00,S0012,traffic,residential,edge_residential,2,40.36747148643309,33.47059526334595,0,0
2026-01-01 01:18:00,S0013,air_quality,downtown,edge_downtown,1,18.60935247049243,58.09841668885904,0,0
2026-01-01 01:18:00,S0014,air_quality,industrial,edge_industrial,1,19.317392035437834,58.39343007777913,0,0
2026-01-01 01:18:00,S0015,air_quality,residential,edge_residential,1,17.03059873226764,54.06431075614744,0,0
2026-01-01 01:18:00,S0016,structure,transit,edge_transit,2,0.24797535686838498,11.557363610615436,0,0
2026-01-01 01:18:00,S0017,energy,residential,edge_residential,1,87.32437011263184,78.69235237412373,0,0
2026-01-01 01:18:00,S0018,energy,transit,edge_transit,1,130.74862217102847,84.75317837687709,1,0
2026-01-01 01:18:00,S0019,structure,waterfront,edge_waterfront,2,0.22080354301323896,36.98894720336,0,0
2026-01-01 01:18:00,S0020,traffic,transit,edge_transit,2,57.44074782339455,37.39669872195838,1,0
2026-01-01 01:18:00,S0021,traffic,industrial,edge_industrial,2,44.284049730819945,24.652936287778356,0,0
2026-01-01 01:18:00,S0022,energy,transit,edge_transit,1,68.47327908113787,59.240755001209706,0,0
2026-01-01 01:18:00,S0023,traffic,residential,edge_residential,2,28.65335679504933,22.370700036806568,0,0
2026-01-01 01:18:00,S0024,traffic,downtown,edge_downtown,2,31.701767358332198,41.21960506621904,0,0
2026-01-01 01:18:00,S0025,air_quality,downtown,edge_downtown,1,25.44243992576997,80.44294637552476,0,0
2026-01-01 01:18:00,S0026,air_quality,transit,edge_transit,1,18.254579126122405,71.82107438116967,0,0
2026-01-01 01:18:00,S0027,structure,industrial,edge_industrial,2,0.2188471979586359,52.1568526966451,0,0
2026-01-01 01:18:00,S0028,energy,residential,edge_residential,1,79.30969202326898,79.80536290352123,0,0
2026-01-01 01:18:00,S0029,air_quality,industrial,edge_industrial,1,18.40548295746931,54.77020237207557,0,0
2026-01-01 01:18:00,S0030,air_quality,industrial,edge_industrial,1,21.430448548983225,55.61268147380265,0,0
2026-01-01 01:18:00,S0031,traffic,downtown,edge_downtown,2,30.536996073213682,30.73608222343798,0,0
2026-01-01 01:18:00,S0032,traffic,industrial,edge_industrial,2,35.58956725323621,56.35935229393218,0,0
2026-01-01 01:18:00,S0033,traffic,waterfront,edge_waterfront,2,31.227341809091328,47.7365821126333,0,0
2026-01-01 01:18:00,S0034,energy,residential,edge_residential,1,76.04273069078874,66.24610169992535,0,0
2026-01-01 01:18:00,S0035,traffic,industrial,edge_industrial,2,41.18765775904971,51.21993757752976,0,0
2026-01-01 01:18:00,S0036,air_quality,residential,edge_residential,1,19.34171265813512,71.52801523876303,0,0
2026-01-01 01:18:00,S0037,traffic,waterfront,edge_waterfront,2,36.18899951509758,62.590405189545024,0,0
2026-01-01 01:18:00,S0038,energy,industrial,edge_industrial,1,82.60985814668585,89.24865131775594,0,0
2026-01-01 01:18:00,S0039,traffic,residential,edge_residential,2,31.968746281538674,28.27885374161413,0,0
2026-01-01 01:19:00,S0000,energy,residential,edge_residential,1,74.10954897422609,75.45825817338634,0,0
2026-01-01 01:19:00,S0001,structure,industrial,edge_industrial,2,0.4714165293298312,33.09008682689113,1,0
2026-01-01 01:19:00,S0002,energy,waterfront,edge_waterfront,1,68.75257116952686,70.40874233727527,0,0
2026-01-01 01:19:00,S0003,traffic,waterfront,edge_waterfront,2,37.4844877392194,42.13004006671588,0,0
2026-01-01 01:19:00,S0004,traffic,downtown,edge_downtown,2,56.64429527339648,46.30845317826462,1,0
2026-01-01 01:19:00,S0005,structure,residential,edge_residential,2,0.25587421815538586,31.487934973387333,0,0
2026-01-01 01:19:00,S0006,traffic,waterfront,edge_waterfront,2,25.94458180183342,45.35431964421055,0,0
2026-01-01 01:19:00,S0007,energy,waterfront,edge_waterfront,1,76.38207144105431,132.6552478868578,0,0
2026-01-01 01:19:00,S0008,energy,transit,edge_transit,1,79.72226039746252,108.5965303839046,0,0
2026-01-01 01:19:00,S0009,air_quality,transit,edge_transit,1,18.61560733019379,74.80167296813305,0,0
2026-01-01 01:19:00,S0010,traffic,downtown,edge_downtown,2,40.898143440486166,49.19700547717308,0,0
2026-01-01 01:19:00,S0011,traffic,transit,edge_transit,2,29.62258646933462,44.7504546130745,0,0
2026-01-01 01:19:00,S0012,traffic,residential,edge_residential,2,31.826367429654397,39.51872149460362,0,0
2026-01-01 01:19:00,S0013,air_quality,downtown,edge_downtown,1,21.490267060085284,51.33150846215001,0,0
2026-01-01 01:19:00,S0014,air_quality,industrial,edge_industrial,1,54.617603825920845,61.867948123803686,1,0
2026-01-01 01:19:00,S0015,air_quality,residential,edge_residential,1,42.984738469974836,69.70063624404973,1,0
2026-01-01 01:19:00,S0016,structure,transit,edge_transit,2,0.2705104703979,44.227840421207596,0,0
2026-01-01 01:19:00,S0017,energy,residential,edge_residential,1,81.65263397896659,94.59831916213905,0,0
2026-01-01 01:19:00,S0018,energy,transit,edge_transit,1,71.97229301562842,94.56611682884655,0,0
2026-01-01 01:19:00,S0019,structure,waterfront,edge_waterfront,2,0.17648280937511496,39.85491450122756,0,0
2026-01-01 01:19:00,S0020,traffic,transit,edge_transit,2,27.00286845064245,43.851138576644175,0,0
2026-01-01 01:19:00,S0021,traffic,industrial,edge_industrial,2,34.007860742275255,45.81298418568412,0,0
2026-01-01 01:19:00,S0022,energy,transit,edge_transit,1,79.67634952381019,70.28015347151764,0,0
2026-01-01 01:19:00,S0023,traffic,residential,edge_residential,2,31.595633210453386,43.97765379924869,0,0
2026-01-01 01:19:00,S0024,traffic,downtown,edge_downtown,2,33.20597334541915,37.44157469048326,0,0
2026-01-01 01:19:00,S0025,air_quality,downtown,edge_downtown,1,19.04742163440707,51.93073561014363,0,0
2026-01-01 01:19:00,S0026,air_quality,transit,edge_transit,1,18.24301758291194,63.84852558671341,0,0
2026-01-01 01:19:00,S0027,structure,industrial,edge_industrial,2,0.3129735136660128,32.591188540126815,0,0
2026-01-01 01:19:00,S0028,energy,residential,edge_residential,1,78.7478644419668,100.95256655660151,0,0
2026-01-01 01:19:00,S0029,air_quality,industrial,edge_industrial,1,17.67236983034157,64.53197131997584,0,0
2026-01-01 01:19:00,S0030,air_quality,industrial,edge_industrial,1,21.055042980065824,52.04166810043911,0,0
2026-01-01 01:19:00,S0031,traffic,downtown,edge_downtown,2,27.447825743528508,47.45469052301769,0,0
2026-01-01 01:19:00,S0032,traffic,industrial,edge_industrial,2,27.260268501707955,37.45950945334538,0,0
2026-01-01 01:19:00,S0033,traffic,waterfront,edge_waterfront,2,40.61027045724331,52.67039230491051,0,0
2026-01-01 01:19:00,S0034,energy,residential,edge_residential,1,76.90012826351916,80.12852208346116,0,0
2026-01-01 01:19:00,S0035,traffic,industrial,edge_industrial,2,37.72970320417241,47.712596966115356,0,0
2026-01-01 01:19:00,S0036,air_quality,residential,edge_residential,1,23.152158668750822,34.622511373863595,0,0
2026-01-01 01:19:00,S0037,traffic,waterfront,edge_waterfront,2,35.161145638468724,29.990977746593735,0,0
2026-01-01 01:19:00,S0038,energy,industrial,edge_industrial,1,71.97012666818209,60.65872485444628,0,0
2026-01-01 01:19:00,S0039,traffic,residential,edge_residential,2,26.506965293274327,46.90432911913322,0,0
2026-01-01 01:20:00,S0000,energy,residential,edge_residential,1,69.27938821321254,83.32248346285249,0,0
2026-01-01 01:20:00,S0001,structure,industrial,edge_industrial,2,0.19350962208248068,37.267059086723165,0,0
2026-01-01 01:20:00,S0002,energy,waterfront,edge_waterfront,1,61.64812512995706,73.79846010521435,0,0
2026-01-01 01:20:00,S0003,traffic,waterfront,edge_waterfront,2,36.92072730151406,41.25676508641812,0,0
2026-01-01 01:20:00,S0004,traffic,downtown,edge_downtown,2,37.91113527524859,29.59294824910075,0,0
2026-01-01 01:20:00,S0005,structure,residential,edge_residential,2,0.29207219090673187,47.640089804779706,0,0
2026-01-01 01:20:00,S0006,traffic,waterfront,edge_waterfront,2,34.274187574037825,47.909060331374505,0,0
2026-01-01 01:20:00,S0007,energy,waterfront,edge_waterfront,1,87.69956220598104,85.16268513535627,0,0
2026-01-01 01:20:00,S0008,energy,transit,edge_transit,1,77.65555844948528,47.1716211277982,0,0
2026-01-01 01:20:00,S0009,air_quality,transit,edge_transit,1,17.816015462680177,60.19679607926848,0,0
2026-01-01 01:20:00,S0010,traffic,downtown,edge_downtown,2,45.48636108366088,41.091795694975445,0,0
2026-01-01 01:20:00,S0011,traffic,transit,edge_transit,2,57.43102465132737,36.20311030855389,1,0
2026-01-01 01:20:00,S0012,traffic,residential,edge_residential,2,35.08401621654461,56.455392311386085,0,0
2026-01-01 01:20:00,S0013,air_quality,downtown,edge_downtown,1,22.26701579847738,55.95571343937711,0,0
2026-01-01 01:20:00,S0014,air_quality,industrial,edge_industrial,1,15.567941403699786,83.58432023566935,0,0
2026-01-01 01:20:00,S0015,air_quality,residential,edge_residential,1,18.117851220761985,85.30951838894973,0,0
2026-01-01 01:20:00,S0016,structure,transit,edge_transit,2,0.2824061872595485,43.74414783868282,0,0
2026-01-01 01:20:00,S0017,energy,residential,edge_residential,1,75.84579714853818,87.12772096653173,0,0
2026-01-01 01:20:00,S0018,energy,transit,edge_transit,1,77.57926475208116,24.948697532682274,0,0
2026-01-01 01:20:00,S0019,structure,waterfront,edge_waterfront,2,0.2619976992222652,19.063224896557397,0,0
2026-01-01 01:20:00,S0020,traffic,transit,edge_transit,2,30.899162192321043,41.15095512954445,0,0
2026-01-01 01:20:00,S0021,traffic,industrial,edge_industrial,2,38.311601734532594,38.003977747367394,0,0
2026-01-01 01:20:00,S0022,energy,transit,edge_transit,1,75.11880565311317,100.18055427492047,0,0
2026-01-01 01:20:00,S0023,traffic,residential,edge_residential,2,32.8015772912373,42.93174209504787,0,0
2026-01-01 01:20:00,S0024,traffic,downtown,edge_downtown,2,40.8230660391553,44.58994005229171,0,0
2026-01-01 01:20:00,S0025,air_quality,downtown,edge_downtown,1,19.501208788678476,67.52670233516028,0,0
2026-01-01 01:20:00,S0026,air_quality,transit,edge_transit,1,22.125243824356314,56.132965192856254,0,0
2026-01-01 01:20:00,S0027,structure,industrial,edge_industrial,2,0.21862076563004965,38.66615184268087,0,0
2026-01-01 01:20:00,S0028,energy,residential,edge_residential,1,69.95231520386734,89.06731458928199,0,0
2026-01-01 01:20:00,S0029,air_quality,industrial,edge_industrial,1,17.27621112429124,68.22079366267805,0,0
2026-01-01 01:20:00,S0030,air_quality,industrial,edge_industrial,1,14.751085167288,60.387354395535226,0,0
2026-01-01 01:20:00,S0031,traffic,downtown,edge_downtown,2,29.500410516105482,57.27918344386247,0,0
2026-01-01 01:20:00,S0032,traffic,industrial,edge_industrial,2,36.678382645013336,39.541609636063356,0,0
2026-01-01 01:20:00,S0033,traffic,waterfront,edge_waterfront,2,35.35388939343158,35.931143269481844,0,0
2026-01-01 01:20:00,S0034,energy,residential,edge_residential,1,75.69186525566813,96.38281269746852,0,0
2026-01-01 01:20:00,S0035,traffic,industrial,edge_industrial,2,43.59964892605578,44.124421224835935,0,0
2026-01-01 01:20:00,S0036,air_quality,residential,edge_residential,1,20.942431897641196,82.71027923647806,0,0
2026-01-01 01:20:00,S0037,traffic,waterfront,edge_waterfront,2,33.61115442462119,34.24948524096737,0,0
2026-01-01 01:20:00,S0038,energy,industrial,edge_industrial,1,73.311017321274,95.82281619802168,0,0
2026-01-01 01:20:00,S0039,traffic,residential,edge_residential,2,40.395984914610494,53.34714965282845,0,0
2026-01-01 01:21:00,S0000,energy,residential,edge_residential,1,81.78327641470389,85.42897137349674,0,0
2026-01-01 01:21:00,S0001,structure,industrial,edge_industrial,2,0.307263606024179,40.68626495665994,0,0
2026-01-01 01:21:00,S0002,energy,waterfront,edge_waterfront,1,75.58697093452992,70.88184488897954,0,0
2026-01-01 01:21:00,S0003,traffic,waterfront,edge_waterfront,2,30.72054506774338,49.341586461318045,0,0
2026-01-01 01:21:00,S0004,traffic,downtown,edge_downtown,2,31.03642730137341,41.06888627717416,0,0
2026-01-01 01:21:00,S0005,structure,residential,edge_residential,2,0.2849715050355959,46.14534595072816,0,0
2026-01-01 01:21:00,S0006,traffic,waterfront,edge_waterfront,2,37.120200702634904,48.725752828696706,0,0
2026-01-01 01:21:00,S0007,energy,waterfront,edge_waterfront,1,85.7489404238879,63.7601677495871,0,0
2026-01-01 01:21:00,S0008,energy,transit,edge_transit,1,72.42792295811597,74.10893019871374,0,0
2026-01-01 01:21:00,S0009,air_quality,transit,edge_transit,1,18.509218307926044,103.88027543407827,0,0
2026-01-01 01:21:00,S0010,traffic,downtown,edge_downtown,2,33.67829985768262,42.30200290644462,0,0
2026-01-01 01:21:00,S0011,traffic,transit,edge_transit,2,37.07805583369209,39.414835691528424,0,0
2026-01-01 01:21:00,S0012,traffic,residential,edge_residential,2,32.18145111312055,22.443485722183045,0,0
2026-01-01 01:21:00,S0013,air_quality,downtown,edge_downtown,1,18.36005333272607,57.076825614007014,0,0
2026-01-01 01:21:00,S0014,air_quality,industrial,edge_industrial,1,16.37637037456388,63.01038696338741,0,0
2026-01-01 01:21:00,S0015,air_quality,residential,edge_residential,1,18.883719697520082,51.31431599327454,0,0
2026-01-01 01:21:00,S0016,structure,transit,edge_transit,2,0.31741621109418267,26.653005850883808,0,0
2026-01-01 01:21:00,S0017,energy,residential,edge_residential,1,79.75719447041567,100.39305389689065,0,0
2026-01-01 01:21:00,S0018,energy,transit,edge_transit,1,65.08056837082997,129.46785347860634,0,0
2026-01-01 01:21:00,S0019,structure,waterfront,edge_waterfront,2,0.25620132279045643,43.21536285802921,0,0
2026-01-01 01:21:00,S0020,traffic,transit,edge_transit,2,32.34695596434894,39.57102717572366,0,0
2026-01-01 01:21:00,S0021,traffic,industrial,edge_industrial,2,31.068757039074292,32.18952865827465,0,0
2026-01-01 01:21:00,S0022,energy,transit,edge_transit,1,75.03351761931653,60.08696099166089,0,0
2026-01-01 01:21:00,S0023,traffic,residential,edge_residential,2,28.392534693097716,42.14762476341448,0,0
2026-01-01 01:21:00,S0024,traffic,downtown,edge_downtown,2,38.59895571393975,30.598826285289547,0,0
2026-01-01 01:21:00,S0025,air_quality,downtown,edge_downtown,1,19.478212214639523,42.14364186150574,0,0
2026-01-01 01:21:00,S0026,air_quality,transit,edge_transit,1,20.555437157077133,67.63506679119958,0,0
2026-01-01 01:21:00,S0027,structure,industrial,edge_industrial,2,0.31681380401412174,33.5678020470335,0,0
2026-01-01 01:21:00,S0028,energy,residential,edge_residential,1,74.54523938945353,73.1908315802682,0,0
2026-01-01 01:21:00,S0029,air_quality,industrial,edge_industrial,1,15.53744005726451,30.165449268163442,0,0
2026-01-01 01:21:00,S0030,air_quality,industrial,edge_industrial,1,19.586964373129337,72.08216464034385,0,0
2026-01-01 01:21:00,S0031,traffic,downtown,edge_downtown,2,30.043399297821612,42.6696121607112,0,0
2026-01-01 01:21:00,S0032,traffic,industrial,edge_industrial,2,38.492182982127716,20.685833390791448,0,0
2026-01-01 01:21:00,S0033,traffic,waterfront,edge_waterfront,2,40.246942494290515,30.755395145366833,0,0
2026-01-01 01:21:00,S0034,energy,residential,edge_residential,1,74.42504261326135,76.64139835808606,0,0
2026-01-01 01:21:00,S0035,traffic,industrial,edge_industrial,2,28.333964763452183,30.69946131633792,0,0
2026-01-01 01:21:00,S0036,air_quality,residential,edge_residential,1,20.288936362877187,71.16168367729328,0,0
2026-01-01 01:21:00,S0037,traffic,waterfront,edge_waterfront,2,19.500527742055557,28.596437676673247,0,0
2026-01-01 01:21:00,S0038,energy,industrial,edge_industrial,1,141.4751648950051,93.9951762629623,1,0
2026-01-01 01:21:00,S0039,traffic,residential,edge_residential,2,22.266257000747274,56.69583565410606,0,0
2026-01-01 01:22:00,S0000,energy,residential,edge_residential,1,,75.72775970749103,0,1
2026-01-01 01:22:00,S0001,structure,industrial,edge_industrial,2,0.32230160179338,27.72774894339443,0,0
2026-01-01 01:22:00,S0002,energy,waterfront,edge_waterfront,1,,86.67813292957352,0,1
2026-01-01 01:22:00,S0003,traffic,waterfront,edge_waterfront,2,31.823961573809825,36.71451544211509,0,0
2026-01-01 01:22:00,S0004,traffic,downtown,edge_downtown,2,34.2120231997635,23.9985326073053,0,0
2026-01-01 01:22:00,S0005,structure,residential,edge_residential,2,0.2596730754504214,25.346017811140783,0,0
2026-01-01 01:22:00,S0006,traffic,waterfront,edge_waterfront,2,35.160871709681466,52.309265124941334,0,0
2026-01-01 01:22:00,S0007,energy,waterfront,edge_waterfront,1,78.79309914522449,93.03045746649119,0,0
2026-01-01 01:22:00,S0008,energy,transit,edge_transit,1,87.26805241664157,42.977527499260646,0,0
2026-01-01 01:22:00,S0009,air_quality,transit,edge_transit,1,21.86942598670268,58.52417142152773,0,0
2026-01-01 01:22:00,S0010,traffic,downtown,edge_downtown,2,38.83626993208382,46.56736820460002,0,0
2026-01-01 01:22:00,S0011,traffic,transit,edge_transit,2,37.91111221758581,45.520883410929564,0,0
2026-01-01 01:22:00,S0012,traffic,residential,edge_residential,2,37.38823636185139,40.507695045393106,0,0
2026-01-01 01:22:00,S0013,air_quality,downtown,edge_downtown,1,21.23893738712927,67.13831330159014,0,0
2026-01-01 01:22:00,S0014,air_quality,industrial,edge_industrial,1,20.605135247859934,48.092194260103625,0,0
2026-01-01 01:22:00,S0015,air_quality,residential,edge_residential,1,20.815552443695264,72.27694879958113,0,0
2026-01-01 01:22:00,S0016,structure,transit,edge_transit,2,0.23544594593470056,43.38473083240642,0,0
2026-01-01 01:22:00,S0017,energy,residential,edge_residential,1,76.93678043312127,83.87546107748558,0,0
2026-01-01 01:22:00,S0018,energy,transit,edge_transit,1,84.92976200728162,95.70196775675802,0,0
2026-01-01 01:22:00,S0019,structure,waterfront,edge_waterfront,2,0.22040985217413525,38.66373479306012,0,0
2026-01-01 01:22:00,S0020,traffic,transit,edge_transit,2,29.73123599368644,47.02580811301708,0,0
2026-01-01 01:22:00,S0021,traffic,industrial,edge_industrial,2,32.61614500993203,60.462057721392824,0,0
2026-01-01 01:22:00,S0022,energy,transit,edge_transit,1,74.37826399404521,35.59458478465683,0,0
2026-01-01 01:22:00,S0023,traffic,residential,edge_residential,2,37.023456264208654,50.96193023930357,0,0
2026-01-01 01:22:00,S0024,traffic,downtown,edge_downtown,2,36.10609937201188,33.524249659978395,0,0
2026-01-01 01:22:00,S0025,air_quality,downtown,edge_downtown,1,20.869479229327425,83.15343336794608,0,0
2026-01-01 01:22:00,S0026,air_quality,transit,edge_transit,1,29.839952450077455,119.26089645254098,1,0
2026-01-01 01:22:00,S0027,structure,industrial,edge_industrial,2,0.21864729063080834,34.630747187242264,0,0
2026-01-01 01:22:00,S0028,energy,residential,edge_residential,1,59.44157277539623,80.81795070414579,0,0
2026-01-01 01:22:00,S0029,air_quality,industrial,edge_industrial,1,20.276376491150835,46.41149320586088,0,0
2026-01-01 01:22:00,S0030,air_quality,industrial,edge_industrial,1,17.48519810585218,82.58931513641113,0,0
2026-01-01 01:22:00,S0031,traffic,downtown,edge_downtown,2,34.34388663746011,24.333981171894543,0,0
2026-01-01 01:22:00,S0032,traffic,industrial,edge_industrial,2,30.73639476058079,42.23520352682477,0,0
2026-01-01 01:22:00,S0033,traffic,waterfront,edge_waterfront,2,54.21304357543593,47.127335683295215,1,0
2026-01-01 01:22:00,S0034,energy,residential,edge_residential,1,64.26822687606852,73.59705095927423,0,0
2026-01-01 01:22:00,S0035,traffic,industrial,edge_industrial,2,31.733468368353332,64.53194977625705,0,0
2026-01-01 01:22:00,S0036,air_quality,residential,edge_residential,1,25.586022300870766,51.171215167282895,0,0
2026-01-01 01:22:00,S0037,traffic,waterfront,edge_waterfront,2,35.588877298710955,37.14984210036703,0,0
2026-01-01 01:22:00,S0038,energy,industrial,edge_industrial,1,77.91768872683873,75.597154886504,0,0
2026-01-01 01:22:00,S0039,traffic,residential,edge_residential,2,39.41144315882403,26.2831690638342,0,0
2026-01-01 01:23:00,S0000,energy,residential,edge_residential,1,75.00722309381567,102.73772637539884,0,0
2026-01-01 01:23:00,S0001,structure,industrial,edge_industrial,2,0.25116234007090804,28.595530414826708,0,0
2026-01-01 01:23:00,S0002,energy,waterfront,edge_waterfront,1,72.81485116057367,63.745202651083595,0,0
2026-01-01 01:23:00,S0003,traffic,waterfront,edge_waterfront,2,35.486397834522236,27.484495522073956,0,0
2026-01-01 01:23:00,S0004,traffic,downtown,edge_downtown,2,39.38753442271191,51.86207907929089,0,0
2026-01-01 01:23:00,S0005,structure,residential,edge_residential,2,0.26274103449340147,40.312944846063914,0,0
2026-01-01 01:23:00,S0006,traffic,waterfront,edge_waterfront,2,29.68163488483567,54.25441133076102,0,0
2026-01-01 01:23:00,S0007,energy,waterfront,edge_waterfront,1,79.27101411631682,100.4567584295689,0,0
2026-01-01 01:23:00,S0008,energy,transit,edge_transit,1,75.87058724486953,103.37487843618443,0,0
2026-01-01 01:23:00,S0009,air_quality,transit,edge_transit,1,18.803345270032526,72.70750813530888,0,0
2026-01-01 01:23:00,S0010,traffic,downtown,edge_downtown,2,27.17980229474861,37.274151470837424,0,0
2026-01-01 01:23:00,S0011,traffic,transit,edge_transit,2,35.5318728670038,43.01541404786318,0,0
2026-01-01 01:23:00,S0012,traffic,residential,edge_residential,2,34.516597224271145,47.172071631309734,0,0
2026-01-01 01:23:00,S0013,air_quality,downtown,edge_downtown,1,18.708572106291232,53.06236670060113,0,0
2026-01-01 01:23:00,S0014,air_quality,industrial,edge_industrial,1,16.413779250904582,74.1549882765126,0,0
2026-01-01 01:23:00,S0015,air_quality,residential,edge_residential,1,18.408926430114118,81.23199961668942,0,0
2026-01-01 01:23:00,S0016,structure,transit,edge_transit,2,0.31480392555492037,31.8113725357176,0,0
2026-01-01 01:23:00,S0017,energy,residential,edge_residential,1,76.50927526321745,78.00967007098562,0,0
2026-01-01 01:23:00,S0018,energy,transit,edge_transit,1,85.18464608404912,75.96959845100892,0,0
2026-01-01 01:23:00,S0019,structure,waterfront,edge_waterfront,2,0.2590908724456492,18.89913617052617,0,0
2026-01-01 01:23:00,S0020,traffic,transit,edge_transit,2,35.32025185872467,47.5583498465121,0,0
2026-01-01 01:23:00,S0021,traffic,industrial,edge_industrial,2,34.53167444312054,48.47266587598493,0,0
2026-01-01 01:23:00,S0022,energy,transit,edge_transit,1,81.31198240628638,49.049852772609505,0,0
2026-01-01 01:23:00,S0023,traffic,residential,edge_residential,2,33.00300481809183,61.26316383424215,0,0
2026-01-01 01:23:00,S0024,traffic,downtown,edge_downtown,2,40.57693489537031,44.64126684976262,0,0
2026-01-01 01:23:00,S0025,air_quality,downtown,edge_downtown,1,21.861138567767668,52.30833419049638,0,0
2026-01-01 01:23:00,S0026,air_quality,transit,edge_transit,1,21.36714569012493,66.97014700697086,0,0
2026-01-01 01:23:00,S0027,structure,industrial,edge_industrial,2,0.28347589395666606,31.695689860877195,0,0
2026-01-01 01:23:00,S0028,energy,residential,edge_residential,1,80.18723040141234,101.69399935460363,0,0
2026-01-01 01:23:00,S0029,air_quality,industrial,edge_industrial,1,19.756275322389012,41.503681454975286,0,0
2026-01-01 01:23:00,S0030,air_quality,industrial,edge_industrial,1,19.192436041113268,50.32255668770133,0,0
2026-01-01 01:23:00,S0031,traffic,downtown,edge_downtown,2,35.84362693336231,39.93783076343666,0,0
2026-01-01 01:23:00,S0032,traffic,industrial,edge_industrial,2,36.05140474461945,45.01747673500213,0,0
2026-01-01 01:23:00,S0033,traffic,waterfront,edge_waterfront,2,35.15726555750129,35.07132434602126,0,0
2026-01-01 01:23:00,S0034,energy,residential,edge_residential,1,,82.87503791223658,0,1
2026-01-01 01:23:00,S0035,traffic,industrial,edge_industrial,2,37.50350377417284,23.97385649765524,0,0
2026-01-01 01:23:00,S0036,air_quality,residential,edge_residential,1,20.076299277278242,46.522487431338654,0,0
2026-01-01 01:23:00,S0037,traffic,waterfront,edge_waterfront,2,35.004862619813615,41.96338057159759,0,0
2026-01-01 01:23:00,S0038,energy,industrial,edge_industrial,1,76.47847655569244,90.47707294522098,0,0
2026-01-01 01:23:00,S0039,traffic,residential,edge_residential,2,34.31760396716727,46.947295224898646,0,0
2026-01-01 01:24:00,S0000,energy,residential,edge_residential,1,70.61574082396126,37.21247660725611,0,0
2026-01-01 01:24:00,S0001,structure,industrial,edge_industrial,2,0.24122990656775548,38.92318441369931,0,0
2026-01-01 01:24:00,S0002,energy,waterfront,edge_waterfront,1,62.52808427627184,74.20711402498704,0,0
2026-01-01 01:24:00,S0003,traffic,waterfront,edge_waterfront,2,39.61238123659451,27.614157951773613,0,0
2026-01-01 01:24:00,S0004,traffic,downtown,edge_downtown,2,32.97639570833562,31.567455986313345,0,0
2026-01-01 01:24:00,S0005,structure,residential,edge_residential,2,0.25744724478467074,32.53724897468411,0,0
2026-01-01 01:24:00,S0006,traffic,waterfront,edge_waterfront,2,39.70855215320073,24.098345094039963,0,0
2026-01-01 01:24:00,S0007,energy,waterfront,edge_waterfront,1,64.90809152092088,98.07632865279362,0,0
2026-01-01 01:24:00,S0008,energy,transit,edge_transit,1,69.2661455265178,88.22929699838892,0,0
2026-01-01 01:24:00,S0009,air_quality,transit,edge_transit,1,23.54887907822662,71.8524007021753,0,0
2026-01-01 01:24:00,S0010,traffic,downtown,edge_downtown,2,29.279805197224057,53.641080924148454,0,0
2026-01-01 01:24:00,S0011,traffic,transit,edge_transit,2,28.26291517516068,40.87522717127956,0,0
2026-01-01 01:24:00,S0012,traffic,residential,edge_residential,2,40.558994183457045,43.266571132902214,0,0
2026-01-01 01:24:00,S0013,air_quality,downtown,edge_downtown,1,16.736240836002047,68.68998675217097,0,0
2026-01-01 01:24:00,S0014,air_quality,industrial,edge_industrial,1,24.594643960921122,63.54724446396832,0,0
2026-01-01 01:24:00,S0015,air_quality,residential,edge_residential,1,22.111832793906782,75.53846983243443,0,0
2026-01-01 01:24:00,S0016,structure,transit,edge_transit,2,,49.74752517960675,0,1
2026-01-01 01:24:00,S0017,energy,residential,edge_residential,1,69.55863254011992,92.74073279354953,0,0
2026-01-01 01:24:00,S0018,energy,transit,edge_transit,1,68.91095540623394,56.582251097025534,0,0
2026-01-01 01:24:00,S0019,structure,waterfront,edge_waterfront,2,0.28589016392345457,40.225660423235425,0,0
2026-01-01 01:24:00,S0020,traffic,transit,edge_transit,2,33.483922611111474,30.138374008824627,0,0
2026-01-01 01:24:00,S0021,traffic,industrial,edge_industrial,2,42.95872803587365,30.65805162174933,0,0
2026-01-01 01:24:00,S0022,energy,transit,edge_transit,1,70.65428840579756,85.79302261399974,0,0
2026-01-01 01:24:00,S0023,traffic,residential,edge_residential,2,30.987936163286047,39.45665070611228,0,0
2026-01-01 01:24:00,S0024,traffic,downtown,edge_downtown,2,35.336378247293744,51.827909633015565,0,0
2026-01-01 01:24:00,S0025,air_quality,downtown,edge_downtown,1,20.67246704725368,40.463578308256324,0,0
2026-01-01 01:24:00,S0026,air_quality,transit,edge_transit,1,15.646755806245878,48.668468005377086,0,0
2026-01-01 01:24:00,S0027,structure,industrial,edge_industrial,2,0.2507412233670207,39.10564426301862,0,0
2026-01-01 01:24:00,S0028,energy,residential,edge_residential,1,75.32201959179903,80.22734363762379,0,0
2026-01-01 01:24:00,S0029,air_quality,industrial,edge_industrial,1,19.582196167840006,61.13064931894604,0,0
2026-01-01 01:24:00,S0030,air_quality,industrial,edge_industrial,1,16.140204859911954,77.53825425291937,0,0
2026-01-01 01:24:00,S0031,traffic,downtown,edge_downtown,2,32.999567116215964,52.330797466293355,0,0
2026-01-01 01:24:00,S0032,traffic,industrial,edge_industrial,2,29.48782914109556,25.24148407896891,0,0
2026-01-01 01:24:00,S0033,traffic,waterfront,edge_waterfront,2,34.36846700288736,30.677034989423404,0,0
2026-01-01 01:24:00,S0034,energy,residential,edge_residential,1,74.9077682471168,76.22627740024663,0,0
2026-01-01 01:24:00,S0035,traffic,industrial,edge_industrial,2,34.404856583062,45.206277225310814,0,0
2026-01-01 01:24:00,S0036,air_quality,residential,edge_residential,1,20.355544590355155,53.60198865589902,0,0
2026-01-01 01:24:00,S0037,traffic,waterfront,edge_waterfront,2,37.4624306108234,46.689348214060594,0,0
2026-01-01 01:24:00,S0038,energy,industrial,edge_industrial,1,65.14377824424807,53.52763332382026,0,0
2026-01-01 01:24:00,S0039,traffic,residential,edge_residential,2,36.74722886814471,24.382106846494494,0,0
2026-01-01 01:25:00,S0000,energy,residential,edge_residential,1,71.68013197593436,79.99670972166079,0,0
2026-01-01 01:25:00,S0001,structure,industrial,edge_industrial,2,0.18525908510225822,34.95711269437638,0,0
2026-01-01 01:25:00,S0002,energy,waterfront,edge_waterfront,1,77.99742668144022,77.11852208880153,0,0
2026-01-01 01:25:00,S0003,traffic,waterfront,edge_waterfront,2,30.867256117714213,38.91383937796913,0,0
2026-01-01 01:25:00,S0004,traffic,downtown,edge_downtown,2,49.61145545752066,39.39558186904228,0,0
2026-01-01 01:25:00,S0005,structure,residential,edge_residential,2,0.2576027408881988,28.895934137731388,0,0
2026-01-01 01:25:00,S0006,traffic,waterfront,edge_waterfront,2,28.62605696574402,37.00544492675904,0,0
2026-01-01 01:25:00,S0007,energy,waterfront,edge_waterfront,1,70.3799154983479,42.16500497699689,0,0
2026-01-01 01:25:00,S0008,energy,transit,edge_transit,1,73.19293910775929,87.36223175541257,0,0
2026-01-01 01:25:00,S0009,air_quality,transit,edge_transit,1,19.294661188148844,58.88658203305208,0,0
2026-01-01 01:25:00,S0010,traffic,downtown,edge_downtown,2,33.55450934344118,22.983983754043553,0,0
2026-01-01 01:25:00,S0011,traffic,transit,edge_transit,2,35.978779814994624,50.10221313698059,0,0
2026-01-01 01:25:00,S0012,traffic,residential,edge_residential,2,39.12379334731528,46.16755480653293,0,0
2026-01-01 01:25:00,S0013,air_quality,downtown,edge_downtown,1,19.012716225487004,69.26275037946142,0,0
2026-01-01 01:25:00,S0014,air_quality,industrial,edge_industrial,1,16.201550749852068,55.723361623641324,0,0
2026-01-01 01:25:00,S0015,air_quality,residential,edge_residential,1,18.132493416131556,39.27081807584432,0,0
2026-01-01 01:25:00,S0016,structure,transit,edge_transit,2,0.2154989332664174,30.845914070827074,0,0
2026-01-01 01:25:00,S0017,energy,residential,edge_residential,1,,98.82934824941492,1,1
2026-01-01 01:25:00,S0018,energy,transit,edge_transit,1,74.67538654881452,48.07895620634791,0,0
2026-01-01 01:25:00,S0019,structure,waterfront,edge_waterfront,2,0.28942157472985724,41.01814013427734,0,0
2026-01-01 01:25:00,S0020,traffic,transit,edge_transit,2,31.585449969269984,28.8148301103959,0,0
2026-01-01 01:25:00,S0021,traffic,industrial,edge_industrial,2,41.61776712513873,31.257943312151575,0,0
2026-01-01 01:25:00,S0022,energy,transit,edge_transit,1,78.00268665396564,103.7650002218405,0,0
2026-01-01 01:25:00,S0023,traffic,residential,edge_residential,2,28.460005890135566,39.97406504209099,0,0
2026-01-01 01:25:00,S0024,traffic,downtown,edge_downtown,2,40.39655762596806,47.43463687408301,0,0
2026-01-01 01:25:00,S0025,air_quality,downtown,edge_downtown,1,18.087942437018665,10.632473211580042,0,0
2026-01-01 01:25:00,S0026,air_quality,transit,edge_transit,1,23.032714869521776,38.08003033944544,0,0
2026-01-01 01:25:00,S0027,structure,industrial,edge_industrial,2,0.30661797661568135,29.29672915891362,0,0
2026-01-01 01:25:00,S0028,energy,residential,edge_residential,1,74.48296139590117,66.5929215464715,0,0
2026-01-01 01:25:00,S0029,air_quality,industrial,edge_industrial,1,18.90298079631704,71.99237040331106,0,0
2026-01-01 01:25:00,S0030,air_quality,industrial,edge_industrial,1,20.944136429474355,50.68988448810237,0,0
2026-01-01 01:25:00,S0031,traffic,downtown,edge_downtown,2,34.837841124989524,57.11079547614206,0,0
2026-01-01 01:25:00,S0032,traffic,industrial,edge_industrial,2,39.57081332778705,41.9849304354908,0,0
2026-01-01 01:25:00,S0033,traffic,waterfront,edge_waterfront,2,29.13353657730712,32.98881590369702,0,0
2026-01-01 01:25:00,S0034,energy,residential,edge_residential,1,63.554819558353714,71.89118700171343,0,0
2026-01-01 01:25:00,S0035,traffic,industrial,edge_industrial,2,24.983319393573424,25.826213090707153,0,0
2026-01-01 01:25:00,S0036,air_quality,residential,edge_residential,1,19.78021812046357,70.23882184823141,0,0
2026-01-01 01:25:00,S0037,traffic,waterfront,edge_waterfront,2,40.99720016803606,25.158620315597453,0,0
2026-01-01 01:25:00,S0038,energy,industrial,edge_industrial,1,79.67770685386598,96.03491505467757,0,0
2026-01-01 01:25:00,S0039,traffic,residential,edge_residential,2,38.008444459655514,37.56583843775133,0,0
2026-01-01 01:26:00,S0000,energy,residential,edge_residential,1,67.83116749095745,65.70831176569205,0,0
2026-01-01 01:26:00,S0001,structure,industrial,edge_industrial,2,0.28535483776069004,27.896210594377408,0,0
2026-01-01 01:26:00,S0002,energy,waterfront,edge_waterfront,1,85.53758928792013,106.11481812708242,0,0
2026-01-01 01:26:00,S0003,traffic,waterfront,edge_waterfront,2,29.405097302801437,57.67068420797376,0,0
2026-01-01 01:26:00,S0004,traffic,downtown,edge_downtown,2,33.80058633160166,37.566632893824185,0,0
2026-01-01 01:26:00,S0005,structure,residential,edge_residential,2,0.31496753846291203,20.50299216114902,0,0
2026-01-01 01:26:00,S0006,traffic,waterfront,edge_waterfront,2,37.79535755184202,40.64009139375028,0,0
2026-01-01 01:26:00,S0007,energy,waterfront,edge_waterfront,1,73.613926233688,85.20064159629177,0,0
2026-01-01 01:26:00,S0008,energy,transit,edge_transit,1,66.80947803635756,108.48402685836518,0,0
2026-01-01 01:26:00,S0009,air_quality,transit,edge_transit,1,23.377650160266604,79.53954793037934,0,0
2026-01-01 01:26:00,S0010,traffic,downtown,edge_downtown,2,34.83523019678048,44.58861542282413,0,0
2026-01-01 01:26:00,S0011,traffic,transit,edge_transit,2,39.058236557456986,53.175974823062035,0,0
2026-01-01 01:26:00,S0012,traffic,residential,edge_residential,2,37.09251156387999,34.12509163160942,0,0
2026-01-01 01:26:00,S0013,air_quality,downtown,edge_downtown,1,21.38371034255431,55.77171217283812,0,0
2026-01-01 01:26:00,S0014,air_quality,industrial,edge_industrial,1,16.676147730553147,73.8668290722187,0,0
2026-01-01 01:26:00,S0015,air_quality,residential,edge_residential,1,21.471408046934034,69.57944490684243,0,0
2026-01-01 01:26:00,S0016,structure,transit,edge_transit,2,0.1618303507270551,30.21491380243718,0,0
2026-01-01 01:26:00,S0017,energy,residential,edge_residential,1,73.49285886532256,72.72687469596411,0,0
2026-01-01 01:26:00,S0018,energy,transit,edge_transit,1,74.65193576962996,147.4895299716859,0,0
2026-01-01 01:26:00,S0019,structure,waterfront,edge_waterfront,2,0.2660683474762185,31.031935671856154,0,0
2026-01-01 01:26:00,S0020,traffic,transit,edge_transit,2,37.194579191897,48.261067476842165,0,0
2026-01-01 01:26:00,S0021,traffic,industrial,edge_industrial,2,45.097819365521644,43.44869549962368,0,0
2026-01-01 01:26:00,S0022,energy,transit,edge_transit,1,66.44451065708866,83.77445085872485,0,0
2026-01-01 01:26:00,S0023,traffic,residential,edge_residential,2,30.84320178466561,48.04695074135074,0,0
2026-01-01 01:26:00,S0024,traffic,downtown,edge_downtown,2,34.67820665216841,39.29112720246574,0,0
2026-01-01 01:26:00,S0025,air_quality,downtown,edge_downtown,1,19.043368964642834,33.92909770510098,0,0
2026-01-01 01:26:00,S0026,air_quality,transit,edge_transit,1,22.979420594564512,82.3034741314397,0,0
2026-01-01 01:26:00,S0027,structure,industrial,edge_industrial,2,0.2555311455093876,45.67049595734673,0,0
2026-01-01 01:26:00,S0028,energy,residential,edge_residential,1,73.79253217165898,83.36409421312713,0,0
2026-01-01 01:26:00,S0029,air_quality,industrial,edge_industrial,1,45.66671289428568,49.944214552168575,1,0
2026-01-01 01:26:00,S0030,air_quality,industrial,edge_industrial,1,19.36576326771281,88.1622564735055,0,0
2026-01-01 01:26:00,S0031,traffic,downtown,edge_downtown,2,31.182263129163555,37.807266603633046,0,0
2026-01-01 01:26:00,S0032,traffic,industrial,edge_industrial,2,35.40828749903146,42.21826050284807,0,0
2026-01-01 01:26:00,S0033,traffic,waterfront,edge_waterfront,2,32.15934989752187,52.304767020988784,0,0
2026-01-01 01:26:00,S0034,energy,residential,edge_residential,1,79.10733523007522,103.65647601439724,0,0
2026-01-01 01:26:00,S0035,traffic,industrial,edge_industrial,2,27.79778587758128,44.819873470176944,0,0
2026-01-01 01:26:00,S0036,air_quality,residential,edge_residential,1,20.87477018420225,59.25821729896272,0,0
2026-01-01 01:26:00,S0037,traffic,waterfront,edge_waterfront,2,34.81178339050341,42.065336774952804,0,0
2026-01-01 01:26:00,S0038,energy,industrial,edge_industrial,1,72.84071052329628,78.24764666559007,0,0
2026-01-01 01:26:00,S0039,traffic,residential,edge_residential,2,28.510571425286642,44.39535522257766,0,0
2026-01-01 01:27:00,S0000,energy,residential,edge_residential,1,83.10077744493393,82.65026870286972,0,0
2026-01-01 01:27:00,S0001,structure,industrial,edge_industrial,2,0.35811412791650354,41.67205522809301,0,0
2026-01-01 01:27:00,S0002,energy,waterfront,edge_waterfront,1,64.10406707721506,87.46822268180321,0,0
2026-01-01 01:27:00,S0003,traffic,waterfront,edge_waterfront,2,40.732774790880036,50.4345022723699,0,0
2026-01-01 01:27:00,S0004,traffic,downtown,edge_downtown,2,32.08067838998448,36.160239833192726,0,0
2026-01-01 01:27:00,S0005,structure,residential,edge_residential,2,0.1536540263546064,23.14090179120734,0,0
2026-01-01 01:27:00,S0006,traffic,waterfront,edge_waterfront,2,42.481155456220755,35.77808892981132,0,0
2026-01-01 01:27:00,S0007,energy,waterfront,edge_waterfront,1,74.5390419491686,39.05531053521581,0,0
2026-01-01 01:27:00,S0008,energy,transit,edge_transit,1,76.22390758734758,114.55670479649805,0,0
2026-01-01 01:27:00,S0009,air_quality,transit,edge_transit,1,16.932708064855216,62.96849462164254,0,0
2026-01-01 01:27:00,S0010,traffic,downtown,edge_downtown,2,28.74053452699964,47.34953608190145,0,0
2026-01-01 01:27:00,S0011,traffic,transit,edge_transit,2,39.5438246976489,38.964940549612884,0,0
2026-01-01 01:27:00,S0012,traffic,residential,edge_residential,2,34.84025756616179,24.78288085063224,0,0
2026-01-01 01:27:00,S0013,air_quality,downtown,edge_downtown,1,21.262407639252146,102.49615205359828,0,0
2026-01-01 01:27:00,S0014,air_quality,industrial,edge_industrial,1,18.629541702679887,52.35791166596198,0,0
2026-01-01 01:27:00,S0015,air_quality,residential,edge_residential,1,23.116561613331523,58.79353874196125,0,0
2026-01-01 01:27:00,S0016,structure,transit,edge_transit,2,0.2818482725529928,31.87926692766002,0,0
2026-01-01 01:27:00,S0017,energy,residential,edge_residential,1,81.67426021634648,64.53477479235096,0,0
2026-01-01 01:27:00,S0018,energy,transit,edge_transit,1,152.5330232928458,73.38011291095565,1,0
2026-01-01 01:27:00,S0019,structure,waterfront,edge_waterfront,2,0.19978341616237194,27.395797630030998,0,0
2026-01-01 01:27:00,S0020,traffic,transit,edge_transit,2,31.615448042124203,50.84474286171803,0,0
2026-01-01 01:27:00,S0021,traffic,industrial,edge_industrial,2,,26.555229841582523,0,1
2026-01-01 01:27:00,S0022,energy,transit,edge_transit,1,77.47404964891581,83.25475203688376,0,0
2026-01-01 01:27:00,S0023,traffic,residential,edge_residential,2,37.49457508042026,49.0220349067786,0,0
2026-01-01 01:27:00,S0024,traffic,downtown,edge_downtown,2,41.811635195476875,53.61852111034186,0,0
2026-01-01 01:27:00,S0025,air_quality,downtown,edge_downtown,1,16.01111459832677,76.6327661484111,0,0
2026-01-01 01:27:00,S0026,air_quality,transit,edge_transit,1,23.96337797491508,73.04077772315173,0,0
2026-01-01 01:27:00,S0027,structure,industrial,edge_industrial,2,0.25283363326772773,39.097138736204016,0,0
2026-01-01 01:27:00,S0028,energy,residential,edge_residential,1,,91.7014055876413,0,1
2026-01-01 01:27:00,S0029,air_quality,industrial,edge_industrial,1,18.04766778525725,38.26241528862613,0,0
2026-01-01 01:27:00,S0030,air_quality,industrial,edge_industrial,1,18.15108796968329,64.14432103890591,0,0
2026-01-01 01:27:00,S0031,traffic,downtown,edge_downtown,2,30.08793102226706,41.142286804401984,0,0
2026-01-01 01:27:00,S0032,traffic,industrial,edge_industrial,2,43.02460663501056,40.99664116238617,0,0
2026-01-01 01:27:00,S0033,traffic,waterfront,edge_waterfront,2,25.82640847637968,63.12663411193044,0,0
2026-01-01 01:27:00,S0034,energy,residential,edge_residential,1,,85.4946237685931,0,1
2026-01-01 01:27:00,S0035,traffic,industrial,edge_industrial,2,24.9174697137754,42.198862866337414,0,0
2026-01-01 01:27:00,S0036,air_quality,residential,edge_residential,1,16.948584178943214,57.85822184773216,0,0
2026-01-01 01:27:00,S0037,traffic,waterfront,edge_waterfront,2,37.93380483485883,38.98982182374679,0,0
2026-01-01 01:27:00,S0038,energy,industrial,edge_industrial,1,75.15396781051264,62.02039954083835,0,0
2026-01-01 01:27:00,S0039,traffic,residential,edge_residential,2,31.8047892087352,43.728394023468276,0,0
2026-01-01 01:28:00,S0000,energy,residential,edge_residential,1,74.69457346200262,84.41519675892557,0,0
2026-01-01 01:28:00,S0001,structure,industrial,edge_industrial,2,0.278708476622209,35.4988466454749,0,0
2026-01-01 01:28:00,S0002,energy,waterfront,edge_waterfront,1,82.64644102577597,77.80599439710615,0,0
2026-01-01 01:28:00,S0003,traffic,waterfront,edge_waterfront,2,30.361612834706285,34.753163749582455,0,0
2026-01-01 01:28:00,S0004,traffic,downtown,edge_downtown,2,40.75768820512664,31.16954182397525,0,0
2026-01-01 01:28:00,S0005,structure,residential,edge_residential,2,0.24607868975928146,41.58087112726469,0,0
2026-01-01 01:28:00,S0006,traffic,waterfront,edge_waterfront,2,24.560918062787177,52.820116568687794,0,0
2026-01-01 01:28:00,S0007,energy,waterfront,edge_waterfront,1,67.72898463331933,118.32574512396727,0,0
2026-01-01 01:28:00,S0008,energy,transit,edge_transit,1,82.76406554761434,101.92227148142175,0,0
2026-01-01 01:28:00,S0009,air_quality,transit,edge_transit,1,18.214657469009847,57.631973836879276,0,0
2026-01-01 01:28:00,S0010,traffic,downtown,edge_downtown,2,32.84847524063896,34.11479594163431,0,0
2026-01-01 01:28:00,S0011,traffic,transit,edge_transit,2,44.98909480137814,41.98998396266772,0,0
2026-01-01 01:28:00,S0012,traffic,residential,edge_residential,2,33.52311653271289,28.232068168166542,0,0
2026-01-01 01:28:00,S0013,air_quality,downtown,edge_downtown,1,22.602829676718184,64.97734193489491,0,0
2026-01-01 01:28:00,S0014,air_quality,industrial,edge_industrial,1,22.543757047540726,48.94823000253702,0,0
2026-01-01 01:28:00,S0015,air_quality,residential,edge_residential,1,24.211748829581577,84.76288012606138,0,0
2026-01-01 01:28:00,S0016,structure,transit,edge_transit,2,0.3067858008227194,40.19366488492488,0,0
2026-01-01 01:28:00,S0017,energy,residential,edge_residential,1,78.26606179630087,107.76414811129132,0,0
2026-01-01 01:28:00,S0018,energy,transit,edge_transit,1,72.60313846658572,94.11783917572674,0,0
2026-01-01 01:28:00,S0019,structure,waterfront,edge_waterfront,2,0.2368614780258997,24.360748662125815,0,0
2026-01-01 01:28:00,S0020,traffic,transit,edge_transit,2,41.77990117429288,28.528929454062446,0,0
2026-01-01 01:28:00,S0021,traffic,industrial,edge_industrial,2,42.19093180519736,39.50733633921473,0,0
2026-01-01 01:28:00,S0022,energy,transit,edge_transit,1,68.17698777496656,103.41789173921134,0,0
2026-01-01 01:28:00,S0023,traffic,residential,edge_residential,2,28.92142292632235,40.03141015104253,0,0
2026-01-01 01:28:00,S0024,traffic,downtown,edge_downtown,2,37.397991185784825,45.42516443994662,0,0
2026-01-01 01:28:00,S0025,air_quality,downtown,edge_downtown,1,17.345902266030983,43.20156532488053,0,0
2026-01-01 01:28:00,S0026,air_quality,transit,edge_transit,1,16.525951604667416,49.696456259435685,0,0
2026-01-01 01:28:00,S0027,structure,industrial,edge_industrial,2,0.23016414461450538,44.321660952239,0,0
2026-01-01 01:28:00,S0028,energy,residential,edge_residential,1,77.43543925223874,89.99840829999751,0,0
2026-01-01 01:28:00,S0029,air_quality,industrial,edge_industrial,1,18.59542314846732,75.1350694201329,0,0
2026-01-01 01:28:00,S0030,air_quality,industrial,edge_industrial,1,16.150723665163955,50.68271921794491,0,0
2026-01-01 01:28:00,S0031,traffic,downtown,edge_downtown,2,29.574634537249896,30.592084152710896,0,0
2026-01-01 01:28:00,S0032,traffic,industrial,edge_industrial,2,39.45226640044808,43.46743906593947,0,0
2026-01-01 01:28:00,S0033,traffic,waterfront,edge_waterfront,2,30.055999914412077,43.7476728969979,0,0
2026-01-01 01:28:00,S0034,energy,residential,edge_residential,1,164.43778737987327,97.48569619226924,1,0
2026-01-01 01:28:00,S0035,traffic,industrial,edge_industrial,2,34.22495180382429,47.282706074267445,0,0
2026-01-01 01:28:00,S0036,air_quality,residential,edge_residential,1,23.56669730513482,50.081326066099756,0,0
2026-01-01 01:28:00,S0037,traffic,waterfront,edge_waterfront,2,37.65074351107011,54.06829103398419,0,0
2026-01-01 01:28:00,S0038,energy,industrial,edge_industrial,1,72.95602554718481,84.08869633225227,0,0
2026-01-01 01:28:00,S0039,traffic,residential,edge_residential,2,22.699636562311426,40.098896033924724,0,0
2026-01-01 01:29:00,S0000,energy,residential,edge_residential,1,81.47525897265936,61.76342247010422,0,0
2026-01-01 01:29:00,S0001,structure,industrial,edge_industrial,2,0.3005731338409086,47.70286253316575,0,0
2026-01-01 01:29:00,S0002,energy,waterfront,edge_waterfront,1,72.26742811976222,90.72375941309193,0,0
2026-01-01 01:29:00,S0003,traffic,waterfront,edge_waterfront,2,40.39955472822843,51.41955279072683,0,0
2026-01-01 01:29:00,S0004,traffic,downtown,edge_downtown,2,38.752434921674165,23.733318614479554,0,0
2026-01-01 01:29:00,S0005,structure,residential,edge_residential,2,0.26561516372285204,34.10886546136378,0,0
2026-01-01 01:29:00,S0006,traffic,waterfront,edge_waterfront,2,35.86320191612105,49.81401025515885,0,0
2026-01-01 01:29:00,S0007,energy,waterfront,edge_waterfront,1,70.33715602849394,82.35305224058337,0,0
2026-01-01 01:29:00,S0008,energy,transit,edge_transit,1,68.65345266592546,68.86739702464646,0,0
2026-01-01 01:29:00,S0009,air_quality,transit,edge_transit,1,21.191620966126408,64.34922566960867,0,0
2026-01-01 01:29:00,S0010,traffic,downtown,edge_downtown,2,38.54691473814847,34.881402553211565,0,0
2026-01-01 01:29:00,S0011,traffic,transit,edge_transit,2,37.49190513802586,30.78090892117958,0,0
2026-01-01 01:29:00,S0012,traffic,residential,edge_residential,2,35.05038604872097,37.70382380782747,0,0
2026-01-01 01:29:00,S0013,air_quality,downtown,edge_downtown,1,18.23285071274064,72.28428126417141,0,0
2026-01-01 01:29:00,S0014,air_quality,industrial,edge_industrial,1,21.887151356899793,60.64354634104929,0,0
2026-01-01 01:29:00,S0015,air_quality,residential,edge_residential,1,14.89771246666918,62.982150083816336,0,0
2026-01-01 01:29:00,S0016,structure,transit,edge_transit,2,0.20232591096363772,28.314402431534624,0,0
2026-01-01 01:29:00,S0017,energy,residential,edge_residential,1,77.92456213728022,71.10866236876355,0,0
2026-01-01 01:29:00,S0018,energy,transit,edge_transit,1,78.49925953419853,66.62475704494489,0,0
2026-01-01 01:29:00,S0019,structure,waterfront,edge_waterfront,2,0.1580652733996265,38.06732528410629,0,0
2026-01-01 01:29:00,S0020,traffic,transit,edge_transit,2,38.502791488799886,49.47968145762478,0,0
2026-01-01 01:29:00,S0021,traffic,industrial,edge_industrial,2,33.853345523114996,46.65832868935998,0,0
2026-01-01 01:29:00,S0022,energy,transit,edge_transit,1,68.18741024982354,81.19388524665192,0,0
2026-01-01 01:29:00,S0023,traffic,residential,edge_residential,2,39.87157385645526,50.17430511090423,0,0
2026-01-01 01:29:00,S0024,traffic,downtown,edge_downtown,2,33.25085366994975,59.89592762497125,0,0
2026-01-01 01:29:00,S0025,air_quality,downtown,edge_downtown,1,20.331748312104224,42.270186290941815,0,0
2026-01-01 01:29:00,S0026,air_quality,transit,edge_transit,1,21.406595500288127,87.56543545082741,0,0
2026-01-01 01:29:00,S0027,structure,industrial,edge_industrial,2,0.26055185540068426,31.399646908823414,0,0
2026-01-01 01:29:00,S0028,energy,residential,edge_residential,1,76.5199587783575,54.15982705807722,0,0
2026-01-01 01:29:00,S0029,air_quality,industrial,edge_industrial,1,23.94157024954003,56.783323602507195,0,0
2026-01-01 01:29:00,S0030,air_quality,industrial,edge_industrial,1,23.798574774830534,62.139929525124394,0,0
2026-01-01 01:29:00,S0031,traffic,downtown,edge_downtown,2,32.63579816530954,24.153454548216352,0,0
2026-01-01 01:29:00,S0032,traffic,industrial,edge_industrial,2,32.51068448173296,29.725137417578043,0,0
2026-01-01 01:29:00,S0033,traffic,waterfront,edge_waterfront,2,45.769608271736985,42.70086634633872,0,0
2026-01-01 01:29:00,S0034,energy,residential,edge_residential,1,77.49112352421663,50.539782260695745,0,0
2026-01-01 01:29:00,S0035,traffic,industrial,edge_industrial,2,36.77611387690017,31.015431999070337,0,0
2026-01-01 01:29:00,S0036,air_quality,residential,edge_residential,1,17.252474858540044,67.09914035254417,0,0
2026-01-01 01:29:00,S0037,traffic,waterfront,edge_waterfront,2,39.49996951611531,31.977499469612262,0,0
2026-01-01 01:29:00,S0038,energy,industrial,edge_industrial,1,109.21393531738904,74.84912333851263,1,0
2026-01-01 01:29:00,S0039,traffic,residential,edge_residential,2,24.57327391798762,49.53905986978376,0,0
2026-01-01 01:30:00,S0000,energy,residential,edge_residential,1,75.82019906695592,67.18102006929016,0,0
2026-01-01 01:30:00,S0001,structure,industrial,edge_industrial,2,0.2717095666267935,37.95077953273075,0,0
2026-01-01 01:30:00,S0002,energy,waterfront,edge_waterfront,1,89.83428311760984,88.12236573752108,0,0
2026-01-01 01:30:00,S0003,traffic,waterfront,edge_waterfront,2,36.229615493003884,29.294502430040914,0,0
2026-01-01 01:30:00,S0004,traffic,downtown,edge_downtown,2,34.874712590119515,60.49220503861608,0,0
2026-01-01 01:30:00,S0005,structure,residential,edge_residential,2,0.2983018665379697,40.264863379282644,0,0
2026-01-01 01:30:00,S0006,traffic,waterfront,edge_waterfront,2,36.13651354440536,41.18716843635264,0,0
2026-01-01 01:30:00,S0007,energy,waterfront,edge_waterfront,1,138.1482652305073,71.86462586351098,1,0
2026-01-01 01:30:00,S0008,energy,transit,edge_transit,1,83.0708410075562,53.5304319374482,0,0
2026-01-01 01:30:00,S0009,air_quality,transit,edge_transit,1,21.239014644110796,52.1246715691364,0,0
2026-01-01 01:30:00,S0010,traffic,downtown,edge_downtown,2,32.626741117975705,51.53264952849858,0,0
2026-01-01 01:30:00,S0011,traffic,transit,edge_transit,2,29.98444331259175,40.46198883487013,0,0
2026-01-01 01:30:00,S0012,traffic,residential,edge_residential,2,38.763518554305804,49.79317816724941,0,0
2026-01-01 01:30:00,S0013,air_quality,downtown,edge_downtown,1,19.18279538232794,68.64471059553435,0,0
2026-01-01 01:30:00,S0014,air_quality,industrial,edge_industrial,1,21.34029738939608,61.79482773808533,0,0
2026-01-01 01:30:00,S0015,air_quality,residential,edge_residential,1,24.213796469933783,96.64476414109947,0,0
2026-01-01 01:30:00,S0016,structure,transit,edge_transit,2,0.23645528613918937,58.95238007405849,0,0
2026-01-01 01:30:00,S0017,energy,residential,edge_residential,1,75.0112473732709,88.7719494013258,0,0
2026-01-01 01:30:00,S0018,energy,transit,edge_transit,1,85.6566368055368,73.41044205737185,0,0
2026-01-01 01:30:00,S0019,structure,waterfront,edge_waterfront,2,0.20653469108228956,38.1270757962798,0,0
2026-01-01 01:30:00,S0020,traffic,transit,edge_transit,2,33.119488905229026,28.141011167847182,0,0
2026-01-01 01:30:00,S0021,traffic,industrial,edge_industrial,2,31.50152996542758,28.10884916163556,0,0
2026-01-01 01:30:00,S0022,energy,transit,edge_transit,1,75.47308764728241,108.63066416001496,0,0
2026-01-01 01:30:00,S0023,traffic,residential,edge_residential,2,38.43262506739497,55.28757231896111,0,0
2026-01-01 01:30:00,S0024,traffic,downtown,edge_downtown,2,28.95949870829123,47.34592846236523,0,0
2026-01-01 01:30:00,S0025,air_quality,downtown,edge_downtown,1,19.93072834336502,64.80523864892616,0,0
2026-01-01 01:30:00,S0026,air_quality,transit,edge_transit,1,24.889200475413755,85.7189594308054,0,0
2026-01-01 01:30:00,S0027,structure,industrial,edge_industrial,2,0.2754917837297287,42.01139613767967,0,0
2026-01-01 01:30:00,S0028,energy,residential,edge_residential,1,75.2056153111403,58.312519413257895,0,0
2026-01-01 01:30:00,S0029,air_quality,industrial,edge_industrial,1,20.65851181233447,62.97389759913595,0,0
2026-01-01 01:30:00,S0030,air_quality,industrial,edge_industrial,1,22.052659161100316,77.57684543919703,0,0
2026-01-01 01:30:00,S0031,traffic,downtown,edge_downtown,2,41.138374621797446,37.160017466681424,0,0
2026-01-01 01:30:00,S0032,traffic,industrial,edge_industrial,2,36.29730009618395,41.97232363999142,0,0
2026-01-01 01:30:00,S0033,traffic,waterfront,edge_waterfront,2,35.08977123843962,47.08210996126863,0,0
2026-01-01 01:30:00,S0034,energy,residential,edge_residential,1,73.90269236901597,62.191853818555245,0,0
2026-01-01 01:30:00,S0035,traffic,industrial,edge_industrial,2,18.332205036123245,32.920273191485975,0,0
2026-01-01 01:30:00,S0036,air_quality,residential,edge_residential,1,16.001454382596073,65.06865631737766,0,0
2026-01-01 01:30:00,S0037,traffic,waterfront,edge_waterfront,2,42.284923516769766,46.12025787761954,0,0
2026-01-01 01:30:00,S0038,energy,industrial,edge_industrial,1,76.70535734654936,84.66331931412635,0,0
2026-01-01 01:30:00,S0039,traffic,residential,edge_residential,2,36.27592592988539,52.4236605480793,0,0
2026-01-01 01:31:00,S0000,energy,residential,edge_residential,1,71.63424325833496,95.85173446503688,0,0
2026-01-01 01:31:00,S0001,structure,industrial,edge_industrial,2,0.21062656504920022,35.14708863836384,0,0
2026-01-01 01:31:00,S0002,energy,waterfront,edge_waterfront,1,78.41671195084537,101.75669713180784,0,0
2026-01-01 01:31:00,S0003,traffic,waterfront,edge_waterfront,2,39.420196899976055,52.170783245940214,0,0
2026-01-01 01:31:00,S0004,traffic,downtown,edge_downtown,2,33.863739282082335,44.98489891926898,0,0
2026-01-01 01:31:00,S0005,structure,residential,edge_residential,2,0.20933747114800297,27.83104583876597,0,0
2026-01-01 01:31:00,S0006,traffic,waterfront,edge_waterfront,2,35.70437784748794,43.48856937943169,0,0
2026-01-01 01:31:00,S0007,energy,waterfront,edge_waterfront,1,81.89554877233914,94.20617528349868,0,0
2026-01-01 01:31:00,S0008,energy,transit,edge_transit,1,88.92990257241475,59.304604916820864,0,0
2026-01-01 01:31:00,S0009,air_quality,transit,edge_transit,1,19.6301895195856,83.76794485690066,0,0
2026-01-01 01:31:00,S0010,traffic,downtown,edge_downtown,2,34.17284387234783,38.7611647432839,0,0
2026-01-01 01:31:00,S0011,traffic,transit,edge_transit,2,32.353233676494966,47.11149195192267,0,0
2026-01-01 01:31:00,S0012,traffic,residential,edge_residential,2,35.67383072712689,42.84673480355822,0,0
2026-01-01 01:31:00,S0013,air_quality,downtown,edge_downtown,1,20.143872601344796,64.27465964291513,0,0
2026-01-01 01:31:00,S0014,air_quality,industrial,edge_industrial,1,20.694903271562456,65.74586325541821,0,0
2026-01-01 01:31:00,S0015,air_quality,residential,edge_residential,1,15.496523224783532,45.17259507904296,0,0
2026-01-01 01:31:00,S0016,structure,transit,edge_transit,2,0.2390622024006063,34.51374992091132,0,0
2026-01-01 01:31:00,S0017,energy,residential,edge_residential,1,82.93672591145929,72.2169721680642,0,0
2026-01-01 01:31:00,S0018,energy,transit,edge_transit,1,76.2391820485443,93.26531226632449,0,0
2026-01-01 01:31:00,S0019,structure,waterfront,edge_waterfront,2,0.25559043888352045,35.785310406234856,0,0
2026-01-01 01:31:00,S0020,traffic,transit,edge_transit,2,37.52126286507766,40.7953291257437,0,0
2026-01-01 01:31:00,S0021,traffic,industrial,edge_industrial,2,41.32293908719567,43.33015143133767,0,0
2026-01-01 01:31:00,S0022,energy,transit,edge_transit,1,69.1754833269716,111.51344418360593,0,0
2026-01-01 01:31:00,S0023,traffic,residential,edge_residential,2,36.737126630424015,35.850188891976316,0,0
2026-01-01 01:31:00,S0024,traffic,downtown,edge_downtown,2,35.4173364369298,42.0565355031458,0,0
2026-01-01 01:31:00,S0025,air_quality,downtown,edge_downtown,1,18.533775511219844,61.65443198813308,0,0
2026-01-01 01:31:00,S0026,air_quality,transit,edge_transit,1,20.99363118009125,52.55219117703168,0,0
2026-01-01 01:31:00,S0027,structure,industrial,edge_industrial,2,0.28698693729178404,61.62971861319499,0,0
2026-01-01 01:31:00,S0028,energy,residential,edge_residential,1,81.93729990931129,74.85560012650673,0,0
2026-01-01 01:31:00,S0029,air_quality,industrial,edge_industrial,1,18.528070161308683,72.53413875862452,0,0
2026-01-01 01:31:00,S0030,air_quality,industrial,edge_industrial,1,21.332512344885757,64.90529550485515,0,0
2026-01-01 01:31:00,S0031,traffic,downtown,edge_downtown,2,22.66951976638893,54.68824407368519,0,0
2026-01-01 01:31:00,S0032,traffic,industrial,edge_industrial,2,44.59284660694932,64.0179304085701,0,0
2026-01-01 01:31:00,S0033,traffic,waterfront,edge_waterfront,2,27.55402145905381,51.55421497882473,0,0
2026-01-01 01:31:00,S0034,energy,residential,edge_residential,1,64.42559790915087,71.35490991754429,0,0
2026-01-01 01:31:00,S0035,traffic,industrial,edge_industrial,2,35.261993476530286,19.053509840637084,0,0
2026-01-01 01:31:00,S0036,air_quality,residential,edge_residential,1,22.385155395418334,62.30070892575298,0,0
2026-01-01 01:31:00,S0037,traffic,waterfront,edge_waterfront,2,41.46639866243524,57.59457377710629,0,0
2026-01-01 01:31:00,S0038,energy,industrial,edge_industrial,1,68.28397121395236,96.22081690325672,0,0
2026-01-01 01:31:00,S0039,traffic,residential,edge_residential,2,45.61092945897421,45.50709421869196,0,0
2026-01-01 01:32:00,S0000,energy,residential,edge_residential,1,73.9008553673256,86.98112537301971,0,0
2026-01-01 01:32:00,S0001,structure,industrial,edge_industrial,2,0.30349527690031575,39.212895254468705,0,0
2026-01-01 01:32:00,S0002,energy,waterfront,edge_waterfront,1,74.733900699264,90.1302642486602,0,0
2026-01-01 01:32:00,S0003,traffic,waterfront,edge_waterfront,2,43.73750538010751,37.47325988172909,0,0
2026-01-01 01:32:00,S0004,traffic,downtown,edge_downtown,2,37.148119948911344,45.09174200866574,0,0
2026-01-01 01:32:00,S0005,structure,residential,edge_residential,2,0.2669847891233514,34.73967050038633,0,0
2026-01-01 01:32:00,S0006,traffic,waterfront,edge_waterfront,2,30.81479155044491,55.00337624459518,0,0
2026-01-01 01:32:00,S0007,energy,waterfront,edge_waterfront,1,78.3023271431991,90.56214397782219,0,0
2026-01-01 01:32:00,S0008,energy,transit,edge_transit,1,78.69910448976223,44.74240076715607,0,0
2026-01-01 01:32:00,S0009,air_quality,transit,edge_transit,1,25.189460028315168,74.48214637191883,0,0
2026-01-01 01:32:00,S0010,traffic,downtown,edge_downtown,2,30.410155964765607,22.02409708838896,0,0
2026-01-01 01:32:00,S0011,traffic,transit,edge_transit,2,35.22665408079217,51.11520044107302,0,0
2026-01-01 01:32:00,S0012,traffic,residential,edge_residential,2,36.47684922792958,58.8409380956122,0,0
2026-01-01 01:32:00,S0013,air_quality,downtown,edge_downtown,1,21.536336137279072,77.69266365212833,0,0
2026-01-01 01:32:00,S0014,air_quality,industrial,edge_industrial,1,23.165941753957203,45.31680082970496,0,0
2026-01-01 01:32:00,S0015,air_quality,residential,edge_residential,1,51.202845793565515,73.07473704291195,1,0
2026-01-01 01:32:00,S0016,structure,transit,edge_transit,2,0.18849461013368216,54.27175198367746,0,0
2026-01-01 01:32:00,S0017,energy,residential,edge_residential,1,61.80616094096298,85.76244103219847,0,0
2026-01-01 01:32:00,S0018,energy,transit,edge_transit,1,76.4333674473716,60.910802626652156,0,0
2026-01-01 01:32:00,S0019,structure,waterfront,edge_waterfront,2,0.27090187498973467,57.11114547492511,0,0
2026-01-01 01:32:00,S0020,traffic,transit,edge_transit,2,31.869556407792498,55.639157581304985,0,0
2026-01-01 01:32:00,S0021,traffic,industrial,edge_industrial,2,31.39413028609431,45.95396675304279,0,0
2026-01-01 01:32:00,S0022,energy,transit,edge_transit,1,82.34718620846857,75.68333131501764,0,0
2026-01-01 01:32:00,S0023,traffic,residential,edge_residential,2,26.836989156166794,54.22367969338254,0,0
2026-01-01 01:32:00,S0024,traffic,downtown,edge_downtown,2,35.46053343436902,29.78809028909745,0,0
2026-01-01 01:32:00,S0025,air_quality,downtown,edge_downtown,1,20.52664769431868,66.5657239503429,0,0
2026-01-01 01:32:00,S0026,air_quality,transit,edge_transit,1,19.475028936186835,53.12585674018299,0,0
2026-01-01 01:32:00,S0027,structure,industrial,edge_industrial,2,0.243389820759706,46.883291602469434,0,0
2026-01-01 01:32:00,S0028,energy,residential,edge_residential,1,74.95065023638415,96.79148161177113,0,0
2026-01-01 01:32:00,S0029,air_quality,industrial,edge_industrial,1,17.877826693551544,79.30476083828148,0,0
2026-01-01 01:32:00,S0030,air_quality,industrial,edge_industrial,1,18.033953080506883,72.69507558473659,0,0
2026-01-01 01:32:00,S0031,traffic,downtown,edge_downtown,2,38.080612487855184,33.78321468767764,0,0
2026-01-01 01:32:00,S0032,traffic,industrial,edge_industrial,2,41.89453620745291,40.99121040854454,0,0
2026-01-01 01:32:00,S0033,traffic,waterfront,edge_waterfront,2,38.328830679786215,43.82287545454063,0,0
2026-01-01 01:32:00,S0034,energy,residential,edge_residential,1,73.5011363675664,65.3894468770931,0,0
2026-01-01 01:32:00,S0035,traffic,industrial,edge_industrial,2,39.355444577090886,33.02098328726189,0,0
2026-01-01 01:32:00,S0036,air_quality,residential,edge_residential,1,23.194641399800663,39.82627123942237,0,0
2026-01-01 01:32:00,S0037,traffic,waterfront,edge_waterfront,2,37.26758631493077,47.947246272033915,0,0
2026-01-01 01:32:00,S0038,energy,industrial,edge_industrial,1,67.36208475955954,87.93108177914239,0,0
2026-01-01 01:32:00,S0039,traffic,residential,edge_residential,2,36.600987999873325,35.020433555267665,0,0
2026-01-01 01:33:00,S0000,energy,residential,edge_residential,1,72.55977154274662,66.39503126795044,0,0
2026-01-01 01:33:00,S0001,structure,industrial,edge_industrial,2,0.2006465940424364,36.366157187010494,0,0
2026-01-01 01:33:00,S0002,energy,waterfront,edge_waterfront,1,82.55344844109337,115.87821391102526,0,0
2026-01-01 01:33:00,S0003,traffic,waterfront,edge_waterfront,2,38.4595922193711,49.596495229051826,0,0
2026-01-01 01:33:00,S0004,traffic,downtown,edge_downtown,2,39.19393877669788,64.34595675138493,0,0
2026-01-01 01:33:00,S0005,structure,residential,edge_residential,2,0.28758927249395405,35.1953726202913,0,0
2026-01-01 01:33:00,S0006,traffic,waterfront,edge_waterfront,2,33.05293499870617,38.76821661571932,0,0
2026-01-01 01:33:00,S0007,energy,waterfront,edge_waterfront,1,74.01546578231941,57.590865167104795,0,0
2026-01-01 01:33:00,S0008,energy,transit,edge_transit,1,69.5395262356186,117.89525852811104,0,0
2026-01-01 01:33:00,S0009,air_quality,transit,edge_transit,1,20.246762164692843,80.28122189138617,0,0
2026-01-01 01:33:00,S0010,traffic,downtown,edge_downtown,2,42.04410001206374,27.98447552818057,0,0
2026-01-01 01:33:00,S0011,traffic,transit,edge_transit,2,39.79456281618477,43.92690783602647,0,0
2026-01-01 01:33:00,S0012,traffic,residential,edge_residential,2,34.84352998645517,43.05733786202175,0,0
2026-01-01 01:33:00,S0013,air_quality,downtown,edge_downtown,1,19.710429827030985,89.02629668669867,0,0
2026-01-01 01:33:00,S0014,air_quality,industrial,edge_industrial,1,15.568078409698419,92.83568055054523,0,0
2026-01-01 01:33:00,S0015,air_quality,residential,edge_residential,1,19.92376144526375,50.92069062690848,0,0
2026-01-01 01:33:00,S0016,structure,transit,edge_transit,2,0.25185253595515616,35.321277399317275,0,0
2026-01-01 01:33:00,S0017,energy,residential,edge_residential,1,70.65608142201232,108.829886506011,0,0
2026-01-01 01:33:00,S0018,energy,transit,edge_transit,1,76.66291880600251,78.38595634594705,0,0
2026-01-01 01:33:00,S0019,structure,waterfront,edge_waterfront,2,0.24797443336901484,37.59438456208424,0,0
2026-01-01 01:33:00,S0020,traffic,transit,edge_transit,2,32.132808175264856,25.693309691439204,0,0
2026-01-01 01:33:00,S0021,traffic,industrial,edge_industrial,2,37.51719156747429,34.8445263827561,0,0
2026-01-01 01:33:00,S0022,energy,transit,edge_transit,1,69.45411635752598,107.27766184520684,0,0
2026-01-01 01:33:00,S0023,traffic,residential,edge_residential,2,31.442821787816975,33.27231518853718,0,0
2026-01-01 01:33:00,S0024,traffic,downtown,edge_downtown,2,29.444960712559045,55.208930050000006,0,0
2026-01-01 01:33:00,S0025,air_quality,downtown,edge_downtown,1,18.126642771718632,59.4005854629493,0,0
2026-01-01 01:33:00,S0026,air_quality,transit,edge_transit,1,23.306038363008675,71.58350363815481,0,0
2026-01-01 01:33:00,S0027,structure,industrial,edge_industrial,2,0.24958015665007324,44.02617821821384,0,0
2026-01-01 01:33:00,S0028,energy,residential,edge_residential,1,72.72049359776872,84.57088721664206,0,0
2026-01-01 01:33:00,S0029,air_quality,industrial,edge_industrial,1,18.73383052895763,55.938691832857344,0,0
2026-01-01 01:33:00,S0030,air_quality,industrial,edge_industrial,1,17.543088118191765,64.09710584468438,0,0
2026-01-01 01:33:00,S0031,traffic,downtown,edge_downtown,2,38.20156455429594,46.61246813787659,0,0
2026-01-01 01:33:00,S0032,traffic,industrial,edge_industrial,2,32.73204500713445,36.3067365333226,0,0
2026-01-01 01:33:00,S0033,traffic,waterfront,edge_waterfront,2,40.56929648048279,37.98576946271149,0,0
2026-01-01 01:33:00,S0034,energy,residential,edge_residential,1,68.14468895450375,80.35034803709308,0,0
2026-01-01 01:33:00,S0035,traffic,industrial,edge_industrial,2,31.830321247982912,30.03431341287577,0,0
2026-01-01 01:33:00,S0036,air_quality,residential,edge_residential,1,20.18834505518583,83.82480943526821,0,0
2026-01-01 01:33:00,S0037,traffic,waterfront,edge_waterfront,2,31.54086658836768,46.55065508475685,0,0
2026-01-01 01:33:00,S0038,energy,industrial,edge_industrial,1,74.51362160057009,77.7201770271112,0,0
2026-01-01 01:33:00,S0039,traffic,residential,edge_residential,2,31.953995053661124,39.203040316130675,0,0
2026-01-01 01:34:00,S0000,energy,residential,edge_residential,1,,120.79781918683885,0,1
2026-01-01 01:34:00,S0001,structure,industrial,edge_industrial,2,0.24160426112798902,31.65356254693163,0,0
2026-01-01 01:34:00,S0002,energy,waterfront,edge_waterfront,1,79.13740673837704,106.89234092666217,0,0
2026-01-01 01:34:00,S0003,traffic,waterfront,edge_waterfront,2,38.8971310148188,48.05903932470405,0,0
2026-01-01 01:34:00,S0004,traffic,downtown,edge_downtown,2,38.83054147346579,41.25346825155585,0,0
2026-01-01 01:34:00,S0005,structure,residential,edge_residential,2,0.23529857705971383,23.346052050245582,0,0
2026-01-01 01:34:00,S0006,traffic,waterfront,edge_waterfront,2,27.71600011378336,39.10104010974352,0,0
2026-01-01 01:34:00,S0007,energy,waterfront,edge_waterfront,1,74.39835608169734,112.98307077411042,0,0
2026-01-01 01:34:00,S0008,energy,transit,edge_transit,1,71.42830466057369,76.86580343876628,0,0
2026-01-01 01:34:00,S0009,air_quality,transit,edge_transit,1,20.814403991446742,42.37290586575004,0,0
2026-01-01 01:34:00,S0010,traffic,downtown,edge_downtown,2,44.08316597250527,52.57674769033571,0,0
2026-01-01 01:34:00,S0011,traffic,transit,edge_transit,2,29.399967496525385,41.29839284309281,0,0
2026-01-01 01:34:00,S0012,traffic,residential,edge_residential,2,34.65485093673031,44.032696940423094,0,0
2026-01-01 01:34:00,S0013,air_quality,downtown,edge_downtown,1,17.644114589299836,65.63407407280653,0,0
2026-01-01 01:34:00,S0014,air_quality,industrial,edge_industrial,1,20.706217160268068,75.86734422970758,0,0
2026-01-01 01:34:00,S0015,air_quality,residential,edge_residential,1,20.85657272358624,93.59585405037014,0,0
2026-01-01 01:34:00,S0016,structure,transit,edge_transit,2,0.26082182816615734,35.027788895045866,0,0
2026-01-01 01:34:00,S0017,energy,residential,edge_residential,1,81.34542737818158,114.56625202106774,0,0
2026-01-01 01:34:00,S0018,energy,transit,edge_transit,1,71.7874325484982,75.86479102006493,0,0
2026-01-01 01:34:00,S0019,structure,waterfront,edge_waterfront,2,0.24839662883176886,39.32047429309874,0,0
2026-01-01 01:34:00,S0020,traffic,transit,edge_transit,2,40.45766967779861,42.43908304266672,0,0
2026-01-01 01:34:00,S0021,traffic,industrial,edge_industrial,2,31.896277739200244,45.32120065257867,0,0
2026-01-01 01:34:00,S0022,energy,transit,edge_transit,1,85.4049898789792,95.96198826843653,0,0
2026-01-01 01:34:00,S0023,traffic,residential,edge_residential,2,40.512252424438934,54.43000555873026,0,0
2026-01-01 01:34:00,S0024,traffic,downtown,edge_downtown,2,33.715153572817584,52.27888015802445,0,0
2026-01-01 01:34:00,S0025,air_quality,downtown,edge_downtown,1,19.90758868085914,95.34778626735186,0,0
2026-01-01 01:34:00,S0026,air_quality,transit,edge_transit,1,16.35908751409507,64.46077424712648,0,0
2026-01-01 01:34:00,S0027,structure,industrial,edge_industrial,2,0.24509078676740814,46.50037073196571,0,0
2026-01-01 01:34:00,S0028,energy,residential,edge_residential,1,82.75554187802965,110.97323418106338,0,0
2026-01-01 01:34:00,S0029,air_quality,industrial,edge_industrial,1,19.223894371890626,48.096115681676324,0,0
2026-01-01 01:34:00,S0030,air_quality,industrial,edge_industrial,1,23.61790949476161,100.77746702755576,0,0
2026-01-01 01:34:00,S0031,traffic,downtown,edge_downtown,2,32.6094566903226,44.14169495213985,0,0
2026-01-01 01:34:00,S0032,traffic,industrial,edge_industrial,2,30.131665721806197,38.90564303393042,0,0
2026-01-01 01:34:00,S0033,traffic,waterfront,edge_waterfront,2,44.838732556988475,51.48054269879263,0,0
2026-01-01 01:34:00,S0034,energy,residential,edge_residential,1,71.08101728677651,77.06138525034244,0,0
2026-01-01 01:34:00,S0035,traffic,industrial,edge_industrial,2,31.877063228663722,37.783389203923825,0,0
2026-01-01 01:34:00,S0036,air_quality,residential,edge_residential,1,18.133900427093415,45.23588636200384,0,0
2026-01-01 01:34:00,S0037,traffic,waterfront,edge_waterfront,2,43.59627697966138,29.53214331339254,0,0
2026-01-01 01:34:00,S0038,energy,industrial,edge_industrial,1,82.70128848665158,76.67657586409263,0,0
2026-01-01 01:34:00,S0039,traffic,residential,edge_residential,2,39.40772174961249,47.12292656112427,0,0
2026-01-01 01:35:00,S0000,energy,residential,edge_residential,1,73.78959930981934,126.18355296990164,0,0
2026-01-01 01:35:00,S0001,structure,industrial,edge_industrial,2,0.2611862452760162,34.18141718538727,0,0
2026-01-01 01:35:00,S0002,energy,waterfront,edge_waterfront,1,72.4864644919861,79.17997181687272,0,0
2026-01-01 01:35:00,S0003,traffic,waterfront,edge_waterfront,2,30.428520887070086,38.5867161900706,0,0
2026-01-01 01:35:00,S0004,traffic,downtown,edge_downtown,2,33.5093846392947,48.11458355770439,0,0
2026-01-01 01:35:00,S0005,structure,residential,edge_residential,2,0.1767632463981556,22.25220096760801,0,0
2026-01-01 01:35:00,S0006,traffic,waterfront,edge_waterfront,2,35.231288939156975,51.3998371794913,0,0
2026-01-01 01:35:00,S0007,energy,waterfront,edge_waterfront,1,77.71150435310427,76.16776250366388,0,0
2026-01-01 01:35:00,S0008,energy,transit,edge_transit,1,74.60041481877845,83.4348189614629,0,0
2026-01-01 01:35:00,S0009,air_quality,transit,edge_transit,1,18.670199285331975,68.72394928258097,0,0
2026-01-01 01:35:00,S0010,traffic,downtown,edge_downtown,2,36.02344148104517,32.85765851492626,0,0
2026-01-01 01:35:00,S0011,traffic,transit,edge_transit,2,39.161759572157045,34.82182662486114,0,0
2026-01-01 01:35:00,S0012,traffic,residential,edge_residential,2,31.72171043772154,44.10317436302272,0,0
2026-01-01 01:35:00,S0013,air_quality,downtown,edge_downtown,1,16.163075323467865,52.971674831712356,0,0
2026-01-01 01:35:00,S0014,air_quality,industrial,edge_industrial,1,23.542722088538632,67.20603411350459,0,0
2026-01-01 01:35:00,S0015,air_quality,residential,edge_residential,1,17.629806756709723,90.33224113255505,0,0
2026-01-01 01:35:00,S0016,structure,transit,edge_transit,2,0.22962289190335242,31.37675299487762,0,0
2026-01-01 01:35:00,S0017,energy,residential,edge_residential,1,73.61651688792627,55.71111374447234,0,0
2026-01-01 01:35:00,S0018,energy,transit,edge_transit,1,79.73741273406904,89.69723266145007,0,0
2026-01-01 01:35:00,S0019,structure,waterfront,edge_waterfront,2,0.17059882461888037,22.658134641952312,0,0
2026-01-01 01:35:00,S0020,traffic,transit,edge_transit,2,27.244516313410326,40.24993644814164,0,0
2026-01-01 01:35:00,S0021,traffic,industrial,edge_industrial,2,29.762065514500524,48.23895915408142,0,0
2026-01-01 01:35:00,S0022,energy,transit,edge_transit,1,80.87117149439057,79.5141243241067,0,0
2026-01-01 01:35:00,S0023,traffic,residential,edge_residential,2,33.38465133818318,32.04930774843294,0,0
2026-01-01 01:35:00,S0024,traffic,downtown,edge_downtown,2,31.847908115303895,56.24719324042941,0,0
2026-01-01 01:35:00,S0025,air_quality,downtown,edge_downtown,1,20.16405037465636,44.935186472912655,0,0
2026-01-01 01:35:00,S0026,air_quality,transit,edge_transit,1,29.343892173978656,73.01093561780681,1,0
2026-01-01 01:35:00,S0027,structure,industrial,edge_industrial,2,0.16789530249194362,50.36882893372393,0,0
2026-01-01 01:35:00,S0028,energy,residential,edge_residential,1,74.60269551055237,111.58979981313729,0,0
2026-01-01 01:35:00,S0029,air_quality,industrial,edge_industrial,1,19.739511873552516,44.89937234490185,0,0
2026-01-01 01:35:00,S0030,air_quality,industrial,edge_industrial,1,18.6399490197387,81.44703342688301,0,0
2026-01-01 01:35:00,S0031,traffic,downtown,edge_downtown,2,37.62117517970058,36.83236070872991,0,0
2026-01-01 01:35:00,S0032,traffic,industrial,edge_industrial,2,32.133220941377196,57.552822881742806,0,0
2026-01-01 01:35:00,S0033,traffic,waterfront,edge_waterfront,2,37.86691371448708,38.517111409995245,0,0
2026-01-01 01:35:00,S0034,energy,residential,edge_residential,1,152.2828809215824,91.61509774082487,1,0
2026-01-01 01:35:00,S0035,traffic,industrial,edge_industrial,2,40.55863345017201,30.73847670541103,0,0
2026-01-01 01:35:00,S0036,air_quality,residential,edge_residential,1,14.310041413969735,65.91598917015683,0,0
2026-01-01 01:35:00,S0037,traffic,waterfront,edge_waterfront,2,39.721323237618094,32.13835519184452,0,0
2026-01-01 01:35:00,S0038,energy,industrial,edge_industrial,1,73.61045429726151,78.6952373461801,0,0
2026-01-01 01:35:00,S0039,traffic,residential,edge_residential,2,37.82659956575308,50.13525873391296,0,0
2026-01-01 01:36:00,S0000,energy,residential,edge_residential,1,74.30151935048622,50.750750420792905,0,0
2026-01-01 01:36:00,S0001,structure,industrial,edge_industrial,2,0.28534993269385656,45.11948089888092,0,0
2026-01-01 01:36:00,S0002,energy,waterfront,edge_waterfront,1,80.36235130587086,71.70980716255794,0,0
2026-01-01 01:36:00,S0003,traffic,waterfront,edge_waterfront,2,31.54252203833331,44.956016457049536,0,0
2026-01-01 01:36:00,S0004,traffic,downtown,edge_downtown,2,37.17801653677684,42.53492612954591,0,0
2026-01-01 01:36:00,S0005,structure,residential,edge_residential,2,0.23872416780642203,41.82105390748011,0,0
2026-01-01 01:36:00,S0006,traffic,waterfront,edge_waterfront,2,37.21988864319652,47.00060985419129,0,0
2026-01-01 01:36:00,S0007,energy,waterfront,edge_waterfront,1,72.09637257043946,46.278325903699425,0,0
2026-01-01 01:36:00,S0008,energy,transit,edge_transit,1,68.97526898048447,84.82590876059164,0,0
2026-01-01 01:36:00,S0009,air_quality,transit,edge_transit,1,24.29897167339825,51.831229430667086,0,0
2026-01-01 01:36:00,S0010,traffic,downtown,edge_downtown,2,34.3896628145585,55.72546326959293,0,0
2026-01-01 01:36:00,S0011,traffic,transit,edge_transit,2,37.91856293421006,44.42670489871051,0,0
2026-01-01 01:36:00,S0012,traffic,residential,edge_residential,2,25.684691166751072,23.820924235081172,0,0
2026-01-01 01:36:00,S0013,air_quality,downtown,edge_downtown,1,23.017100512760656,75.5790639277555,0,0
2026-01-01 01:36:00,S0014,air_quality,industrial,edge_industrial,1,17.463135016083505,68.62288971400352,0,0
2026-01-01 01:36:00,S0015,air_quality,residential,edge_residential,1,22.35806195861805,50.13662234977118,0,0
2026-01-01 01:36:00,S0016,structure,transit,edge_transit,2,0.20939454563164556,30.905303393429218,0,0
2026-01-01 01:36:00,S0017,energy,residential,edge_residential,1,79.7100791660842,53.027183215694656,0,0
2026-01-01 01:36:00,S0018,energy,transit,edge_transit,1,73.08176427006478,97.37024618388944,0,0
2026-01-01 01:36:00,S0019,structure,waterfront,edge_waterfront,2,0.197542193578996,40.72707024679879,0,0
2026-01-01 01:36:00,S0020,traffic,transit,edge_transit,2,37.62346214340478,30.78757753673377,0,0
2026-01-01 01:36:00,S0021,traffic,industrial,edge_industrial,2,35.201365440557524,45.83392438226956,0,0
2026-01-01 01:36:00,S0022,energy,transit,edge_transit,1,76.67261071247992,81.58304976105768,0,0
2026-01-01 01:36:00,S0023,traffic,residential,edge_residential,2,31.451189984188208,32.49342125431151,0,0
2026-01-01 01:36:00,S0024,traffic,downtown,edge_downtown,2,36.098780355008685,36.5323534436781,0,0
2026-01-01 01:36:00,S0025,air_quality,downtown,edge_downtown,1,22.507787320839334,52.95716922789082,0,0
2026-01-01 01:36:00,S0026,air_quality,transit,edge_transit,1,21.110480443101377,82.55019387259121,0,0
2026-01-01 01:36:00,S0027,structure,industrial,edge_industrial,2,0.25963255037418764,51.26970071577385,0,0
2026-01-01 01:36:00,S0028,energy,residential,edge_residential,1,70.91862232687099,96.29503153834285,0,0
2026-01-01 01:36:00,S0029,air_quality,industrial,edge_industrial,1,23.72007983537092,49.027488023544564,0,0
2026-01-01 01:36:00,S0030,air_quality,industrial,edge_industrial,1,22.023164879088156,69.29638523019595,0,0
2026-01-01 01:36:00,S0031,traffic,downtown,edge_downtown,2,41.87975532020819,34.33807703162831,0,0
2026-01-01 01:36:00,S0032,traffic,industrial,edge_industrial,2,30.801217715242775,27.33217298411325,0,0
2026-01-01 01:36:00,S0033,traffic,waterfront,edge_waterfront,2,39.5736984568795,35.575876871048116,0,0
2026-01-01 01:36:00,S0034,energy,residential,edge_residential,1,72.85434913670626,113.00868991422075,0,0
2026-01-01 01:36:00,S0035,traffic,industrial,edge_industrial,2,23.291561149331272,45.02727915217667,0,0
2026-01-01 01:36:00,S0036,air_quality,residential,edge_residential,1,22.19943201078558,67.72695751054256,0,0
2026-01-01 01:36:00,S0037,traffic,waterfront,edge_waterfront,2,42.77345438297388,25.124078864077447,0,0
2026-01-01 01:36:00,S0038,energy,industrial,edge_industrial,1,74.34147736146139,98.62903688701863,0,0
2026-01-01 01:36:00,S0039,traffic,residential,edge_residential,2,40.9288907927734,44.64548840181663,0,0
2026-01-01 01:37:00,S0000,energy,residential,edge_residential,1,67.8893346843867,86.03589920600686,0,0
2026-01-01 01:37:00,S0001,structure,industrial,edge_industrial,2,0.26667439827230605,44.141908809590234,0,0
2026-01-01 01:37:00,S0002,energy,waterfront,edge_waterfront,1,73.09660756713151,97.65111506849809,0,0
2026-01-01 01:37:00,S0003,traffic,waterfront,edge_waterfront,2,38.23896702682737,30.27265545649108,0,0
2026-01-01 01:37:00,S0004,traffic,downtown,edge_downtown,2,39.238993535346424,54.78373884186601,0,0
2026-01-01 01:37:00,S0005,structure,residential,edge_residential,2,0.35611745673355055,39.09511179253735,1,0
2026-01-01 01:37:00,S0006,traffic,waterfront,edge_waterfront,2,31.307440630663436,56.56647961003721,0,0
2026-01-01 01:37:00,S0007,energy,waterfront,edge_waterfront,1,74.64758855415197,108.57660361893424,0,0
2026-01-01 01:37:00,S0008,energy,transit,edge_transit,1,69.22607991861882,122.3084458737982,0,0
2026-01-01 01:37:00,S0009,air_quality,transit,edge_transit,1,22.303500260760753,65.72728019793404,0,0
2026-01-01 01:37:00,S0010,traffic,downtown,edge_downtown,2,43.50753469916896,56.338234430450726,0,0
2026-01-01 01:37:00,S0011,traffic,transit,edge_transit,2,30.698239454036226,30.95514146496015,0,0
2026-01-01 01:37:00,S0012,traffic,residential,edge_residential,2,37.88535216439939,48.05044348883701,0,0
2026-01-01 01:37:00,S0013,air_quality,downtown,edge_downtown,1,22.762500753583648,32.09336129643061,0,0
2026-01-01 01:37:00,S0014,air_quality,industrial,edge_industrial,1,20.8726658250988,24.228951527764814,0,0
2026-01-01 01:37:00,S0015,air_quality,residential,edge_residential,1,21.755260003820435,77.16639590085552,0,0
2026-01-01 01:37:00,S0016,structure,transit,edge_transit,2,0.2543897274941117,42.05360664900793,0,0
2026-01-01 01:37:00,S0017,energy,residential,edge_residential,1,85.155465782567,15.516001019602399,0,0
2026-01-01 01:37:00,S0018,energy,transit,edge_transit,1,70.20795029301915,76.34072843671227,0,0
2026-01-01 01:37:00,S0019,structure,waterfront,edge_waterfront,2,0.20274268091659775,46.675725337996184,0,0
2026-01-01 01:37:00,S0020,traffic,transit,edge_transit,2,44.97727011408595,50.33168296629715,0,0
2026-01-01 01:37:00,S0021,traffic,industrial,edge_industrial,2,30.524532770761663,34.66565442372357,0,0
2026-01-01 01:37:00,S0022,energy,transit,edge_transit,1,79.88669569528427,103.42310491711164,0,0
2026-01-01 01:37:00,S0023,traffic,residential,edge_residential,2,31.65558107736383,27.132396569573835,0,0
2026-01-01 01:37:00,S0024,traffic,downtown,edge_downtown,2,28.509232612651243,31.062033436783537,0,0
2026-01-01 01:37:00,S0025,air_quality,downtown,edge_downtown,1,22.60329741378369,60.06751943582548,0,0
2026-01-01 01:37:00,S0026,air_quality,transit,edge_transit,1,18.867357550666608,55.30731594041136,0,0
2026-01-01 01:37:00,S0027,structure,industrial,edge_industrial,2,,33.30089461549126,0,1
2026-01-01 01:37:00,S0028,energy,residential,edge_residential,1,133.21884357702123,84.11023544569447,1,0
2026-01-01 01:37:00,S0029,air_quality,industrial,edge_industrial,1,16.595393475070313,66.28450942043304,0,0
2026-01-01 01:37:00,S0030,air_quality,industrial,edge_industrial,1,24.939765258021584,71.58254959830441,0,0
2026-01-01 01:37:00,S0031,traffic,downtown,edge_downtown,2,31.14402731997758,24.613874550705,0,0
2026-01-01 01:37:00,S0032,traffic,industrial,edge_industrial,2,32.62294897235008,61.78879439992512,0,0
2026-01-01 01:37:00,S0033,traffic,waterfront,edge_waterfront,2,35.718569461156626,35.31862856704098,0,0
2026-01-01 01:37:00,S0034,energy,residential,edge_residential,1,78.72285980235422,69.56407386797952,0,0
2026-01-01 01:37:00,S0035,traffic,industrial,edge_industrial,2,36.65595612141419,42.33226537777911,0,0
2026-01-01 01:37:00,S0036,air_quality,residential,edge_residential,1,17.653503855248022,59.57114277932746,0,0
2026-01-01 01:37:00,S0037,traffic,waterfront,edge_waterfront,2,67.48165206599634,58.48421727885912,1,0
2026-01-01 01:37:00,S0038,energy,industrial,edge_industrial,1,74.78626496558634,48.708436617104184,0,0
2026-01-01 01:37:00,S0039,traffic,residential,edge_residential,2,42.31758614735174,30.036953348391073,0,0
2026-01-01 01:38:00,S0000,energy,residential,edge_residential,1,71.37932307411687,130.17988871264782,0,0
2026-01-01 01:38:00,S0001,structure,industrial,edge_industrial,2,0.26550983369040115,50.21916418895887,0,0
2026-01-01 01:38:00,S0002,energy,waterfront,edge_waterfront,1,65.48947083698194,90.33258064778549,0,0
2026-01-01 01:38:00,S0003,traffic,waterfront,edge_waterfront,2,42.69135363819557,40.72964842171209,0,0
2026-01-01 01:38:00,S0004,traffic,downtown,edge_downtown,2,38.844900528305004,47.58900896421097,0,0
2026-01-01 01:38:00,S0005,structure,residential,edge_residential,2,0.27915865679717294,29.040572272460484,0,0
2026-01-01 01:38:00,S0006,traffic,waterfront,edge_waterfront,2,30.027355882368127,45.99285073772621,0,0
2026-01-01 01:38:00,S0007,energy,waterfront,edge_waterfront,1,66.33946553153622,111.21606595730961,0,0
2026-01-01 01:38:00,S0008,energy,transit,edge_transit,1,75.22980294682954,69.22082000812179,0,0
2026-01-01 01:38:00,S0009,air_quality,transit,edge_transit,1,21.204831028159578,85.02502432291267,0,0
2026-01-01 01:38:00,S0010,traffic,downtown,edge_downtown,2,37.4327824365841,39.93435444291112,0,0
2026-01-01 01:38:00,S0011,traffic,transit,edge_transit,2,76.38014970737851,43.512999942813636,1,0
2026-01-01 01:38:00,S0012,traffic,residential,edge_residential,2,37.82324061044746,30.34021016028141,0,0
2026-01-01 01:38:00,S0013,air_quality,downtown,edge_downtown,1,18.439937134477205,69.2776346369844,0,0
2026-01-01 01:38:00,S0014,air_quality,industrial,edge_industrial,1,23.098197619370588,79.9120756900732,0,0
2026-01-01 01:38:00,S0015,air_quality,residential,edge_residential,1,18.672764414425274,64.35011821085496,0,0
2026-01-01 01:38:00,S0016,structure,transit,edge_transit,2,0.272415968529545,49.12447024146585,0,0
2026-01-01 01:38:00,S0017,energy,residential,edge_residential,1,80.73694815869545,93.05778484824754,0,0
2026-01-01 01:38:00,S0018,energy,transit,edge_transit,1,113.27357126403754,108.33192366921942,1,0
2026-01-01 01:38:00,S0019,structure,waterfront,edge_waterfront,2,0.2250418303752319,29.294940460420207,0,0
2026-01-01 01:38:00,S0020,traffic,transit,edge_transit,2,24.08542471222166,32.793731258712256,0,0
2026-01-01 01:38:00,S0021,traffic,industrial,edge_industrial,2,33.402496002736164,50.17304742211975,0,0
2026-01-01 01:38:00,S0022,energy,transit,edge_transit,1,77.44785702598347,57.37851247739647,0,0
2026-01-01 01:38:00,S0023,traffic,residential,edge_residential,2,37.18222863682944,37.94307518739864,0,0
2026-01-01 01:38:00,S0024,traffic,downtown,edge_downtown,2,78.3049172749712,56.21916758818158,1,0
2026-01-01 01:38:00,S0025,air_quality,downtown,edge_downtown,1,17.575609378486885,73.63972307072423,0,0
2026-01-01 01:38:00,S0026,air_quality,transit,edge_transit,1,20.20054496039315,69.51428847512332,0,0
2026-01-01 01:38:00,S0027,structure,industrial,edge_industrial,2,0.2518889146148178,34.50546557628041,0,0
2026-01-01 01:38:00,S0028,energy,residential,edge_residential,1,73.43852987339122,77.44161303624519,0,0
2026-01-01 01:38:00,S0029,air_quality,industrial,edge_industrial,1,20.344688315250963,107.38854003975503,0,0
2026-01-01 01:38:00,S0030,air_quality,industrial,edge_industrial,1,15.785252137419253,101.81813773125222,0,0
2026-01-01 01:38:00,S0031,traffic,downtown,edge_downtown,2,36.11228292523656,38.29672181676604,0,0
2026-01-01 01:38:00,S0032,traffic,industrial,edge_industrial,2,49.87526506684793,35.88371931064019,0,0
2026-01-01 01:38:00,S0033,traffic,waterfront,edge_waterfront,2,30.442803049153223,36.68814887639866,0,0
2026-01-01 01:38:00,S0034,energy,residential,edge_residential,1,79.41908915675675,84.1269594697925,0,0
2026-01-01 01:38:00,S0035,traffic,industrial,edge_industrial,2,39.313046996216116,50.56439351405679,0,0
2026-01-01 01:38:00,S0036,air_quality,residential,edge_residential,1,20.974658883050502,57.11902269139775,0,0
2026-01-01 01:38:00,S0037,traffic,waterfront,edge_waterfront,2,30.477565919715293,43.98589324005855,0,0
2026-01-01 01:38:00,S0038,energy,industrial,edge_industrial,1,76.42973090693249,91.37872773941088,0,0
2026-01-01 01:38:00,S0039,traffic,residential,edge_residential,2,39.093283531229176,37.78036011715956,0,0
2026-01-01 01:39:00,S0000,energy,residential,edge_residential,1,86.20424135586403,95.67797258369785,0,0
2026-01-01 01:39:00,S0001,structure,industrial,edge_industrial,2,0.2195784716021829,21.916557538842923,0,0
2026-01-01 01:39:00,S0002,energy,waterfront,edge_waterfront,1,88.46944922254588,78.10862068127587,0,0
2026-01-01 01:39:00,S0003,traffic,waterfront,edge_waterfront,2,41.98140724937066,52.91133956983453,0,0
2026-01-01 01:39:00,S0004,traffic,downtown,edge_downtown,2,19.589214781658203,45.62409035905056,0,0
2026-01-01 01:39:00,S0005,structure,residential,edge_residential,2,0.21908787949596747,36.779803783753096,0,0
2026-01-01 01:39:00,S0006,traffic,waterfront,edge_waterfront,2,32.25045053022726,49.80939432194035,0,0
2026-01-01 01:39:00,S0007,energy,waterfront,edge_waterfront,1,152.4812864273748,105.73284456587027,1,0
2026-01-01 01:39:00,S0008,energy,transit,edge_transit,1,75.76545279606731,105.11896242193407,0,0
2026-01-01 01:39:00,S0009,air_quality,transit,edge_transit,1,16.0624065390656,68.49883651331426,0,0
2026-01-01 01:39:00,S0010,traffic,downtown,edge_downtown,2,31.551419868966306,47.701079046377785,0,0
2026-01-01 01:39:00,S0011,traffic,transit,edge_transit,2,31.2020059192703,42.404280482881425,0,0
2026-01-01 01:39:00,S0012,traffic,residential,edge_residential,2,30.203377139444907,38.01460571979658,0,0
2026-01-01 01:39:00,S0013,air_quality,downtown,edge_downtown,1,23.833194637685736,63.69754268599731,0,0
2026-01-01 01:39:00,S0014,air_quality,industrial,edge_industrial,1,23.18551938836151,48.264503273979656,0,0
2026-01-01 01:39:00,S0015,air_quality,residential,edge_residential,1,18.534793115023,38.85997687750087,0,0
2026-01-01 01:39:00,S0016,structure,transit,edge_transit,2,0.19405675431108008,38.97717927234185,0,0
2026-01-01 01:39:00,S0017,energy,residential,edge_residential,1,67.81422512305704,112.07499125859094,0,0
2026-01-01 01:39:00,S0018,energy,transit,edge_transit,1,65.04665561949231,70.29955235313855,0,0
2026-01-01 01:39:00,S0019,structure,waterfront,edge_waterfront,2,0.34546889959837956,57.80069271919447,1,0
2026-01-01 01:39:00,S0020,traffic,transit,edge_transit,2,47.395783218444606,35.579916983394696,0,0
2026-01-01 01:39:00,S0021,traffic,industrial,edge_industrial,2,39.19306123439709,38.12567658254449,0,0
2026-01-01 01:39:00,S0022,energy,transit,edge_transit,1,90.20495926873492,50.291791159131776,0,0
2026-01-01 01:39:00,S0023,traffic,residential,edge_residential,2,26.068361919712935,40.628660592132185,0,0
2026-01-01 01:39:00,S0024,traffic,downtown,edge_downtown,2,44.10960509457892,42.12456843996899,0,0
2026-01-01 01:39:00,S0025,air_quality,downtown,edge_downtown,1,19.12854833913763,89.4753150767292,0,0
2026-01-01 01:39:00,S0026,air_quality,transit,edge_transit,1,,43.74614715700821,0,1
2026-01-01 01:39:00,S0027,structure,industrial,edge_industrial,2,0.22775432336314821,41.062160851163384,0,0
2026-01-01 01:39:00,S0028,energy,residential,edge_residential,1,73.70290464398047,63.44237311843587,0,0
2026-01-01 01:39:00,S0029,air_quality,industrial,edge_industrial,1,21.737412423405356,71.6359568385249,0,0
2026-01-01 01:39:00,S0030,air_quality,industrial,edge_industrial,1,16.64193955827306,70.80115050169559,0,0
2026-01-01 01:39:00,S0031,traffic,downtown,edge_downtown,2,32.29627591518474,46.6019768690705,0,0
2026-01-01 01:39:00,S0032,traffic,industrial,edge_industrial,2,37.456299325921215,47.36887612688325,0,0
2026-01-01 01:39:00,S0033,traffic,waterfront,edge_waterfront,2,36.05856347415126,40.86530524954588,0,0
2026-01-01 01:39:00,S0034,energy,residential,edge_residential,1,76.73070740145785,91.3472641411559,0,0
2026-01-01 01:39:00,S0035,traffic,industrial,edge_industrial,2,35.16345130756111,52.13894346728569,0,0
2026-01-01 01:39:00,S0036,air_quality,residential,edge_residential,1,18.684262802905405,80.72295473299016,0,0
2026-01-01 01:39:00,S0037,traffic,waterfront,edge_waterfront,2,27.97058806397797,47.05919485588536,0,0
2026-01-01 01:39:00,S0038,energy,industrial,edge_industrial,1,73.44576238953903,86.10842496914721,0,0
2026-01-01 01:39:00,S0039,traffic,residential,edge_residential,2,36.24984762947285,45.337813463633736,0,0
2026-01-01 01:40:00,S0000,energy,residential,edge_residential,1,72.31187462860021,84.42120285825092,0,0
2026-01-01 01:40:00,S0001,structure,industrial,edge_industrial,2,0.19846473928212996,34.26563855022854,0,0
2026-01-01 01:40:00,S0002,energy,waterfront,edge_waterfront,1,74.24177532165972,50.46096936901469,0,0
2026-01-01 01:40:00,S0003,traffic,waterfront,edge_waterfront,2,46.60510493052234,84.64686626184485,0,0
2026-01-01 01:40:00,S0004,traffic,downtown,edge_downtown,2,30.570460220237855,39.644256281510266,0,0
2026-01-01 01:40:00,S0005,structure,residential,edge_residential,2,0.32434658183263243,43.889309837897294,0,0
2026-01-01 01:40:00,S0006,traffic,waterfront,edge_waterfront,2,34.530681484227976,36.78226535908517,0,0
2026-01-01 01:40:00,S0007,energy,waterfront,edge_waterfront,1,151.68608536272126,91.79557511113953,1,0
2026-01-01 01:40:00,S0008,energy,transit,edge_transit,1,80.54268295857221,87.05047726391982,0,0
2026-01-01 01:40:00,S0009,air_quality,transit,edge_transit,1,21.11907231383984,61.470578349011355,0,0
2026-01-01 01:40:00,S0010,traffic,downtown,edge_downtown,2,28.073985225930173,33.388792978919994,0,0
2026-01-01 01:40:00,S0011,traffic,transit,edge_transit,2,34.809835825585715,32.86314707601908,0,0
2026-01-01 01:40:00,S0012,traffic,residential,edge_residential,2,44.55825794369296,66.60825230362646,0,0
2026-01-01 01:40:00,S0013,air_quality,downtown,edge_downtown,1,19.987926215101954,71.94956206291988,0,0
2026-01-01 01:40:00,S0014,air_quality,industrial,edge_industrial,1,19.819877452891777,73.0683241109107,0,0
2026-01-01 01:40:00,S0015,air_quality,residential,edge_residential,1,22.243748034943287,48.208239617697636,0,0
2026-01-01 01:40:00,S0016,structure,transit,edge_transit,2,0.24531006222330892,29.677176438376584,0,0
2026-01-01 01:40:00,S0017,energy,residential,edge_residential,1,74.98828665518403,86.53191738318638,0,0
2026-01-01 01:40:00,S0018,energy,transit,edge_transit,1,73.26396388347857,72.11151005506792,0,0
2026-01-01 01:40:00,S0019,structure,waterfront,edge_waterfront,2,0.3359848823092942,32.4225113485644,0,0
2026-01-01 01:40:00,S0020,traffic,transit,edge_transit,2,25.557241172169423,31.075082446585625,0,0
2026-01-01 01:40:00,S0021,traffic,industrial,edge_industrial,2,,43.58654336072573,0,1
2026-01-01 01:40:00,S0022,energy,transit,edge_transit,1,79.30491390104596,105.12675036926842,0,0
2026-01-01 01:40:00,S0023,traffic,residential,edge_residential,2,40.404681096389695,39.58718746643161,0,0
2026-01-01 01:40:00,S0024,traffic,downtown,edge_downtown,2,39.50737651235333,17.051001517989462,0,0
2026-01-01 01:40:00,S0025,air_quality,downtown,edge_downtown,1,15.741181825936039,65.04298819036728,0,0
2026-01-01 01:40:00,S0026,air_quality,transit,edge_transit,1,22.18121884093282,75.239742305543,0,0
2026-01-01 01:40:00,S0027,structure,industrial,edge_industrial,2,0.2304868404715307,52.68414823013638,0,0
2026-01-01 01:40:00,S0028,energy,residential,edge_residential,1,69.71068156157777,84.46051317651501,0,0
2026-01-01 01:40:00,S0029,air_quality,industrial,edge_industrial,1,21.806606464968986,54.621716859434635,0,0
2026-01-01 01:40:00,S0030,air_quality,industrial,edge_industrial,1,21.061516830475092,68.56710277797646,0,0
2026-01-01 01:40:00,S0031,traffic,downtown,edge_downtown,2,33.37463959382237,49.06053804730625,0,0
2026-01-01 01:40:00,S0032,traffic,industrial,edge_industrial,2,42.68077501932647,49.829983659387835,0,0
2026-01-01 01:40:00,S0033,traffic,waterfront,edge_waterfront,2,33.44092877135038,42.29863185431666,0,0
2026-01-01 01:40:00,S0034,energy,residential,edge_residential,1,69.76616945229918,108.25637298583507,0,0
2026-01-01 01:40:00,S0035,traffic,industrial,edge_industrial,2,38.62114067741475,37.22525437908047,0,0
2026-01-01 01:40:00,S0036,air_quality,residential,edge_residential,1,22.332331963086492,45.04454427385076,0,0
2026-01-01 01:40:00,S0037,traffic,waterfront,edge_waterfront,2,37.65745644328193,47.236181708246825,0,0
2026-01-01 01:40:00,S0038,energy,industrial,edge_industrial,1,85.12983319175983,43.390108279501185,0,0
2026-01-01 01:40:00,S0039,traffic,residential,edge_residential,2,27.259270924613006,28.717735733262984,0,0
2026-01-01 01:41:00,S0000,energy,residential,edge_residential,1,70.07396837278094,75.83886333281134,0,0
2026-01-01 01:41:00,S0001,structure,industrial,edge_industrial,2,0.25250048709996614,34.0615342220324,0,0
2026-01-01 01:41:00,S0002,energy,waterfront,edge_waterfront,1,72.7444470945161,43.35252315319202,0,0
2026-01-01 01:41:00,S0003,traffic,waterfront,edge_waterfront,2,36.577147066376014,48.910863649644554,0,0
2026-01-01 01:41:00,S0004,traffic,downtown,edge_downtown,2,,45.26403215665966,0,1
2026-01-01 01:41:00,S0005,structure,residential,edge_residential,2,0.2587859093421695,54.7661546763654,0,0
2026-01-01 01:41:00,S0006,traffic,waterfront,edge_waterfront,2,34.8689387438339,32.811222901005564,0,0
2026-01-01 01:41:00,S0007,energy,waterfront,edge_waterfront,1,78.47559698976714,63.35918891104538,0,0
2026-01-01 01:41:00,S0008,energy,transit,edge_transit,1,69.76589996874964,77.67889414311085,0,0
2026-01-01 01:41:00,S0009,air_quality,transit,edge_transit,1,19.049643543385155,82.52378380182566,0,0
2026-01-01 01:41:00,S0010,traffic,downtown,edge_downtown,2,31.966644554087758,37.80683505020757,0,0
2026-01-01 01:41:00,S0011,traffic,transit,edge_transit,2,33.39252621930884,45.57948432305982,0,0
2026-01-01 01:41:00,S0012,traffic,residential,edge_residential,2,29.223677246734802,29.021204477753052,0,0
2026-01-01 01:41:00,S0013,air_quality,downtown,edge_downtown,1,21.30655565404564,42.390056052017805,0,0
2026-01-01 01:41:00,S0014,air_quality,industrial,edge_industrial,1,24.716448951328395,45.47109456195054,0,0
2026-01-01 01:41:00,S0015,air_quality,residential,edge_residential,1,22.70257160412947,66.61807510373126,0,0
2026-01-01 01:41:00,S0016,structure,transit,edge_transit,2,0.27106461547912486,39.95777271124658,0,0
2026-01-01 01:41:00,S0017,energy,residential,edge_residential,1,69.76972839793467,75.65744957212108,0,0
2026-01-01 01:41:00,S0018,energy,transit,edge_transit,1,73.99112181130033,81.69515375685617,0,0
2026-01-01 01:41:00,S0019,structure,waterfront,edge_waterfront,2,0.28894027304158015,39.17829043525425,0,0
2026-01-01 01:41:00,S0020,traffic,transit,edge_transit,2,23.94613376954262,46.9352287807855,0,0
2026-01-01 01:41:00,S0021,traffic,industrial,edge_industrial,2,39.810688133136054,42.098318746320714,0,0
2026-01-01 01:41:00,S0022,energy,transit,edge_transit,1,72.94186162430314,120.85509409631402,0,0
2026-01-01 01:41:00,S0023,traffic,residential,edge_residential,2,36.42282801737285,37.25169621713541,0,0
2026-01-01 01:41:00,S0024,traffic,downtown,edge_downtown,2,34.653532877821064,48.81110224192363,0,0
2026-01-01 01:41:00,S0025,air_quality,downtown,edge_downtown,1,25.101506929253226,78.10922951808757,0,0
2026-01-01 01:41:00,S0026,air_quality,transit,edge_transit,1,19.96981248369926,82.31872752523472,0,0
2026-01-01 01:41:00,S0027,structure,industrial,edge_industrial,2,0.24773164902157133,47.04884572843558,0,0
2026-01-01 01:41:00,S0028,energy,residential,edge_residential,1,79.06206250400166,58.38038792809158,0,0
2026-01-01 01:41:00,S0029,air_quality,industrial,edge_industrial,1,19.500054392104545,61.3804540837308,0,0
2026-01-01 01:41:00,S0030,air_quality,industrial,edge_industrial,1,15.93258821634145,49.12220888982111,0,0
2026-01-01 01:41:00,S0031,traffic,downtown,edge_downtown,2,34.49583567846086,43.14464818750992,0,0
2026-01-01 01:41:00,S0032,traffic,industrial,edge_industrial,2,30.124847586235912,32.88173538703746,0,0
2026-01-01 01:41:00,S0033,traffic,waterfront,edge_waterfront,2,28.23184893142519,49.145329960353564,0,0
2026-01-01 01:41:00,S0034,energy,residential,edge_residential,1,72.71378391406041,58.71141365040514,0,0
2026-01-01 01:41:00,S0035,traffic,industrial,edge_industrial,2,42.209435013452826,52.158062109955424,0,0
2026-01-01 01:41:00,S0036,air_quality,residential,edge_residential,1,18.30068737494885,83.38919480075695,0,0
2026-01-01 01:41:00,S0037,traffic,waterfront,edge_waterfront,2,33.450443687452704,59.21012905643218,0,0
2026-01-01 01:41:00,S0038,energy,industrial,edge_industrial,1,136.84893795802026,68.92211885500073,1,0
2026-01-01 01:41:00,S0039,traffic,residential,edge_residential,2,32.877867440271864,40.18319548237927,0,0
2026-01-01 01:42:00,S0000,energy,residential,edge_residential,1,78.48162444757465,69.17611428246559,0,0
2026-01-01 01:42:00,S0001,structure,industrial,edge_industrial,2,0.22163519911704338,39.63183886692402,0,0
2026-01-01 01:42:00,S0002,energy,waterfront,edge_waterfront,1,78.48999883285433,86.96517101390282,0,0
2026-01-01 01:42:00,S0003,traffic,waterfront,edge_waterfront,2,36.03756340350446,42.435597945009725,0,0
2026-01-01 01:42:00,S0004,traffic,downtown,edge_downtown,2,33.872017945122536,54.548644572320384,0,0
2026-01-01 01:42:00,S0005,structure,residential,edge_residential,2,0.2209122646371203,29.461735822466274,0,0
2026-01-01 01:42:00,S0006,traffic,waterfront,edge_waterfront,2,34.058044313119304,42.177843400940226,0,0
2026-01-01 01:42:00,S0007,energy,waterfront,edge_waterfront,1,79.19631038079118,99.48185328719968,0,0
2026-01-01 01:42:00,S0008,energy,transit,edge_transit,1,88.264431451746,41.342446489676675,0,0
2026-01-01 01:42:00,S0009,air_quality,transit,edge_transit,1,21.232750069387468,80.74938818851749,0,0
2026-01-01 01:42:00,S0010,traffic,downtown,edge_downtown,2,46.23652943985985,34.714161568769995,0,0
2026-01-01 01:42:00,S0011,traffic,transit,edge_transit,2,35.95434763875007,39.99672893742359,0,0
2026-01-01 01:42:00,S0012,traffic,residential,edge_residential,2,40.0079332032167,43.24419154298387,0,0
2026-01-01 01:42:00,S0013,air_quality,downtown,edge_downtown,1,23.351024126034464,59.64427464253921,0,0
2026-01-01 01:42:00,S0014,air_quality,industrial,edge_industrial,1,21.425700416598815,80.89759258576349,0,0
2026-01-01 01:42:00,S0015,air_quality,residential,edge_residential,1,22.063106478552015,73.33346383686128,0,0
2026-01-01 01:42:00,S0016,structure,transit,edge_transit,2,0.13989736213403292,30.626042365498854,0,0
2026-01-01 01:42:00,S0017,energy,residential,edge_residential,1,79.10421358758309,97.6285864592075,0,0
2026-01-01 01:42:00,S0018,energy,transit,edge_transit,1,75.61061367197274,74.7584896579195,0,0
2026-01-01 01:42:00,S0019,structure,waterfront,edge_waterfront,2,0.20758516624661227,34.2480269077337,0,0
2026-01-01 01:42:00,S0020,traffic,transit,edge_transit,2,24.611426086532298,48.19647672080444,0,0
2026-01-01 01:42:00,S0021,traffic,industrial,edge_industrial,2,32.71591279155437,41.416620586193865,0,0
2026-01-01 01:42:00,S0022,energy,transit,edge_transit,1,78.73706088954009,87.48889607403838,0,0
2026-01-01 01:42:00,S0023,traffic,residential,edge_residential,2,30.08821142066225,38.499389627172654,0,0
2026-01-01 01:42:00,S0024,traffic,downtown,edge_downtown,2,42.25051264634356,29.075472345869343,0,0
2026-01-01 01:42:00,S0025,air_quality,downtown,edge_downtown,1,14.866341106787392,71.44604643602577,0,0
2026-01-01 01:42:00,S0026,air_quality,transit,edge_transit,1,17.093059131197375,19.81008214374878,0,0
2026-01-01 01:42:00,S0027,structure,industrial,edge_industrial,2,0.20026118250070382,34.15090538768218,0,0
2026-01-01 01:42:00,S0028,energy,residential,edge_residential,1,66.49479794433343,97.86487381235233,0,0
2026-01-01 01:42:00,S0029,air_quality,industrial,edge_industrial,1,18.25845963262239,58.17739350512774,0,0
2026-01-01 01:42:00,S0030,air_quality,industrial,edge_industrial,1,19.184918350020126,80.79539387138702,0,0
2026-01-01 01:42:00,S0031,traffic,downtown,edge_downtown,2,34.49098551745333,42.609772872112124,0,0
2026-01-01 01:42:00,S0032,traffic,industrial,edge_industrial,2,37.46961001817204,38.44669869592291,0,0
2026-01-01 01:42:00,S0033,traffic,waterfront,edge_waterfront,2,43.973245877103096,38.038643673936086,0,0
2026-01-01 01:42:00,S0034,energy,residential,edge_residential,1,78.9013864045114,84.06593926275895,0,0
2026-01-01 01:42:00,S0035,traffic,industrial,edge_industrial,2,80.09501189672946,48.96078298154639,1,0
2026-01-01 01:42:00,S0036,air_quality,residential,edge_residential,1,21.0635296900802,36.54822828982556,0,0
2026-01-01 01:42:00,S0037,traffic,waterfront,edge_waterfront,2,43.37526619936502,39.48225461419702,0,0
2026-01-01 01:42:00,S0038,energy,industrial,edge_industrial,1,76.70854273481734,79.83737905482451,0,0
2026-01-01 01:42:00,S0039,traffic,residential,edge_residential,2,33.22529887364463,38.20737842057691,0,0
2026-01-01 01:43:00,S0000,energy,residential,edge_residential,1,84.96031205840548,75.74970594760528,0,0
2026-01-01 01:43:00,S0001,structure,industrial,edge_industrial,2,0.19773336258454582,33.70450604995122,0,0
2026-01-01 01:43:00,S0002,energy,waterfront,edge_waterfront,1,67.15888771394403,95.41684530924047,0,0
2026-01-01 01:43:00,S0003,traffic,waterfront,edge_waterfront,2,40.05564251149964,30.848199909953692,0,0
2026-01-01 01:43:00,S0004,traffic,downtown,edge_downtown,2,35.92006548148893,20.52447200310408,0,0
2026-01-01 01:43:00,S0005,structure,residential,edge_residential,2,0.23294596252734986,43.46323090670734,0,0
2026-01-01 01:43:00,S0006,traffic,waterfront,edge_waterfront,2,34.90417493842069,15.562235269403732,0,0
2026-01-01 01:43:00,S0007,energy,waterfront,edge_waterfront,1,78.61072710246194,117.69827798943982,0,0
2026-01-01 01:43:00,S0008,energy,transit,edge_transit,1,83.45685697495007,99.7239048653878,0,0
2026-01-01 01:43:00,S0009,air_quality,transit,edge_transit,1,22.562265566648737,94.35847718072672,0,0
2026-01-01 01:43:00,S0010,traffic,downtown,edge_downtown,2,31.949900402224046,48.15658386085733,0,0
2026-01-01 01:43:00,S0011,traffic,transit,edge_transit,2,29.23247469665575,48.37808767890599,0,0
2026-01-01 01:43:00,S0012,traffic,residential,edge_residential,2,36.29893019754769,45.06557775666546,0,0
2026-01-01 01:43:00,S0013,air_quality,downtown,edge_downtown,1,19.005698784348507,50.1255883699794,0,0
2026-01-01 01:43:00,S0014,air_quality,industrial,edge_industrial,1,22.826380017526073,56.189647228694966,0,0
2026-01-01 01:43:00,S0015,air_quality,residential,edge_residential,1,34.45029157208036,58.98566018254997,1,0
2026-01-01 01:43:00,S0016,structure,transit,edge_transit,2,0.26181922838037,13.049688367334035,0,0
2026-01-01 01:43:00,S0017,energy,residential,edge_residential,1,82.38319191784576,63.0061994121567,0,0
2026-01-01 01:43:00,S0018,energy,transit,edge_transit,1,67.24179712437198,95.77434348448249,0,0
2026-01-01 01:43:00,S0019,structure,waterfront,edge_waterfront,2,0.22181752981240757,34.073489689499,0,0
2026-01-01 01:43:00,S0020,traffic,transit,edge_transit,2,29.383079970863164,56.47052318165133,0,0
2026-01-01 01:43:00,S0021,traffic,industrial,edge_industrial,2,36.60302851848338,20.979291394098585,0,0
2026-01-01 01:43:00,S0022,energy,transit,edge_transit,1,74.52756747478607,102.54350467584166,0,0
2026-01-01 01:43:00,S0023,traffic,residential,edge_residential,2,38.32598652996537,35.904739701675844,0,0
2026-01-01 01:43:00,S0024,traffic,downtown,edge_downtown,2,32.93938936848904,56.58466252031855,0,0
2026-01-01 01:43:00,S0025,air_quality,downtown,edge_downtown,1,19.98438395485498,114.76058575019175,0,0
2026-01-01 01:43:00,S0026,air_quality,transit,edge_transit,1,16.289992671432255,45.26261695715344,0,0
2026-01-01 01:43:00,S0027,structure,industrial,edge_industrial,2,0.2508635601012074,44.04969950048108,0,0
2026-01-01 01:43:00,S0028,energy,residential,edge_residential,1,75.84267894572892,47.28411575722545,0,0
2026-01-01 01:43:00,S0029,air_quality,industrial,edge_industrial,1,21.062584376681148,40.94225225491412,0,0
2026-01-01 01:43:00,S0030,air_quality,industrial,edge_industrial,1,43.65838782594526,55.149196501049964,1,0
2026-01-01 01:43:00,S0031,traffic,downtown,edge_downtown,2,31.539809584251465,25.50117330848582,0,0
2026-01-01 01:43:00,S0032,traffic,industrial,edge_industrial,2,39.6663002444609,50.125070646087934,0,0
2026-01-01 01:43:00,S0033,traffic,waterfront,edge_waterfront,2,33.652628002572804,42.65906322345574,0,0
2026-01-01 01:43:00,S0034,energy,residential,edge_residential,1,86.82457311712292,76.81770134512473,0,0
2026-01-01 01:43:00,S0035,traffic,industrial,edge_industrial,2,38.32588939799349,25.418718282424454,0,0
2026-01-01 01:43:00,S0036,air_quality,residential,edge_residential,1,18.967855260849053,51.968038629681395,0,0
2026-01-01 01:43:00,S0037,traffic,waterfront,edge_waterfront,2,32.405373967764795,48.131352805146534,0,0
2026-01-01 01:43:00,S0038,energy,industrial,edge_industrial,1,78.64788322314816,107.75487499610601,0,0
2026-01-01 01:43:00,S0039,traffic,residential,edge_residential,2,32.987832045484765,51.97104700194113,0,0
2026-01-01 01:44:00,S0000,energy,residential,edge_residential,1,67.85142138694894,68.98541175183725,0,0
2026-01-01 01:44:00,S0001,structure,industrial,edge_industrial,2,0.1994087964419396,33.12476142721059,0,0
2026-01-01 01:44:00,S0002,energy,waterfront,edge_waterfront,1,68.45409531264268,96.0687096418419,0,0
2026-01-01 01:44:00,S0003,traffic,waterfront,edge_waterfront,2,35.1202289474639,52.66293479153349,0,0
2026-01-01 01:44:00,S0004,traffic,downtown,edge_downtown,2,39.632832401089516,40.977531282411455,0,0
2026-01-01 01:44:00,S0005,structure,residential,edge_residential,2,0.20944490693960688,57.43799443228826,0,0
2026-01-01 01:44:00,S0006,traffic,waterfront,edge_waterfront,2,28.13020412345481,46.37946319899825,0,0
2026-01-01 01:44:00,S0007,energy,waterfront,edge_waterfront,1,88.28878267456658,97.07142934055358,0,0
2026-01-01 01:44:00,S0008,energy,transit,edge_transit,1,82.49067632692302,65.51140906668192,0,0
2026-01-01 01:44:00,S0009,air_quality,transit,edge_transit,1,18.398511081172064,34.09035348799274,0,0
2026-01-01 01:44:00,S0010,traffic,downtown,edge_downtown,2,49.801265361588165,28.601238688033717,0,0
2026-01-01 01:44:00,S0011,traffic,transit,edge_transit,2,37.33037456926357,37.20937527449414,0,0
2026-01-01 01:44:00,S0012,traffic,residential,edge_residential,2,36.61237201649176,43.35549283850517,0,0
2026-01-01 01:44:00,S0013,air_quality,downtown,edge_downtown,1,32.540989248576636,57.94117935090048,1,0
2026-01-01 01:44:00,S0014,air_quality,industrial,edge_industrial,1,17.617770510599687,61.434341325269045,0,0
2026-01-01 01:44:00,S0015,air_quality,residential,edge_residential,1,20.187743438713166,69.76575379517088,0,0
2026-01-01 01:44:00,S0016,structure,transit,edge_transit,2,0.3162600215288616,39.14390984187567,0,0
2026-01-01 01:44:00,S0017,energy,residential,edge_residential,1,75.15612070455965,94.33750284124878,0,0
2026-01-01 01:44:00,S0018,energy,transit,edge_transit,1,70.85175161596497,22.088249496565098,0,0
2026-01-01 01:44:00,S0019,structure,waterfront,edge_waterfront,2,0.22660051360567268,10.356169287430859,0,0
2026-01-01 01:44:00,S0020,traffic,transit,edge_transit,2,32.25913988118886,39.91016879130527,0,0
2026-01-01 01:44:00,S0021,traffic,industrial,edge_industrial,2,29.962365924178425,52.04937339542051,0,0
2026-01-01 01:44:00,S0022,energy,transit,edge_transit,1,,49.37558943999119,1,1
2026-01-01 01:44:00,S0023,traffic,residential,edge_residential,2,21.674948935283723,37.02489999594821,0,0
2026-01-01 01:44:00,S0024,traffic,downtown,edge_downtown,2,,53.33563872506542,0,1
2026-01-01 01:44:00,S0025,air_quality,downtown,edge_downtown,1,16.31156022254558,53.50454562432231,0,0
2026-01-01 01:44:00,S0026,air_quality,transit,edge_transit,1,17.85180084901303,70.38702077199825,0,0
2026-01-01 01:44:00,S0027,structure,industrial,edge_industrial,2,0.313785130333219,43.56800115291563,0,0
2026-01-01 01:44:00,S0028,energy,residential,edge_residential,1,76.77268698920605,103.98422492989766,0,0
2026-01-01 01:44:00,S0029,air_quality,industrial,edge_industrial,1,21.832866279729455,63.767033415809635,0,0
2026-01-01 01:44:00,S0030,air_quality,industrial,edge_industrial,1,22.321908271926823,62.06878143652968,0,0
2026-01-01 01:44:00,S0031,traffic,downtown,edge_downtown,2,32.217207449870095,28.40538826416121,0,0
2026-01-01 01:44:00,S0032,traffic,industrial,edge_industrial,2,26.387562367269595,40.545997799024406,0,0
2026-01-01 01:44:00,S0033,traffic,waterfront,edge_waterfront,2,,38.843501320809416,0,1
2026-01-01 01:44:00,S0034,energy,residential,edge_residential,1,,93.23222560851606,0,1
2026-01-01 01:44:00,S0035,traffic,industrial,edge_industrial,2,36.11861054112762,57.13005497864037,0,0
2026-01-01 01:44:00,S0036,air_quality,residential,edge_residential,1,19.35833705172761,70.0529269748604,0,0
2026-01-01 01:44:00,S0037,traffic,waterfront,edge_waterfront,2,37.923083098853056,32.27669860410557,0,0
2026-01-01 01:44:00,S0038,energy,industrial,edge_industrial,1,80.89804197566016,84.02532247106898,0,0
2026-01-01 01:44:00,S0039,traffic,residential,edge_residential,2,37.57769314242674,54.375595691626714,0,0
2026-01-01 01:45:00,S0000,energy,residential,edge_residential,1,75.38319926377743,94.89816717116068,0,0
2026-01-01 01:45:00,S0001,structure,industrial,edge_industrial,2,0.2304434565330606,45.43826177283959,0,0
2026-01-01 01:45:00,S0002,energy,waterfront,edge_waterfront,1,73.63645015287246,54.25656473072283,0,0
2026-01-01 01:45:00,S0003,traffic,waterfront,edge_waterfront,2,34.71438571088559,24.070271755677037,0,0
2026-01-01 01:45:00,S0004,traffic,downtown,edge_downtown,2,38.11515388405417,37.947012193365836,0,0
2026-01-01 01:45:00,S0005,structure,residential,edge_residential,2,0.2687152726569018,38.33875208297008,0,0
2026-01-01 01:45:00,S0006,traffic,waterfront,edge_waterfront,2,21.16172777554693,52.04201154235389,0,0
2026-01-01 01:45:00,S0007,energy,waterfront,edge_waterfront,1,77.8004866308928,112.61244072668441,0,0
2026-01-01 01:45:00,S0008,energy,transit,edge_transit,1,73.29558758232959,71.37483006106478,0,0
2026-01-01 01:45:00,S0009,air_quality,transit,edge_transit,1,20.849031077097465,69.64472963878761,0,0
2026-01-01 01:45:00,S0010,traffic,downtown,edge_downtown,2,34.983857823917866,40.62144186865767,0,0
2026-01-01 01:45:00,S0011,traffic,transit,edge_transit,2,24.52918775273249,47.16321516115771,0,0
2026-01-01 01:45:00,S0012,traffic,residential,edge_residential,2,40.71115421514103,42.038835772732924,0,0
2026-01-01 01:45:00,S0013,air_quality,downtown,edge_downtown,1,15.896882718945465,76.0550825418478,0,0
2026-01-01 01:45:00,S0014,air_quality,industrial,edge_industrial,1,18.409184229472828,89.72906531418603,0,0
2026-01-01 01:45:00,S0015,air_quality,residential,edge_residential,1,22.54864698367755,70.06984999790326,0,0
2026-01-01 01:45:00,S0016,structure,transit,edge_transit,2,0.19916830771799118,21.735156974786115,0,0
2026-01-01 01:45:00,S0017,energy,residential,edge_residential,1,79.5063175186877,107.89853816597008,0,0
2026-01-01 01:45:00,S0018,energy,transit,edge_transit,1,75.72185359350685,44.03249292732553,0,0
2026-01-01 01:45:00,S0019,structure,waterfront,edge_waterfront,2,0.22503584089359294,45.98966132438781,0,0
2026-01-01 01:45:00,S0020,traffic,transit,edge_transit,2,25.61731717949374,33.86098742021772,0,0
2026-01-01 01:45:00,S0021,traffic,industrial,edge_industrial,2,41.36084809208916,46.32833292469198,0,0
2026-01-01 01:45:00,S0022,energy,transit,edge_transit,1,73.17825275798077,55.47015621981778,0,0
2026-01-01 01:45:00,S0023,traffic,residential,edge_residential,2,29.07789668167667,42.3911127036972,0,0
2026-01-01 01:45:00,S0024,traffic,downtown,edge_downtown,2,36.27352180903128,21.837612675642355,0,0
2026-01-01 01:45:00,S0025,air_quality,downtown,edge_downtown,1,20.31987242898363,88.00782811686287,0,0
2026-01-01 01:45:00,S0026,air_quality,transit,edge_transit,1,18.847384742905852,38.6467008391172,0,0
2026-01-01 01:45:00,S0027,structure,industrial,edge_industrial,2,0.3146547883749976,34.593487281807555,0,0
2026-01-01 01:45:00,S0028,energy,residential,edge_residential,1,196.636661676659,76.60764615038583,1,0
2026-01-01 01:45:00,S0029,air_quality,industrial,edge_industrial,1,19.905021905080222,69.8979298556833,0,0
2026-01-01 01:45:00,S0030,air_quality,industrial,edge_industrial,1,16.773460112993217,101.67057269694443,0,0
2026-01-01 01:45:00,S0031,traffic,downtown,edge_downtown,2,40.640819360904764,34.671290997139664,0,0
2026-01-01 01:45:00,S0032,traffic,industrial,edge_industrial,2,31.561401511994006,25.228444461579134,0,0
2026-01-01 01:45:00,S0033,traffic,waterfront,edge_waterfront,2,32.80784890147171,43.63740719446723,0,0
2026-01-01 01:45:00,S0034,energy,residential,edge_residential,1,72.27031759996271,107.46386392316414,0,0
2026-01-01 01:45:00,S0035,traffic,industrial,edge_industrial,2,35.78502745702629,31.981777604494685,0,0
2026-01-01 01:45:00,S0036,air_quality,residential,edge_residential,1,17.813417299778504,88.93021231544093,0,0
2026-01-01 01:45:00,S0037,traffic,waterfront,edge_waterfront,2,39.45678266780907,57.57890670515951,0,0
2026-01-01 01:45:00,S0038,energy,industrial,edge_industrial,1,83.45101209717998,68.00694843360145,0,0
2026-01-01 01:45:00,S0039,traffic,residential,edge_residential,2,35.98986156796301,32.549833755530805,0,0
2026-01-01 01:46:00,S0000,energy,residential,edge_residential,1,72.90065187303772,72.03692694617116,0,0
2026-01-01 01:46:00,S0001,structure,industrial,edge_industrial,2,0.17594745648374252,39.691831395692915,0,0
2026-01-01 01:46:00,S0002,energy,waterfront,edge_waterfront,1,73.57463635732996,100.74687684886337,0,0
2026-01-01 01:46:00,S0003,traffic,waterfront,edge_waterfront,2,29.791011480073216,33.05974014218911,0,0
2026-01-01 01:46:00,S0004,traffic,downtown,edge_downtown,2,34.39307272061936,39.18276892795037,0,0
2026-01-01 01:46:00,S0005,structure,residential,edge_residential,2,0.3127832917498192,51.379328253074625,0,0
2026-01-01 01:46:00,S0006,traffic,waterfront,edge_waterfront,2,37.593030460816095,43.03857121793604,0,0
2026-01-01 01:46:00,S0007,energy,waterfront,edge_waterfront,1,69.0979059148366,65.6600639167785,0,0
2026-01-01 01:46:00,S0008,energy,transit,edge_transit,1,87.70382422840173,85.46899264193948,0,0
2026-01-01 01:46:00,S0009,air_quality,transit,edge_transit,1,22.532354218897773,57.558449493643636,0,0
2026-01-01 01:46:00,S0010,traffic,downtown,edge_downtown,2,33.8885319401146,42.50806156551752,0,0
2026-01-01 01:46:00,S0011,traffic,transit,edge_transit,2,32.90709026464346,58.282489454695536,0,0
2026-01-01 01:46:00,S0012,traffic,residential,edge_residential,2,39.636361494942626,36.13922468556971,0,0
2026-01-01 01:46:00,S0013,air_quality,downtown,edge_downtown,1,21.034593699270008,63.381165756677916,0,0
2026-01-01 01:46:00,S0014,air_quality,industrial,edge_industrial,1,18.41729309908805,80.97202027302978,0,0
2026-01-01 01:46:00,S0015,air_quality,residential,edge_residential,1,22.31580906283127,69.65280455382856,0,0
2026-01-01 01:46:00,S0016,structure,transit,edge_transit,2,0.30025421162372656,32.092683192420424,0,0
2026-01-01 01:46:00,S0017,energy,residential,edge_residential,1,75.49877807101879,105.70748669574564,0,0
2026-01-01 01:46:00,S0018,energy,transit,edge_transit,1,80.26686122081075,35.82116963339602,0,0
2026-01-01 01:46:00,S0019,structure,waterfront,edge_waterfront,2,0.22755235418913466,16.858183939000316,0,0
2026-01-01 01:46:00,S0020,traffic,transit,edge_transit,2,34.23317571925192,57.81702790349898,0,0
2026-01-01 01:46:00,S0021,traffic,industrial,edge_industrial,2,24.93254707150048,42.75196056951544,0,0
2026-01-01 01:46:00,S0022,energy,transit,edge_transit,1,73.56082911387999,70.92042511977412,0,0
2026-01-01 01:46:00,S0023,traffic,residential,edge_residential,2,36.80002515300563,35.172204134836115,0,0
2026-01-01 01:46:00,S0024,traffic,downtown,edge_downtown,2,32.687259306090155,45.587692728931515,0,0
2026-01-01 01:46:00,S0025,air_quality,downtown,edge_downtown,1,,64.14408112700016,0,1
2026-01-01 01:46:00,S0026,air_quality,transit,edge_transit,1,18.27506202079818,65.32544874159393,0,0
2026-01-01 01:46:00,S0027,structure,industrial,edge_industrial,2,0.762251087323037,32.50118124475996,1,0
2026-01-01 01:46:00,S0028,energy,residential,edge_residential,1,76.53555494942385,66.00677166819038,0,0
2026-01-01 01:46:00,S0029,air_quality,industrial,edge_industrial,1,19.220382106415567,66.71463263916523,0,0
2026-01-01 01:46:00,S0030,air_quality,industrial,edge_industrial,1,20.559670173679674,51.10601799551306,0,0
2026-01-01 01:46:00,S0031,traffic,downtown,edge_downtown,2,42.54702531434074,37.01114227325864,0,0
2026-01-01 01:46:00,S0032,traffic,industrial,edge_industrial,2,27.01540030667676,46.739586695028784,0,0
2026-01-01 01:46:00,S0033,traffic,waterfront,edge_waterfront,2,39.89164973842163,55.44243767963001,0,0
2026-01-01 01:46:00,S0034,energy,residential,edge_residential,1,72.45994631047348,66.45758797495357,0,0
2026-01-01 01:46:00,S0035,traffic,industrial,edge_industrial,2,39.74327056079899,41.19064472187317,0,0
2026-01-01 01:46:00,S0036,air_quality,residential,edge_residential,1,23.28384465917579,111.85418923521304,0,0
2026-01-01 01:46:00,S0037,traffic,waterfront,edge_waterfront,2,35.26045378077231,38.75876769719502,0,0
2026-01-01 01:46:00,S0038,energy,industrial,edge_industrial,1,75.8072238823284,87.26794055933972,0,0
2026-01-01 01:46:00,S0039,traffic,residential,edge_residential,2,31.964916792221274,58.043921845979845,0,0
2026-01-01 01:47:00,S0000,energy,residential,edge_residential,1,66.18535976959714,71.17696975979885,0,0
2026-01-01 01:47:00,S0001,structure,industrial,edge_industrial,2,0.19615395603243516,26.919541786443556,0,0
2026-01-01 01:47:00,S0002,energy,waterfront,edge_waterfront,1,77.18281225047835,69.31685368863447,0,0
2026-01-01 01:47:00,S0003,traffic,waterfront,edge_waterfront,2,39.98508799582268,45.28329667399553,0,0
2026-01-01 01:47:00,S0004,traffic,downtown,edge_downtown,2,35.144698798839826,21.58971037637734,0,0
2026-01-01 01:47:00,S0005,structure,residential,edge_residential,2,0.24451777359975696,13.654864447990619,0,0
2026-01-01 01:47:00,S0006,traffic,waterfront,edge_waterfront,2,41.54369473606294,40.05156239800451,0,0
2026-01-01 01:47:00,S0007,energy,waterfront,edge_waterfront,1,70.73031419889377,101.13631873804579,0,0
2026-01-01 01:47:00,S0008,energy,transit,edge_transit,1,75.26207377184252,82.77970376454486,0,0
2026-01-01 01:47:00,S0009,air_quality,transit,edge_transit,1,20.751115998416857,50.1163274278548,0,0
2026-01-01 01:47:00,S0010,traffic,downtown,edge_downtown,2,41.78129519852536,47.38261981207247,0,0
2026-01-01 01:47:00,S0011,traffic,transit,edge_transit,2,32.15337028410993,44.03639977092,0,0
2026-01-01 01:47:00,S0012,traffic,residential,edge_residential,2,35.167599887591855,62.91833770398856,0,0
2026-01-01 01:47:00,S0013,air_quality,downtown,edge_downtown,1,21.419427005026854,56.919419926141956,0,0
2026-01-01 01:47:00,S0014,air_quality,industrial,edge_industrial,1,24.60064726461158,42.53287994452071,0,0
2026-01-01 01:47:00,S0015,air_quality,residential,edge_residential,1,23.064283670080673,45.94418514852647,0,0
2026-01-01 01:47:00,S0016,structure,transit,edge_transit,2,0.23778768915430978,38.47317096869351,0,0
2026-01-01 01:47:00,S0017,energy,residential,edge_residential,1,87.6725872104004,95.30763352369738,0,0
2026-01-01 01:47:00,S0018,energy,transit,edge_transit,1,76.03036145004017,108.53476479519087,0,0
2026-01-01 01:47:00,S0019,structure,waterfront,edge_waterfront,2,0.16666737641416798,49.654473238693065,0,0
2026-01-01 01:47:00,S0020,traffic,transit,edge_transit,2,39.35717030263983,36.02175447715722,0,0
2026-01-01 01:47:00,S0021,traffic,industrial,edge_industrial,2,36.304186805760715,47.67468877860103,0,0
2026-01-01 01:47:00,S0022,energy,transit,edge_transit,1,81.73923282008755,74.69516045415422,0,0
2026-01-01 01:47:00,S0023,traffic,residential,edge_residential,2,42.75186852130649,42.51119253975635,0,0
2026-01-01 01:47:00,S0024,traffic,downtown,edge_downtown,2,37.21512021614722,41.96992310035431,0,0
2026-01-01 01:47:00,S0025,air_quality,downtown,edge_downtown,1,21.74952973932181,68.81498858980164,0,0
2026-01-01 01:47:00,S0026,air_quality,transit,edge_transit,1,27.347551963672398,74.26445141070415,0,0
2026-01-01 01:47:00,S0027,structure,industrial,edge_industrial,2,0.29808157284768694,20.963107863358616,0,0
2026-01-01 01:47:00,S0028,energy,residential,edge_residential,1,74.99377842244616,83.09993186938367,0,0
2026-01-01 01:47:00,S0029,air_quality,industrial,edge_industrial,1,23.58954433806535,51.5738276674476,0,0
2026-01-01 01:47:00,S0030,air_quality,industrial,edge_industrial,1,21.738546355089134,81.60468462127733,0,0
2026-01-01 01:47:00,S0031,traffic,downtown,edge_downtown,2,36.585359323504136,26.87454813037087,0,0
2026-01-01 01:47:00,S0032,traffic,industrial,edge_industrial,2,27.995821070165082,29.47822329701591,0,0
2026-01-01 01:47:00,S0033,traffic,waterfront,edge_waterfront,2,33.72275586499194,38.79599490956936,0,0
2026-01-01 01:47:00,S0034,energy,residential,edge_residential,1,75.67466649180321,73.9807830951074,0,0
2026-01-01 01:47:00,S0035,traffic,industrial,edge_industrial,2,44.926618192600046,57.016618698193824,0,0
2026-01-01 01:47:00,S0036,air_quality,residential,edge_residential,1,15.32716175402841,34.96374073033738,0,0
2026-01-01 01:47:00,S0037,traffic,waterfront,edge_waterfront,2,38.28875589788209,29.73776590187544,0,0
2026-01-01 01:47:00,S0038,energy,industrial,edge_industrial,1,77.52394738288828,89.79398642254465,0,0
2026-01-01 01:47:00,S0039,traffic,residential,edge_residential,2,39.09616475813035,59.7293683095868,0,0
2026-01-01 01:48:00,S0000,energy,residential,edge_residential,1,81.21941775164358,55.95678626341839,0,0
2026-01-01 01:48:00,S0001,structure,industrial,edge_industrial,2,0.18464940086057308,50.677810050973584,0,0
2026-01-01 01:48:00,S0002,energy,waterfront,edge_waterfront,1,83.5452037748494,87.76843043547618,0,0
2026-01-01 01:48:00,S0003,traffic,waterfront,edge_waterfront,2,29.67019405585416,28.8198058034675,0,0
2026-01-01 01:48:00,S0004,traffic,downtown,edge_downtown,2,43.825782665285445,50.017308183425335,0,0
2026-01-01 01:48:00,S0005,structure,residential,edge_residential,2,0.29013430166155596,51.20920700116681,0,0
2026-01-01 01:48:00,S0006,traffic,waterfront,edge_waterfront,2,27.60828594431607,53.211913726663816,0,0
2026-01-01 01:48:00,S0007,energy,waterfront,edge_waterfront,1,80.89155849676028,99.51561593861187,0,0
2026-01-01 01:48:00,S0008,energy,transit,edge_transit,1,88.27882009553255,103.9581724745225,0,0
2026-01-01 01:48:00,S0009,air_quality,transit,edge_transit,1,19.534101155527093,66.19786747242425,0,0
2026-01-01 01:48:00,S0010,traffic,downtown,edge_downtown,2,33.74345846754767,19.810287572909562,0,0
2026-01-01 01:48:00,S0011,traffic,transit,edge_transit,2,42.318743212778806,50.31483905665218,0,0
2026-01-01 01:48:00,S0012,traffic,residential,edge_residential,2,29.7729778066224,20.934712379038867,0,0
2026-01-01 01:48:00,S0013,air_quality,downtown,edge_downtown,1,22.474515819555656,85.53428856947562,0,0
2026-01-01 01:48:00,S0014,air_quality,industrial,edge_industrial,1,14.623284478304937,53.53865797079949,0,0
2026-01-01 01:48:00,S0015,air_quality,residential,edge_residential,1,20.616379346859905,67.24352782995486,0,0
2026-01-01 01:48:00,S0016,structure,transit,edge_transit,2,0.27289479709588954,34.245683379851016,0,0
2026-01-01 01:48:00,S0017,energy,residential,edge_residential,1,77.51947621189396,71.46387275305135,0,0
2026-01-01 01:48:00,S0018,energy,transit,edge_transit,1,75.5312790663599,96.69535436002931,0,0
2026-01-01 01:48:00,S0019,structure,waterfront,edge_waterfront,2,0.2952118951698571,27.19068024673514,0,0
2026-01-01 01:48:00,S0020,traffic,transit,edge_transit,2,31.306744447214232,49.41805867942462,0,0
2026-01-01 01:48:00,S0021,traffic,industrial,edge_industrial,2,37.646870106867866,37.17217660325346,0,0
2026-01-01 01:48:00,S0022,energy,transit,edge_transit,1,76.57665963109262,84.97482182128287,0,0
2026-01-01 01:48:00,S0023,traffic,residential,edge_residential,2,29.2876449589354,29.814406496578393,0,0
2026-01-01 01:48:00,S0024,traffic,downtown,edge_downtown,2,46.3522633923923,48.42353863648933,0,0
2026-01-01 01:48:00,S0025,air_quality,downtown,edge_downtown,1,18.712427612352197,76.24032250104545,0,0
2026-01-01 01:48:00,S0026,air_quality,transit,edge_transit,1,19.731894289055386,66.77712778427056,0,0
2026-01-01 01:48:00,S0027,structure,industrial,edge_industrial,2,,24.44082208989215,0,1
2026-01-01 01:48:00,S0028,energy,residential,edge_residential,1,82.84316934556357,83.06711614227174,0,0
2026-01-01 01:48:00,S0029,air_quality,industrial,edge_industrial,1,19.65076722545972,63.82697940264525,0,0
2026-01-01 01:48:00,S0030,air_quality,industrial,edge_industrial,1,17.376438577392715,57.34358728208203,0,0
2026-01-01 01:48:00,S0031,traffic,downtown,edge_downtown,2,39.20723332186197,34.68160973497857,0,0
2026-01-01 01:48:00,S0032,traffic,industrial,edge_industrial,2,30.804061681366164,47.0924555909168,0,0
2026-01-01 01:48:00,S0033,traffic,waterfront,edge_waterfront,2,31.127297921136524,26.075931664946992,0,0
2026-01-01 01:48:00,S0034,energy,residential,edge_residential,1,80.59164473095433,89.18983431195122,0,0
2026-01-01 01:48:00,S0035,traffic,industrial,edge_industrial,2,31.956063257705004,36.97158136085398,0,0
2026-01-01 01:48:00,S0036,air_quality,residential,edge_residential,1,22.076120588601356,49.423456363564185,0,0
2026-01-01 01:48:00,S0037,traffic,waterfront,edge_waterfront,2,36.9716195531514,37.075696778218074,0,0
2026-01-01 01:48:00,S0038,energy,industrial,edge_industrial,1,78.49505619134017,88.5587806929399,0,0
2026-01-01 01:48:00,S0039,traffic,residential,edge_residential,2,35.98948128141058,38.102034112549894,0,0
2026-01-01 01:49:00,S0000,energy,residential,edge_residential,1,76.72744521542533,79.00820251239394,0,0
2026-01-01 01:49:00,S0001,structure,industrial,edge_industrial,2,0.2573475139172878,47.46914447793182,0,0
2026-01-01 01:49:00,S0002,energy,waterfront,edge_waterfront,1,74.02394688794418,88.33382749336663,0,0
2026-01-01 01:49:00,S0003,traffic,waterfront,edge_waterfront,2,37.592724910354576,57.732298900333795,0,0
2026-01-01 01:49:00,S0004,traffic,downtown,edge_downtown,2,31.96760513129901,33.461713852289094,0,0
2026-01-01 01:49:00,S0005,structure,residential,edge_residential,2,0.21544795816687526,37.62719308165411,0,0
2026-01-01 01:49:00,S0006,traffic,waterfront,edge_waterfront,2,31.29440184223097,41.84510026247757,0,0
2026-01-01 01:49:00,S0007,energy,waterfront,edge_waterfront,1,82.98709620930417,51.53048026974699,0,0
2026-01-01 01:49:00,S0008,energy,transit,edge_transit,1,83.86876059640676,67.03294761536203,0,0
2026-01-01 01:49:00,S0009,air_quality,transit,edge_transit,1,17.717496698476076,45.436224582379694,0,0
2026-01-01 01:49:00,S0010,traffic,downtown,edge_downtown,2,36.9454866216627,23.290217080200843,0,0
2026-01-01 01:49:00,S0011,traffic,transit,edge_transit,2,37.38675496633932,35.588925859676465,0,0
2026-01-01 01:49:00,S0012,traffic,residential,edge_residential,2,28.96882621365129,31.225569468563954,0,0
2026-01-01 01:49:00,S0013,air_quality,downtown,edge_downtown,1,21.84602552756307,66.67739218244225,0,0
2026-01-01 01:49:00,S0014,air_quality,industrial,edge_industrial,1,15.853789286204588,68.04105595948832,0,0
2026-01-01 01:49:00,S0015,air_quality,residential,edge_residential,1,18.518947950739086,73.59661372131688,0,0
2026-01-01 01:49:00,S0016,structure,transit,edge_transit,2,0.2430697853665709,35.53653291011004,0,0
2026-01-01 01:49:00,S0017,energy,residential,edge_residential,1,78.14174985591585,74.9365061012753,0,0
2026-01-01 01:49:00,S0018,energy,transit,edge_transit,1,71.8213907033831,65.85471506882632,0,0
2026-01-01 01:49:00,S0019,structure,waterfront,edge_waterfront,2,0.27556445569337434,32.74056542741651,0,0
2026-01-01 01:49:00,S0020,traffic,transit,edge_transit,2,35.843161961097344,59.08888959772705,0,0
2026-01-01 01:49:00,S0021,traffic,industrial,edge_industrial,2,22.15443886757211,39.94324466293809,0,0
2026-01-01 01:49:00,S0022,energy,transit,edge_transit,1,81.41101016674929,72.25183595667123,0,0
2026-01-01 01:49:00,S0023,traffic,residential,edge_residential,2,28.15123602046212,27.17974262529806,0,0
2026-01-01 01:49:00,S0024,traffic,downtown,edge_downtown,2,30.605899757521925,29.653641805548325,0,0
2026-01-01 01:49:00,S0025,air_quality,downtown,edge_downtown,1,22.0251573657048,85.85245648639942,0,0
2026-01-01 01:49:00,S0026,air_quality,transit,edge_transit,1,19.91166218090194,76.12022251907337,0,0
2026-01-01 01:49:00,S0027,structure,industrial,edge_industrial,2,0.3294393824743106,28.962784107081042,0,0
2026-01-01 01:49:00,S0028,energy,residential,edge_residential,1,,81.51202569652702,0,1
2026-01-01 01:49:00,S0029,air_quality,industrial,edge_industrial,1,20.025063486984603,53.02071382164296,0,0
2026-01-01 01:49:00,S0030,air_quality,industrial,edge_industrial,1,17.63634097179775,40.4975968608957,0,0
2026-01-01 01:49:00,S0031,traffic,downtown,edge_downtown,2,33.164040242509614,38.491702203112595,0,0
2026-01-01 01:49:00,S0032,traffic,industrial,edge_industrial,2,38.826046172153916,41.35595893220692,0,0
2026-01-01 01:49:00,S0033,traffic,waterfront,edge_waterfront,2,,52.64939827359303,0,1
2026-01-01 01:49:00,S0034,energy,residential,edge_residential,1,72.37073138165155,92.28847365521966,0,0
2026-01-01 01:49:00,S0035,traffic,industrial,edge_industrial,2,41.027404333699096,52.91602277584807,0,0
2026-01-01 01:49:00,S0036,air_quality,residential,edge_residential,1,,72.53969036796623,0,1
2026-01-01 01:49:00,S0037,traffic,waterfront,edge_waterfront,2,35.12396756655468,19.15421562852555,0,0
2026-01-01 01:49:00,S0038,energy,industrial,edge_industrial,1,73.30487431265817,130.99317175770176,0,0
2026-01-01 01:49:00,S0039,traffic,residential,edge_residential,2,31.727855658366718,41.1447499438017,0,0
2026-01-01 01:50:00,S0000,energy,residential,edge_residential,1,77.35488026428118,62.117566531219936,0,0
2026-01-01 01:50:00,S0001,structure,industrial,edge_industrial,2,0.2663788482883148,32.54738335506382,0,0
2026-01-01 01:50:00,S0002,energy,waterfront,edge_waterfront,1,79.88302003502474,63.950271288605606,0,0
2026-01-01 01:50:00,S0003,traffic,waterfront,edge_waterfront,2,27.936842294386775,53.02297933965245,0,0
2026-01-01 01:50:00,S0004,traffic,downtown,edge_downtown,2,36.5551594877368,39.95739196407503,0,0
2026-01-01 01:50:00,S0005,structure,residential,edge_residential,2,0.2654672846872957,20.255006023793985,0,0
2026-01-01 01:50:00,S0006,traffic,waterfront,edge_waterfront,2,36.03503069753731,52.133871612298734,0,0
2026-01-01 01:50:00,S0007,energy,waterfront,edge_waterfront,1,81.34646641358113,48.83435913689277,0,0
2026-01-01 01:50:00,S0008,energy,transit,edge_transit,1,72.11246625136148,84.21757236330464,0,0
2026-01-01 01:50:00,S0009,air_quality,transit,edge_transit,1,18.718628744649806,28.033161595075875,0,0
2026-01-01 01:50:00,S0010,traffic,downtown,edge_downtown,2,29.67384462570731,32.7720975608151,0,0
2026-01-01 01:50:00,S0011,traffic,transit,edge_transit,2,32.52864695891823,38.5526457173659,0,0
2026-01-01 01:50:00,S0012,traffic,residential,edge_residential,2,35.99783658139601,57.580242683700966,0,0
2026-01-01 01:50:00,S0013,air_quality,downtown,edge_downtown,1,20.6146018680811,33.87402271048162,0,0
2026-01-01 01:50:00,S0014,air_quality,industrial,edge_industrial,1,43.27256977083281,61.089373221635036,1,0
2026-01-01 01:50:00,S0015,air_quality,residential,edge_residential,1,21.0236820947933,40.989027230994665,0,0
2026-01-01 01:50:00,S0016,structure,transit,edge_transit,2,0.2047335422527802,52.374414853909144,0,0
2026-01-01 01:50:00,S0017,energy,residential,edge_residential,1,80.11287390167315,63.42907878191052,0,0
2026-01-01 01:50:00,S0018,energy,transit,edge_transit,1,77.01609138185717,87.8780002562605,0,0
2026-01-01 01:50:00,S0019,structure,waterfront,edge_waterfront,2,0.2739868603515352,61.73614473376905,0,0
2026-01-01 01:50:00,S0020,traffic,transit,edge_transit,2,56.27708267882579,50.57403143776521,1,0
2026-01-01 01:50:00,S0021,traffic,industrial,edge_industrial,2,26.88961195083173,46.58757625656903,0,0
2026-01-01 01:50:00,S0022,energy,transit,edge_transit,1,75.13807137815262,80.34114507043053,0,0
2026-01-01 01:50:00,S0023,traffic,residential,edge_residential,2,34.91272230700213,48.73556017342753,0,0
2026-01-01 01:50:00,S0024,traffic,downtown,edge_downtown,2,30.480714823822233,27.438583255067563,0,0
2026-01-01 01:50:00,S0025,air_quality,downtown,edge_downtown,1,18.56184267887526,53.34933269385925,0,0
2026-01-01 01:50:00,S0026,air_quality,transit,edge_transit,1,21.880747226087635,63.353082011179694,0,0
2026-01-01 01:50:00,S0027,structure,industrial,edge_industrial,2,0.2506432277333885,54.25518333031276,0,0
2026-01-01 01:50:00,S0028,energy,residential,edge_residential,1,78.35264774834812,54.99893717277213,0,0
2026-01-01 01:50:00,S0029,air_quality,industrial,edge_industrial,1,23.738821691107017,58.73283606391321,0,0
2026-01-01 01:50:00,S0030,air_quality,industrial,edge_industrial,1,,53.884033962419146,0,1
2026-01-01 01:50:00,S0031,traffic,downtown,edge_downtown,2,32.52203062553037,42.776679437121025,0,0
2026-01-01 01:50:00,S0032,traffic,industrial,edge_industrial,2,39.954362513097585,25.739962205565593,0,0
2026-01-01 01:50:00,S0033,traffic,waterfront,edge_waterfront,2,30.794364794501085,47.924235482441006,0,0
2026-01-01 01:50:00,S0034,energy,residential,edge_residential,1,73.4326779587343,44.74089329200484,0,0
2026-01-01 01:50:00,S0035,traffic,industrial,edge_industrial,2,28.894086361764277,35.50191965097328,0,0
2026-01-01 01:50:00,S0036,air_quality,residential,edge_residential,1,19.18719266442229,82.05035326971141,0,0
2026-01-01 01:50:00,S0037,traffic,waterfront,edge_waterfront,2,38.28476621364688,31.525924454670992,0,0
2026-01-01 01:50:00,S0038,energy,industrial,edge_industrial,1,73.14537437832864,85.51790282805379,0,0
2026-01-01 01:50:00,S0039,traffic,residential,edge_residential,2,37.207417899078976,36.93717436413862,0,0
2026-01-01 01:51:00,S0000,energy,residential,edge_residential,1,72.47034897020319,76.38499662541813,0,0
2026-01-01 01:51:00,S0001,structure,industrial,edge_industrial,2,0.3303475508004541,45.89716394648374,0,0
2026-01-01 01:51:00,S0002,energy,waterfront,edge_waterfront,1,80.59348781029782,68.17349902033003,0,0
2026-01-01 01:51:00,S0003,traffic,waterfront,edge_waterfront,2,40.515734815564876,35.5297710266482,0,0
2026-01-01 01:51:00,S0004,traffic,downtown,edge_downtown,2,42.86154743310159,37.050924384254294,0,0
2026-01-01 01:51:00,S0005,structure,residential,edge_residential,2,0.3453029227440445,44.980284812778216,0,0
2026-01-01 01:51:00,S0006,traffic,waterfront,edge_waterfront,2,39.24012785492858,64.32947870483353,0,0
2026-01-01 01:51:00,S0007,energy,waterfront,edge_waterfront,1,81.8018209645306,66.76596509468644,0,0
2026-01-01 01:51:00,S0008,energy,transit,edge_transit,1,146.9764722770977,86.56744396623964,1,0
2026-01-01 01:51:00,S0009,air_quality,transit,edge_transit,1,17.227766115446546,49.66228495408816,0,0
2026-01-01 01:51:00,S0010,traffic,downtown,edge_downtown,2,28.626003512463164,39.617900836915425,0,0
2026-01-01 01:51:00,S0011,traffic,transit,edge_transit,2,30.601835296513855,22.757602994719218,0,0
2026-01-01 01:51:00,S0012,traffic,residential,edge_residential,2,42.92400087381238,47.76414910408287,0,0
2026-01-01 01:51:00,S0013,air_quality,downtown,edge_downtown,1,23.251404154936523,49.6313227245706,0,0
2026-01-01 01:51:00,S0014,air_quality,industrial,edge_industrial,1,20.728989630284808,78.01656376405474,0,0
2026-01-01 01:51:00,S0015,air_quality,residential,edge_residential,1,21.45293211654648,89.82906955189358,0,0
2026-01-01 01:51:00,S0016,structure,transit,edge_transit,2,0.18248269527526967,46.87295092193786,0,0
2026-01-01 01:51:00,S0017,energy,residential,edge_residential,1,82.97433335304547,117.90109208007709,0,0
2026-01-01 01:51:00,S0018,energy,transit,edge_transit,1,60.25978527755758,44.08748013407094,0,0
2026-01-01 01:51:00,S0019,structure,waterfront,edge_waterfront,2,0.25254580140031113,28.51564403030112,0,0
2026-01-01 01:51:00,S0020,traffic,transit,edge_transit,2,44.01747884513617,23.556057423039288,0,0
2026-01-01 01:51:00,S0021,traffic,industrial,edge_industrial,2,,19.485848469097743,0,1
2026-01-01 01:51:00,S0022,energy,transit,edge_transit,1,76.48180543104691,77.90213683697687,0,0
2026-01-01 01:51:00,S0023,traffic,residential,edge_residential,2,35.71861475559457,32.6992251397791,0,0
2026-01-01 01:51:00,S0024,traffic,downtown,edge_downtown,2,43.103109973326966,51.35757506551397,0,0
2026-01-01 01:51:00,S0025,air_quality,downtown,edge_downtown,1,17.955730087784886,62.345927372269124,0,0
2026-01-01 01:51:00,S0026,air_quality,transit,edge_transit,1,17.00155943000362,82.2944215704628,0,0
2026-01-01 01:51:00,S0027,structure,industrial,edge_industrial,2,0.2884584666131268,39.96436917634049,0,0
2026-01-01 01:51:00,S0028,energy,residential,edge_residential,1,71.77121251188248,24.784157279290625,0,0
2026-01-01 01:51:00,S0029,air_quality,industrial,edge_industrial,1,20.347523117787368,35.13895370980063,0,0
2026-01-01 01:51:00,S0030,air_quality,industrial,edge_industrial,1,22.271082490677536,54.56034024600113,0,0
2026-01-01 01:51:00,S0031,traffic,downtown,edge_downtown,2,35.939340826155714,41.61136115547869,0,0
2026-01-01 01:51:00,S0032,traffic,industrial,edge_industrial,2,32.53278373091414,50.91553940156716,0,0
2026-01-01 01:51:00,S0033,traffic,waterfront,edge_waterfront,2,38.89807460987718,48.120285523217674,0,0
2026-01-01 01:51:00,S0034,energy,residential,edge_residential,1,73.61858554322544,139.36714957965108,0,0
2026-01-01 01:51:00,S0035,traffic,industrial,edge_industrial,2,38.978079904544465,36.22119272020709,0,0
2026-01-01 01:51:00,S0036,air_quality,residential,edge_residential,1,22.88687524438602,67.59331179083092,0,0
2026-01-01 01:51:00,S0037,traffic,waterfront,edge_waterfront,2,,40.21817185286809,0,1
2026-01-01 01:51:00,S0038,energy,industrial,edge_industrial,1,76.02717356338248,53.44757678508036,0,0
2026-01-01 01:51:00,S0039,traffic,residential,edge_residential,2,33.407754014204926,35.249858501342864,0,0
2026-01-01 01:52:00,S0000,energy,residential,edge_residential,1,79.7707784197699,100.83631105443064,0,0
2026-01-01 01:52:00,S0001,structure,industrial,edge_industrial,2,0.19016324601276152,31.015949220446018,0,0
2026-01-01 01:52:00,S0002,energy,waterfront,edge_waterfront,1,70.53762115220113,38.5389451355297,0,0
2026-01-01 01:52:00,S0003,traffic,waterfront,edge_waterfront,2,62.23317792944574,35.666225236882724,1,0
2026-01-01 01:52:00,S0004,traffic,downtown,edge_downtown,2,36.765061894099986,24.806900150746614,0,0
2026-01-01 01:52:00,S0005,structure,residential,edge_residential,2,0.1969246535776147,47.49265148661686,0,0
2026-01-01 01:52:00,S0006,traffic,waterfront,edge_waterfront,2,37.74314648421848,49.550883956151935,0,0
2026-01-01 01:52:00,S0007,energy,waterfront,edge_waterfront,1,78.10805614945997,82.61938283249872,0,0
2026-01-01 01:52:00,S0008,energy,transit,edge_transit,1,88.84440569691785,81.37699039192076,0,0
2026-01-01 01:52:00,S0009,air_quality,transit,edge_transit,1,22.921053708556798,60.0819846008685,0,0
2026-01-01 01:52:00,S0010,traffic,downtown,edge_downtown,2,31.2260280820899,43.40326170354229,0,0
2026-01-01 01:52:00,S0011,traffic,transit,edge_transit,2,35.0064850702391,40.6286514734696,0,0
2026-01-01 01:52:00,S0012,traffic,residential,edge_residential,2,39.43531338216994,33.96604574115561,0,0
2026-01-01 01:52:00,S0013,air_quality,downtown,edge_downtown,1,17.819107221985874,72.9689263686373,0,0
2026-01-01 01:52:00,S0014,air_quality,industrial,edge_industrial,1,13.174168143064211,53.76351865509119,0,0
2026-01-01 01:52:00,S0015,air_quality,residential,edge_residential,1,19.007913341494064,88.5170376224149,0,0
2026-01-01 01:52:00,S0016,structure,transit,edge_transit,2,0.3424557177236823,52.081788972149226,0,0
2026-01-01 01:52:00,S0017,energy,residential,edge_residential,1,80.97257590525236,105.83936142133724,0,0
2026-01-01 01:52:00,S0018,energy,transit,edge_transit,1,80.87582886601406,73.73552773290145,0,0
2026-01-01 01:52:00,S0019,structure,waterfront,edge_waterfront,2,0.26688844569599607,35.65785565921117,0,0
2026-01-01 01:52:00,S0020,traffic,transit,edge_transit,2,34.78895346651113,31.555527676718135,0,0
2026-01-01 01:52:00,S0021,traffic,industrial,edge_industrial,2,34.50033789920773,33.87704782524974,0,0
2026-01-01 01:52:00,S0022,energy,transit,edge_transit,1,74.27929372934847,93.97538584127265,0,0
2026-01-01 01:52:00,S0023,traffic,residential,edge_residential,2,31.42231638645304,41.840645491095145,0,0
2026-01-01 01:52:00,S0024,traffic,downtown,edge_downtown,2,31.650737111701428,21.797025331244413,0,0
2026-01-01 01:52:00,S0025,air_quality,downtown,edge_downtown,1,18.330549805670834,48.777244575651515,0,0
2026-01-01 01:52:00,S0026,air_quality,transit,edge_transit,1,18.841682905292192,59.895179515856356,0,0
2026-01-01 01:52:00,S0027,structure,industrial,edge_industrial,2,0.2751923883240351,48.21387114987182,0,0
2026-01-01 01:52:00,S0028,energy,residential,edge_residential,1,79.93580471083622,99.34821653897684,0,0
2026-01-01 01:52:00,S0029,air_quality,industrial,edge_industrial,1,20.37409276124545,75.95587879313385,0,0
2026-01-01 01:52:00,S0030,air_quality,industrial,edge_industrial,1,24.40507027839713,62.375619008593446,1,0
2026-01-01 01:52:00,S0031,traffic,downtown,edge_downtown,2,40.57813888474209,27.794051926807718,0,0
2026-01-01 01:52:00,S0032,traffic,industrial,edge_industrial,2,30.000180415827916,43.496369556873006,0,0
2026-01-01 01:52:00,S0033,traffic,waterfront,edge_waterfront,2,35.149908720927826,19.159482151843946,0,0
2026-01-01 01:52:00,S0034,energy,residential,edge_residential,1,86.18060852479063,73.57834363848028,0,0
2026-01-01 01:52:00,S0035,traffic,industrial,edge_industrial,2,41.177108763395275,54.58864998203296,0,0
2026-01-01 01:52:00,S0036,air_quality,residential,edge_residential,1,,97.18357329057002,0,1
2026-01-01 01:52:00,S0037,traffic,waterfront,edge_waterfront,2,40.75034788220227,37.31463503074786,0,0
2026-01-01 01:52:00,S0038,energy,industrial,edge_industrial,1,79.32707704585165,102.23892592669534,0,0
2026-01-01 01:52:00,S0039,traffic,residential,edge_residential,2,38.29039877748121,27.318298040871568,0,0
2026-01-01 01:53:00,S0000,energy,residential,edge_residential,1,73.86401091084878,87.31849772622253,0,0
2026-01-01 01:53:00,S0001,structure,industrial,edge_industrial,2,0.22288318109397812,48.69413489940571,0,0
2026-01-01 01:53:00,S0002,energy,waterfront,edge_waterfront,1,78.4705293452495,61.66518908508007,0,0
2026-01-01 01:53:00,S0003,traffic,waterfront,edge_waterfront,2,39.25429359221769,27.62565536968868,0,0
2026-01-01 01:53:00,S0004,traffic,downtown,edge_downtown,2,24.819303716717023,37.65741794250456,0,0
2026-01-01 01:53:00,S0005,structure,residential,edge_residential,2,0.6392509708558157,48.97384362134872,1,0
2026-01-01 01:53:00,S0006,traffic,waterfront,edge_waterfront,2,40.83222352856809,51.709872904317166,0,0
2026-01-01 01:53:00,S0007,energy,waterfront,edge_waterfront,1,104.67963596398974,89.97677827977027,1,0
2026-01-01 01:53:00,S0008,energy,transit,edge_transit,1,83.68277607655965,94.84069818638797,0,0
2026-01-01 01:53:00,S0009,air_quality,transit,edge_transit,1,20.71992110905748,94.65638508955143,0,0
2026-01-01 01:53:00,S0010,traffic,downtown,edge_downtown,2,36.15381258930656,43.94978544800365,0,0
2026-01-01 01:53:00,S0011,traffic,transit,edge_transit,2,,30.55541561948295,0,1
2026-01-01 01:53:00,S0012,traffic,residential,edge_residential,2,34.89667646949731,32.568218225161196,0,0
2026-01-01 01:53:00,S0013,air_quality,downtown,edge_downtown,1,21.388996639246027,73.35986987549703,0,0
2026-01-01 01:53:00,S0014,air_quality,industrial,edge_industrial,1,19.444296059470087,34.3940451413501,0,0
2026-01-01 01:53:00,S0015,air_quality,residential,edge_residential,1,21.48137975909956,67.64549472470276,0,0
2026-01-01 01:53:00,S0016,structure,transit,edge_transit,2,0.19710873975934862,39.96130620777602,0,0
2026-01-01 01:53:00,S0017,energy,residential,edge_residential,1,76.9079401928463,80.17999570608649,0,0
2026-01-01 01:53:00,S0018,energy,transit,edge_transit,1,82.85287984130818,110.07502188538432,0,0
2026-01-01 01:53:00,S0019,structure,waterfront,edge_waterfront,2,0.23385498381506084,25.82892433812433,0,0
2026-01-01 01:53:00,S0020,traffic,transit,edge_transit,2,38.881043760253604,34.234682941333496,0,0
2026-01-01 01:53:00,S0021,traffic,industrial,edge_industrial,2,33.62049578199474,35.36849014781815,0,0
2026-01-01 01:53:00,S0022,energy,transit,edge_transit,1,84.70947875990201,103.09898337788765,0,0
2026-01-01 01:53:00,S0023,traffic,residential,edge_residential,2,31.276458038490592,30.538156828804127,0,0
2026-01-01 01:53:00,S0024,traffic,downtown,edge_downtown,2,34.24829400432821,41.04617908127425,0,0
2026-01-01 01:53:00,S0025,air_quality,downtown,edge_downtown,1,18.41972540404372,19.09591545404104,0,0
2026-01-01 01:53:00,S0026,air_quality,transit,edge_transit,1,21.835829988758984,56.9496584905358,0,0
2026-01-01 01:53:00,S0027,structure,industrial,edge_industrial,2,0.25962802906917287,40.68425667400463,0,0
2026-01-01 01:53:00,S0028,energy,residential,edge_residential,1,70.13021864558739,80.91949999588934,0,0
2026-01-01 01:53:00,S0029,air_quality,industrial,edge_industrial,1,19.785015447356088,59.28595418062256,0,0
2026-01-01 01:53:00,S0030,air_quality,industrial,edge_industrial,1,16.525084373169243,58.727171380651875,0,0
2026-01-01 01:53:00,S0031,traffic,downtown,edge_downtown,2,36.04354327393934,32.19027465480532,0,0
2026-01-01 01:53:00,S0032,traffic,industrial,edge_industrial,2,42.74323460585876,53.812322730904484,0,0
2026-01-01 01:53:00,S0033,traffic,waterfront,edge_waterfront,2,31.8971278294808,31.7098478319812,0,0
2026-01-01 01:53:00,S0034,energy,residential,edge_residential,1,76.84034813521394,72.39490799204923,0,0
2026-01-01 01:53:00,S0035,traffic,industrial,edge_industrial,2,31.915605305746283,39.086347604104404,0,0
2026-01-01 01:53:00,S0036,air_quality,residential,edge_residential,1,22.900432644849946,72.47534549444636,0,0
2026-01-01 01:53:00,S0037,traffic,waterfront,edge_waterfront,2,37.93259062326609,41.09204939064907,0,0
2026-01-01 01:53:00,S0038,energy,industrial,edge_industrial,1,76.6927547383079,63.34054587378891,0,0
2026-01-01 01:53:00,S0039,traffic,residential,edge_residential,2,42.29422325603834,14.707191588892908,0,0
2026-01-01 01:54:00,S0000,energy,residential,edge_residential,1,76.29996215291361,90.09450589570862,0,0
2026-01-01 01:54:00,S0001,structure,industrial,edge_industrial,2,0.286574235566228,35.93060321916254,0,0
2026-01-01 01:54:00,S0002,energy,waterfront,edge_waterfront,1,71.5013771279564,43.949158816925134,0,0
2026-01-01 01:54:00,S0003,traffic,waterfront,edge_waterfront,2,49.41638964105943,26.764332449762136,1,0
2026-01-01 01:54:00,S0004,traffic,downtown,edge_downtown,2,36.91301717705425,23.0033898758301,0,0
2026-01-01 01:54:00,S0005,structure,residential,edge_residential,2,0.30010134631835317,48.889788001565684,0,0
2026-01-01 01:54:00,S0006,traffic,waterfront,edge_waterfront,2,34.296710854845934,47.23930927704362,0,0
2026-01-01 01:54:00,S0007,energy,waterfront,edge_waterfront,1,,76.55283515492911,0,1
2026-01-01 01:54:00,S0008,energy,transit,edge_transit,1,76.79560655625399,75.6127683893434,0,0
2026-01-01 01:54:00,S0009,air_quality,transit,edge_transit,1,17.423306932394485,52.60477124533146,0,0
2026-01-01 01:54:00,S0010,traffic,downtown,edge_downtown,2,31.606358268016603,62.99870654230425,0,0
2026-01-01 01:54:00,S0011,traffic,transit,edge_transit,2,45.4526829220726,43.35575148180732,0,0
2026-01-01 01:54:00,S0012,traffic,residential,edge_residential,2,36.70510445793401,39.384110576945034,0,0
2026-01-01 01:54:00,S0013,air_quality,downtown,edge_downtown,1,21.718994245982586,69.85688196320281,0,0
2026-01-01 01:54:00,S0014,air_quality,industrial,edge_industrial,1,19.683550132536148,50.06338183194138,0,0
2026-01-01 01:54:00,S0015,air_quality,residential,edge_residential,1,18.282382797874433,98.68002390380974,0,0
2026-01-01 01:54:00,S0016,structure,transit,edge_transit,2,0.2387748910142441,40.08800703558934,0,0
2026-01-01 01:54:00,S0017,energy,residential,edge_residential,1,77.44498891416282,79.99321763115894,0,0
2026-01-01 01:54:00,S0018,energy,transit,edge_transit,1,77.02079609158227,93.17828071830297,0,0
2026-01-01 01:54:00,S0019,structure,waterfront,edge_waterfront,2,0.16913649205600798,35.975896494992604,0,0
2026-01-01 01:54:00,S0020,traffic,transit,edge_transit,2,37.8409150938167,51.01011899860846,0,0
2026-01-01 01:54:00,S0021,traffic,industrial,edge_industrial,2,33.2510401205459,38.33599594362725,0,0
2026-01-01 01:54:00,S0022,energy,transit,edge_transit,1,86.85388416417703,99.27400441355836,0,0
2026-01-01 01:54:00,S0023,traffic,residential,edge_residential,2,43.03505805111179,25.444369634560886,0,0
2026-01-01 01:54:00,S0024,traffic,downtown,edge_downtown,2,32.57662247918694,46.56105012020471,0,0
2026-01-01 01:54:00,S0025,air_quality,downtown,edge_downtown,1,24.53907697536071,100.40659315927482,0,0
2026-01-01 01:54:00,S0026,air_quality,transit,edge_transit,1,18.5515066718777,49.545441308059225,0,0
2026-01-01 01:54:00,S0027,structure,industrial,edge_industrial,2,0.2180848574957418,36.63578546415167,0,0
2026-01-01 01:54:00,S0028,energy,residential,edge_residential,1,84.8270852918783,94.65654395081627,0,0
2026-01-01 01:54:00,S0029,air_quality,industrial,edge_industrial,1,24.25428795953667,21.789703831382376,0,0
2026-01-01 01:54:00,S0030,air_quality,industrial,edge_industrial,1,24.561385139360873,57.47331865901224,0,0
2026-01-01 01:54:00,S0031,traffic,downtown,edge_downtown,2,28.20106026873861,51.17703165524803,0,0
2026-01-01 01:54:00,S0032,traffic,industrial,edge_industrial,2,35.006711584255726,42.874230056582824,0,0
2026-01-01 01:54:00,S0033,traffic,waterfront,edge_waterfront,2,40.311940944158735,46.722127563019356,0,0
2026-01-01 01:54:00,S0034,energy,residential,edge_residential,1,83.70458106924357,82.3396744609316,0,0
2026-01-01 01:54:00,S0035,traffic,industrial,edge_industrial,2,25.503442157114073,53.697101330376825,0,0
2026-01-01 01:54:00,S0036,air_quality,residential,edge_residential,1,19.078961749354256,53.53531675175418,0,0
2026-01-01 01:54:00,S0037,traffic,waterfront,edge_waterfront,2,41.43552266449245,38.39672516391672,0,0
2026-01-01 01:54:00,S0038,energy,industrial,edge_industrial,1,62.5669408013481,117.91883016609071,0,0
2026-01-01 01:54:00,S0039,traffic,residential,edge_residential,2,27.624979714692127,44.4423840054062,0,0
2026-01-01 01:55:00,S0000,energy,residential,edge_residential,1,70.56526678070179,87.12181799515608,0,0
2026-01-01 01:55:00,S0001,structure,industrial,edge_industrial,2,0.24140165082838475,30.37299724348465,0,0
2026-01-01 01:55:00,S0002,energy,waterfront,edge_waterfront,1,83.59822400107757,88.74714262935787,0,0
2026-01-01 01:55:00,S0003,traffic,waterfront,edge_waterfront,2,32.84085145484955,46.176158967340086,0,0
2026-01-01 01:55:00,S0004,traffic,downtown,edge_downtown,2,33.1031554946898,32.44631718593686,0,0
2026-01-01 01:55:00,S0005,structure,residential,edge_residential,2,0.1779568297067319,37.44500150551339,0,0
2026-01-01 01:55:00,S0006,traffic,waterfront,edge_waterfront,2,36.593358726202766,44.80053334468375,0,0
2026-01-01 01:55:00,S0007,energy,waterfront,edge_waterfront,1,66.81021663276121,79.73023760732377,0,0
2026-01-01 01:55:00,S0008,energy,transit,edge_transit,1,79.01106001551331,105.65941057055494,0,0
2026-01-01 01:55:00,S0009,air_quality,transit,edge_transit,1,20.483179798480982,45.337611937254316,0,0
2026-01-01 01:55:00,S0010,traffic,downtown,edge_downtown,2,24.946798122124243,48.76291536201518,0,0
2026-01-01 01:55:00,S0011,traffic,transit,edge_transit,2,21.68021185819606,20.961097041421624,0,0
2026-01-01 01:55:00,S0012,traffic,residential,edge_residential,2,38.47331386276233,69.71739427508007,0,0
2026-01-01 01:55:00,S0013,air_quality,downtown,edge_downtown,1,20.148025248888576,70.46087561742027,0,0
2026-01-01 01:55:00,S0014,air_quality,industrial,edge_industrial,1,23.398423820980664,61.87971418371009,0,0
2026-01-01 01:55:00,S0015,air_quality,residential,edge_residential,1,21.041995092670167,52.08564290794676,0,0
2026-01-01 01:55:00,S0016,structure,transit,edge_transit,2,0.30505987096247,54.411858311627725,0,0
2026-01-01 01:55:00,S0017,energy,residential,edge_residential,1,80.09413587531795,86.02552169095664,0,0
2026-01-01 01:55:00,S0018,energy,transit,edge_transit,1,71.37046652163905,123.44850538824039,0,0
2026-01-01 01:55:00,S0019,structure,waterfront,edge_waterfront,2,0.25318270208956467,41.67929557180494,0,0
2026-01-01 01:55:00,S0020,traffic,transit,edge_transit,2,35.50507638334805,34.27502858140741,0,0
2026-01-01 01:55:00,S0021,traffic,industrial,edge_industrial,2,37.907755018820055,35.948109981537776,0,0
2026-01-01 01:55:00,S0022,energy,transit,edge_transit,1,76.7257706050045,109.61609333174022,0,0
2026-01-01 01:55:00,S0023,traffic,residential,edge_residential,2,30.567645153095867,26.808543756066612,0,0
2026-01-01 01:55:00,S0024,traffic,downtown,edge_downtown,2,31.162701924616684,49.682320227305524,0,0
2026-01-01 01:55:00,S0025,air_quality,downtown,edge_downtown,1,22.599305111033566,67.29724572844502,0,0
2026-01-01 01:55:00,S0026,air_quality,transit,edge_transit,1,22.913102356817255,35.809432614877046,0,0
2026-01-01 01:55:00,S0027,structure,industrial,edge_industrial,2,0.2645100217652021,53.24367625857866,0,0
2026-01-01 01:55:00,S0028,energy,residential,edge_residential,1,78.69508270667973,32.803012231097256,0,0
2026-01-01 01:55:00,S0029,air_quality,industrial,edge_industrial,1,20.29863814181312,60.374831357085434,0,0
2026-01-01 01:55:00,S0030,air_quality,industrial,edge_industrial,1,20.720912825602365,60.7730138919482,0,0
2026-01-01 01:55:00,S0031,traffic,downtown,edge_downtown,2,39.59259718104918,31.544912492218124,0,0
2026-01-01 01:55:00,S0032,traffic,industrial,edge_industrial,2,33.8620662693922,34.55911480732222,0,0
2026-01-01 01:55:00,S0033,traffic,waterfront,edge_waterfront,2,38.67212064094639,41.29154334153976,0,0
2026-01-01 01:55:00,S0034,energy,residential,edge_residential,1,,92.56196302999042,0,1
2026-01-01 01:55:00,S0035,traffic,industrial,edge_industrial,2,35.92699271376871,58.367361285203216,0,0
2026-01-01 01:55:00,S0036,air_quality,residential,edge_residential,1,22.582156523512495,41.575462022403684,0,0
2026-01-01 01:55:00,S0037,traffic,waterfront,edge_waterfront,2,26.947862932756426,32.010269252833716,0,0
2026-01-01 01:55:00,S0038,energy,industrial,edge_industrial,1,119.7678026393477,92.03066128569326,1,0
2026-01-01 01:55:00,S0039,traffic,residential,edge_residential,2,36.23590023362484,60.03494299166993,0,0
2026-01-01 01:56:00,S0000,energy,residential,edge_residential,1,69.97552774244595,81.18351460382986,0,0
2026-01-01 01:56:00,S0001,structure,industrial,edge_industrial,2,0.2369956145273632,34.455508239741064,0,0
2026-01-01 01:56:00,S0002,energy,waterfront,edge_waterfront,1,80.00268357213007,81.22833832123271,0,0
2026-01-01 01:56:00,S0003,traffic,waterfront,edge_waterfront,2,40.93326965814116,48.0825211845179,0,0
2026-01-01 01:56:00,S0004,traffic,downtown,edge_downtown,2,34.47603667282244,39.03434221790913,0,0
2026-01-01 01:56:00,S0005,structure,residential,edge_residential,2,0.1957835553188791,30.758356656917275,0,0
2026-01-01 01:56:00,S0006,traffic,waterfront,edge_waterfront,2,36.58101950299472,45.047421691928776,0,0
2026-01-01 01:56:00,S0007,energy,waterfront,edge_waterfront,1,75.03835312463876,78.78844664937702,0,0
2026-01-01 01:56:00,S0008,energy,transit,edge_transit,1,79.03551866820754,66.23935769258694,0,0
2026-01-01 01:56:00,S0009,air_quality,transit,edge_transit,1,17.273841090187645,32.19435386482716,0,0
2026-01-01 01:56:00,S0010,traffic,downtown,edge_downtown,2,37.46105674442916,48.057848389417444,0,0
2026-01-01 01:56:00,S0011,traffic,transit,edge_transit,2,35.15947446549015,33.311943823292395,0,0
2026-01-01 01:56:00,S0012,traffic,residential,edge_residential,2,43.630736692488966,47.18132159495195,0,0
2026-01-01 01:56:00,S0013,air_quality,downtown,edge_downtown,1,24.801801288356558,51.78364392424931,0,0
2026-01-01 01:56:00,S0014,air_quality,industrial,edge_industrial,1,15.806722033395951,73.79091831513915,0,0
2026-01-01 01:56:00,S0015,air_quality,residential,edge_residential,1,18.904574861153407,49.794959418231976,0,0
2026-01-01 01:56:00,S0016,structure,transit,edge_transit,2,0.2612512976936746,32.164098558905536,0,0
2026-01-01 01:56:00,S0017,energy,residential,edge_residential,1,80.61719995651877,68.38788721655288,0,0
2026-01-01 01:56:00,S0018,energy,transit,edge_transit,1,85.22685560890608,69.99155881589596,0,0
2026-01-01 01:56:00,S0019,structure,waterfront,edge_waterfront,2,0.24929618289337976,52.72789505345329,0,0
2026-01-01 01:56:00,S0020,traffic,transit,edge_transit,2,33.507184147934645,50.28061286111475,0,0
2026-01-01 01:56:00,S0021,traffic,industrial,edge_industrial,2,,33.514478030763954,0,1
2026-01-01 01:56:00,S0022,energy,transit,edge_transit,1,82.58717010406274,77.90486271636136,0,0
2026-01-01 01:56:00,S0023,traffic,residential,edge_residential,2,27.110160548299376,31.7148186323006,0,0
2026-01-01 01:56:00,S0024,traffic,downtown,edge_downtown,2,37.17598575383392,45.639540450425436,0,0
2026-01-01 01:56:00,S0025,air_quality,downtown,edge_downtown,1,21.971889316819826,63.61780807508351,0,0
2026-01-01 01:56:00,S0026,air_quality,transit,edge_transit,1,18.784199175239596,62.54216025923161,0,0
2026-01-01 01:56:00,S0027,structure,industrial,edge_industrial,2,0.327395234808453,37.13468390968216,0,0
2026-01-01 01:56:00,S0028,energy,residential,edge_residential,1,71.75718301425461,72.83416840285486,0,0
2026-01-01 01:56:00,S0029,air_quality,industrial,edge_industrial,1,23.971605253671033,74.75611791392572,0,0
2026-01-01 01:56:00,S0030,air_quality,industrial,edge_industrial,1,18.828431946045406,82.21407647798576,0,0
2026-01-01 01:56:00,S0031,traffic,downtown,edge_downtown,2,45.73188372667158,44.0522132846148,0,0
2026-01-01 01:56:00,S0032,traffic,industrial,edge_industrial,2,44.13914392815286,21.366485450191533,0,0
2026-01-01 01:56:00,S0033,traffic,waterfront,edge_waterfront,2,38.99967269853131,40.10126897047635,0,0
2026-01-01 01:56:00,S0034,energy,residential,edge_residential,1,76.78400954745764,80.82602803308279,0,0
2026-01-01 01:56:00,S0035,traffic,industrial,edge_industrial,2,31.022211716990366,49.4790072394046,0,0
2026-01-01 01:56:00,S0036,air_quality,residential,edge_residential,1,22.55970065902485,51.469046269780314,0,0
2026-01-01 01:56:00,S0037,traffic,waterfront,edge_waterfront,2,36.19575568708758,52.57319864405133,0,0
2026-01-01 01:56:00,S0038,energy,industrial,edge_industrial,1,78.0225789959942,77.0703305750289,0,0
2026-01-01 01:56:00,S0039,traffic,residential,edge_residential,2,33.93876642195443,30.486605144590825,0,0
2026-01-01 01:57:00,S0000,energy,residential,edge_residential,1,85.34250975425452,77.4534353865674,0,0
2026-01-01 01:57:00,S0001,structure,industrial,edge_industrial,2,0.3184453588985852,30.724611480405287,0,0
2026-01-01 01:57:00,S0002,energy,waterfront,edge_waterfront,1,77.42834330862186,98.28104138145292,0,0
2026-01-01 01:57:00,S0003,traffic,waterfront,edge_waterfront,2,31.016485822684228,45.21599098733043,0,0
2026-01-01 01:57:00,S0004,traffic,downtown,edge_downtown,2,40.29828188600802,42.295937772894746,0,0
2026-01-01 01:57:00,S0005,structure,residential,edge_residential,2,0.21411519770161835,33.430066805850345,0,0
2026-01-01 01:57:00,S0006,traffic,waterfront,edge_waterfront,2,32.44492297762216,42.95539993699265,0,0
2026-01-01 01:57:00,S0007,energy,waterfront,edge_waterfront,1,69.48641858075459,82.76697144352983,0,0
2026-01-01 01:57:00,S0008,energy,transit,edge_transit,1,73.26053777889501,51.22394666959562,0,0
2026-01-01 01:57:00,S0009,air_quality,transit,edge_transit,1,12.281474286880238,58.61416322754671,0,0
2026-01-01 01:57:00,S0010,traffic,downtown,edge_downtown,2,34.176431484964425,36.82218973149945,0,0
2026-01-01 01:57:00,S0011,traffic,transit,edge_transit,2,23.191678949338268,43.02848215648946,0,0
2026-01-01 01:57:00,S0012,traffic,residential,edge_residential,2,31.27346874681597,31.17288470416488,0,0
2026-01-01 01:57:00,S0013,air_quality,downtown,edge_downtown,1,21.590881417771968,64.66627604983576,0,0
2026-01-01 01:57:00,S0014,air_quality,industrial,edge_industrial,1,19.196416640295293,76.97435793775605,0,0
2026-01-01 01:57:00,S0015,air_quality,residential,edge_residential,1,25.73248844881609,54.985129519801724,0,0
2026-01-01 01:57:00,S0016,structure,transit,edge_transit,2,0.2562271026932142,41.07310877050017,0,0
2026-01-01 01:57:00,S0017,energy,residential,edge_residential,1,75.1694152956021,91.51365006989504,0,0
2026-01-01 01:57:00,S0018,energy,transit,edge_transit,1,73.24450823683794,103.46219611776957,0,0
2026-01-01 01:57:00,S0019,structure,waterfront,edge_waterfront,2,0.19541566952936396,12.776364231445122,0,0
2026-01-01 01:57:00,S0020,traffic,transit,edge_transit,2,37.078480702000334,44.56900158971096,0,0
2026-01-01 01:57:00,S0021,traffic,industrial,edge_industrial,2,29.944741109593725,43.87548249189035,0,0
2026-01-01 01:57:00,S0022,energy,transit,edge_transit,1,68.8825979607817,72.56562029259422,0,0
2026-01-01 01:57:00,S0023,traffic,residential,edge_residential,2,33.161722445878176,54.06432001528353,0,0
2026-01-01 01:57:00,S0024,traffic,downtown,edge_downtown,2,29.893893932507872,65.69093116794916,0,0
2026-01-01 01:57:00,S0025,air_quality,downtown,edge_downtown,1,15.40216008648741,50.788248188174876,0,0
2026-01-01 01:57:00,S0026,air_quality,transit,edge_transit,1,20.995378716778657,65.14347767152898,0,0
2026-01-01 01:57:00,S0027,structure,industrial,edge_industrial,2,0.26629550159316023,46.05985500353284,0,0
2026-01-01 01:57:00,S0028,energy,residential,edge_residential,1,88.41933916858247,61.00271007349164,0,0
2026-01-01 01:57:00,S0029,air_quality,industrial,edge_industrial,1,22.435324738649598,112.02992683062195,0,0
2026-01-01 01:57:00,S0030,air_quality,industrial,edge_industrial,1,30.140384987886645,77.19885300925473,1,0
2026-01-01 01:57:00,S0031,traffic,downtown,edge_downtown,2,36.792314044542266,56.40729695118292,0,0
2026-01-01 01:57:00,S0032,traffic,industrial,edge_industrial,2,33.94408259318201,41.13276149182331,0,0
2026-01-01 01:57:00,S0033,traffic,waterfront,edge_waterfront,2,35.07195386701715,54.046109260689434,0,0
2026-01-01 01:57:00,S0034,energy,residential,edge_residential,1,79.08226774654577,103.72429054850446,0,0
2026-01-01 01:57:00,S0035,traffic,industrial,edge_industrial,2,41.1307550087238,48.60035719153419,0,0
2026-01-01 01:57:00,S0036,air_quality,residential,edge_residential,1,23.10805072389133,73.04905327529374,0,0
2026-01-01 01:57:00,S0037,traffic,waterfront,edge_waterfront,2,33.65781081792562,27.643474832858324,0,0
2026-01-01 01:57:00,S0038,energy,industrial,edge_industrial,1,74.57274500761464,80.85782447559313,0,0
2026-01-01 01:57:00,S0039,traffic,residential,edge_residential,2,37.273931599085394,49.09890624438745,0,0
2026-01-01 01:58:00,S0000,energy,residential,edge_residential,1,74.34372517432122,73.84387568196667,0,0
2026-01-01 01:58:00,S0001,structure,industrial,edge_industrial,2,0.4917166007188831,39.82532679526339,1,0
2026-01-01 01:58:00,S0002,energy,waterfront,edge_waterfront,1,69.34815547904537,87.13084462378637,0,0
2026-01-01 01:58:00,S0003,traffic,waterfront,edge_waterfront,2,35.380902613382155,44.31449235935724,0,0
2026-01-01 01:58:00,S0004,traffic,downtown,edge_downtown,2,37.39261870155264,42.925919262962275,0,0
2026-01-01 01:58:00,S0005,structure,residential,edge_residential,2,0.2919125420863827,37.39897462490867,0,0
2026-01-01 01:58:00,S0006,traffic,waterfront,edge_waterfront,2,40.45823068431168,53.17016191383338,0,0
2026-01-01 01:58:00,S0007,energy,waterfront,edge_waterfront,1,77.92830836159293,92.5974164527381,0,0
2026-01-01 01:58:00,S0008,energy,transit,edge_transit,1,76.75594200806697,80.01108026053734,0,0
2026-01-01 01:58:00,S0009,air_quality,transit,edge_transit,1,23.58787654687567,60.42653792488077,0,0
2026-01-01 01:58:00,S0010,traffic,downtown,edge_downtown,2,33.59022158078178,50.0892929079419,0,0
2026-01-01 01:58:00,S0011,traffic,transit,edge_transit,2,39.777435605775196,46.1976898156509,0,0
2026-01-01 01:58:00,S0012,traffic,residential,edge_residential,2,38.67843797363615,44.50165239982778,0,0
2026-01-01 01:58:00,S0013,air_quality,downtown,edge_downtown,1,23.890834177727456,47.075136932423675,0,0
2026-01-01 01:58:00,S0014,air_quality,industrial,edge_industrial,1,23.104001069025035,85.13761411646844,0,0
2026-01-01 01:58:00,S0015,air_quality,residential,edge_residential,1,23.43684309712109,53.49840895022679,0,0
2026-01-01 01:58:00,S0016,structure,transit,edge_transit,2,0.17078621785581594,39.2211562758431,0,0
2026-01-01 01:58:00,S0017,energy,residential,edge_residential,1,74.07360138326344,91.10969945087722,0,0
2026-01-01 01:58:00,S0018,energy,transit,edge_transit,1,85.40712155421875,82.21586054148717,0,0
2026-01-01 01:58:00,S0019,structure,waterfront,edge_waterfront,2,0.1583007944056198,37.063746550044996,0,0
2026-01-01 01:58:00,S0020,traffic,transit,edge_transit,2,38.75758763353677,43.98782163181327,0,0
2026-01-01 01:58:00,S0021,traffic,industrial,edge_industrial,2,36.66300681656655,49.366231279346216,0,0
2026-01-01 01:58:00,S0022,energy,transit,edge_transit,1,69.9434916673305,44.15497680956168,0,0
2026-01-01 01:58:00,S0023,traffic,residential,edge_residential,2,41.75877575511269,33.44360779338951,0,0
2026-01-01 01:58:00,S0024,traffic,downtown,edge_downtown,2,29.75415045113159,54.47226676250217,0,0
2026-01-01 01:58:00,S0025,air_quality,downtown,edge_downtown,1,20.210097542295202,60.520549387840255,0,0
2026-01-01 01:58:00,S0026,air_quality,transit,edge_transit,1,24.10394198990292,61.35987401840711,0,0
2026-01-01 01:58:00,S0027,structure,industrial,edge_industrial,2,0.23965828665250316,40.921857655390845,0,0
2026-01-01 01:58:00,S0028,energy,residential,edge_residential,1,68.83985232562765,82.74031623417054,0,0
2026-01-01 01:58:00,S0029,air_quality,industrial,edge_industrial,1,20.636024997168978,49.92215665825669,0,0
2026-01-01 01:58:00,S0030,air_quality,industrial,edge_industrial,1,20.137767666789486,51.56153046707831,0,0
2026-01-01 01:58:00,S0031,traffic,downtown,edge_downtown,2,26.568537228718483,57.20788932463152,0,0
2026-01-01 01:58:00,S0032,traffic,industrial,edge_industrial,2,28.62295052197595,29.571652120530985,0,0
2026-01-01 01:58:00,S0033,traffic,waterfront,edge_waterfront,2,34.07813208609643,31.644971557957156,0,0
2026-01-01 01:58:00,S0034,energy,residential,edge_residential,1,75.81409103228694,82.23526123801813,0,0
2026-01-01 01:58:00,S0035,traffic,industrial,edge_industrial,2,43.578893261065026,35.66236080794694,0,0
2026-01-01 01:58:00,S0036,air_quality,residential,edge_residential,1,19.48075592051587,70.17952112384846,0,0
2026-01-01 01:58:00,S0037,traffic,waterfront,edge_waterfront,2,34.72370432664252,33.18081740483483,0,0
2026-01-01 01:58:00,S0038,energy,industrial,edge_industrial,1,77.13933096588754,84.7394911671141,0,0
2026-01-01 01:58:00,S0039,traffic,residential,edge_residential,2,41.9390466959604,35.97006037141426,0,0
2026-01-01 01:59:00,S0000,energy,residential,edge_residential,1,79.19332969326301,95.18234017666144,0,0
2026-01-01 01:59:00,S0001,structure,industrial,edge_industrial,2,0.20383719736067935,39.66349972050978,0,0
2026-01-01 01:59:00,S0002,energy,waterfront,edge_waterfront,1,78.1391876168401,67.30484562768447,0,0
2026-01-01 01:59:00,S0003,traffic,waterfront,edge_waterfront,2,32.654590692618164,35.6140934435226,0,0
2026-01-01 01:59:00,S0004,traffic,downtown,edge_downtown,2,33.72653814783754,40.90052705493965,0,0
2026-01-01 01:59:00,S0005,structure,residential,edge_residential,2,0.23600926246980686,41.502876019783294,0,0
2026-01-01 01:59:00,S0006,traffic,waterfront,edge_waterfront,2,37.62192458091952,26.062276093424725,0,0
2026-01-01 01:59:00,S0007,energy,waterfront,edge_waterfront,1,168.70686133054795,90.855795638953,1,0
2026-01-01 01:59:00,S0008,energy,transit,edge_transit,1,74.05227241751652,105.16165048543458,0,0
2026-01-01 01:59:00,S0009,air_quality,transit,edge_transit,1,23.514368949974763,66.73694893913078,0,0
2026-01-01 01:59:00,S0010,traffic,downtown,edge_downtown,2,31.88173814849792,49.12190733285312,0,0
2026-01-01 01:59:00,S0011,traffic,transit,edge_transit,2,31.04309120946978,25.134481129290972,0,0
2026-01-01 01:59:00,S0012,traffic,residential,edge_residential,2,36.45340086946768,35.42451323381097,0,0
2026-01-01 01:59:00,S0013,air_quality,downtown,edge_downtown,1,22.780302445814804,52.68438307193912,0,0
2026-01-01 01:59:00,S0014,air_quality,industrial,edge_industrial,1,22.38664440133409,68.71163306045379,0,0
2026-01-01 01:59:00,S0015,air_quality,residential,edge_residential,1,21.132490622576675,94.77186014184797,0,0
2026-01-01 01:59:00,S0016,structure,transit,edge_transit,2,0.22528045290930807,40.70567365013905,0,0
2026-01-01 01:59:00,S0017,energy,residential,edge_residential,1,76.08274889317032,89.82092712026665,0,0
2026-01-01 01:59:00,S0018,energy,transit,edge_transit,1,75.80105706382588,86.53297441712732,0,0
2026-01-01 01:59:00,S0019,structure,waterfront,edge_waterfront,2,0.2937739215183434,43.46085963418413,0,0
2026-01-01 01:59:00,S0020,traffic,transit,edge_transit,2,28.542345556966406,42.07997175589882,0,0
2026-01-01 01:59:00,S0021,traffic,industrial,edge_industrial,2,35.13287205433446,46.007524895963776,0,0
2026-01-01 01:59:00,S0022,energy,transit,edge_transit,1,81.82799516346802,48.136887259699385,0,0
2026-01-01 01:59:00,S0023,traffic,residential,edge_residential,2,38.691846001483434,43.12412293287381,0,0
2026-01-01 01:59:00,S0024,traffic,downtown,edge_downtown,2,33.59359298439976,40.48352036291919,0,0
2026-01-01 01:59:00,S0025,air_quality,downtown,edge_downtown,1,22.046594108375913,70.81672321421212,0,0
2026-01-01 01:59:00,S0026,air_quality,transit,edge_transit,1,23.22959849789869,48.6803547242628,0,0
2026-01-01 01:59:00,S0027,structure,industrial,edge_industrial,2,0.2610669230659934,32.04894512610034,0,0
2026-01-01 01:59:00,S0028,energy,residential,edge_residential,1,83.6275556994104,99.78792339926383,0,0
2026-01-01 01:59:00,S0029,air_quality,industrial,edge_industrial,1,22.943937082357316,89.46688969487242,0,0
2026-01-01 01:59:00,S0030,air_quality,industrial,edge_industrial,1,21.596948501142784,65.1967421359473,0,0
2026-01-01 01:59:00,S0031,traffic,downtown,edge_downtown,2,36.02653195314055,27.143446022736043,0,0
2026-01-01 01:59:00,S0032,traffic,industrial,edge_industrial,2,40.322628253310015,36.2636777286528,0,0
2026-01-01 01:59:00,S0033,traffic,waterfront,edge_waterfront,2,17.99502280221098,37.63029958215583,0,0
2026-01-01 01:59:00,S0034,energy,residential,edge_residential,1,75.55363328161222,79.62402585096466,0,0
2026-01-01 01:59:00,S0035,traffic,industrial,edge_industrial,2,39.54319399412908,35.4291626247595,0,0
2026-01-01 01:59:00,S0036,air_quality,residential,edge_residential,1,21.286027457548663,15.850216872919376,0,0
2026-01-01 01:59:00,S0037,traffic,waterfront,edge_waterfront,2,27.55974393666149,35.46008526522032,0,0
2026-01-01 01:59:00,S0038,energy,industrial,edge_industrial,1,74.2838230613076,104.50533739576225,0,0
2026-01-01 01:59:00,S0039,traffic,residential,edge_residential,2,45.36916377270304,44.30841941419035,0,0
2026-01-01 02:00:00,S0000,energy,residential,edge_residential,1,77.29725739139583,58.31520381423502,0,0
2026-01-01 02:00:00,S0001,structure,industrial,edge_industrial,2,0.1974107842360159,38.340128170142734,0,0
2026-01-01 02:00:00,S0002,energy,waterfront,edge_waterfront,1,72.89783491853996,86.92402131496705,0,0
2026-01-01 02:00:00,S0003,traffic,waterfront,edge_waterfront,2,23.501458963416916,45.31044496427501,0,0
2026-01-01 02:00:00,S0004,traffic,downtown,edge_downtown,2,39.508658042159105,64.79211909905457,0,0
2026-01-01 02:00:00,S0005,structure,residential,edge_residential,2,0.24646885804185495,33.241213757666294,0,0
2026-01-01 02:00:00,S0006,traffic,waterfront,edge_waterfront,2,39.363321475629405,39.58951228772284,0,0
2026-01-01 02:00:00,S0007,energy,waterfront,edge_waterfront,1,66.28535903165135,79.9503278685389,0,0
2026-01-01 02:00:00,S0008,energy,transit,edge_transit,1,75.49773477011834,70.23590417809741,0,0
2026-01-01 02:00:00,S0009,air_quality,transit,edge_transit,1,16.889053422038746,40.83081170865046,0,0
2026-01-01 02:00:00,S0010,traffic,downtown,edge_downtown,2,23.47750799033495,48.90215496627217,0,0
2026-01-01 02:00:00,S0011,traffic,transit,edge_transit,2,42.46914110030894,37.908027912205455,0,0
2026-01-01 02:00:00,S0012,traffic,residential,edge_residential,2,31.28233380509762,57.73289903979894,0,0
2026-01-01 02:00:00,S0013,air_quality,downtown,edge_downtown,1,20.10011884276682,51.44706203174674,0,0
2026-01-01 02:00:00,S0014,air_quality,industrial,edge_industrial,1,18.30882255152686,61.58972855563685,0,0
2026-01-01 02:00:00,S0015,air_quality,residential,edge_residential,1,17.208807176000455,65.81630785014042,0,0
2026-01-01 02:00:00,S0016,structure,transit,edge_transit,2,0.19745162830469137,43.53147574330826,0,0
2026-01-01 02:00:00,S0017,energy,residential,edge_residential,1,80.12611347157285,82.31224777843207,0,0
2026-01-01 02:00:00,S0018,energy,transit,edge_transit,1,72.92186261157586,85.29764642285262,0,0
2026-01-01 02:00:00,S0019,structure,waterfront,edge_waterfront,2,0.20723605688757446,46.31472773395008,0,0
2026-01-01 02:00:00,S0020,traffic,transit,edge_transit,2,33.34568321174782,34.4867247355157,0,0
2026-01-01 02:00:00,S0021,traffic,industrial,edge_industrial,2,40.24058240022629,51.79081566318433,0,0
2026-01-01 02:00:00,S0022,energy,transit,edge_transit,1,67.27959810644937,97.66819202569715,0,0
2026-01-01 02:00:00,S0023,traffic,residential,edge_residential,2,35.02406376803112,36.70902133155842,0,0
2026-01-01 02:00:00,S0024,traffic,downtown,edge_downtown,2,37.485360041321684,40.65330873919378,0,0
2026-01-01 02:00:00,S0025,air_quality,downtown,edge_downtown,1,16.087197436106024,85.23051928366982,0,0
2026-01-01 02:00:00,S0026,air_quality,transit,edge_transit,1,20.83317066312308,57.706048953061085,0,0
2026-01-01 02:00:00,S0027,structure,industrial,edge_industrial,2,0.23794182916573275,33.5764577421659,0,0
2026-01-01 02:00:00,S0028,energy,residential,edge_residential,1,75.39280751330028,57.18718720826942,0,0
2026-01-01 02:00:00,S0029,air_quality,industrial,edge_industrial,1,19.08253380638063,48.74491185593311,0,0
2026-01-01 02:00:00,S0030,air_quality,industrial,edge_industrial,1,24.35727090483016,57.24975981542834,0,0
2026-01-01 02:00:00,S0031,traffic,downtown,edge_downtown,2,44.754604403205704,40.842509782860574,0,0
2026-01-01 02:00:00,S0032,traffic,industrial,edge_industrial,2,32.51141885004159,18.04083090050954,0,0
2026-01-01 02:00:00,S0033,traffic,waterfront,edge_waterfront,2,33.21211921647889,45.524371687176014,0,0
2026-01-01 02:00:00,S0034,energy,residential,edge_residential,1,69.28390041258756,71.2895607880745,0,0
2026-01-01 02:00:00,S0035,traffic,industrial,edge_industrial,2,38.471873690145976,43.987339150080416,0,0
2026-01-01 02:00:00,S0036,air_quality,residential,edge_residential,1,18.76946051774835,62.286948795437006,0,0
2026-01-01 02:00:00,S0037,traffic,waterfront,edge_waterfront,2,31.625293614670177,47.883616767996116,0,0
2026-01-01 02:00:00,S0038,energy,industrial,edge_industrial,1,83.64205114688691,96.28116074586484,0,0
2026-01-01 02:00:00,S0039,traffic,residential,edge_residential,2,35.420431527178785,40.56952506793814,0,0
2026-01-01 02:01:00,S0000,energy,residential,edge_residential,1,137.76489847711306,106.81445172451089,1,0
2026-01-01 02:01:00,S0001,structure,industrial,edge_industrial,2,0.2635196713010594,32.712153266214116,0,0
2026-01-01 02:01:00,S0002,energy,waterfront,edge_waterfront,1,81.79238549839653,72.19149772500231,0,0
2026-01-01 02:01:00,S0003,traffic,waterfront,edge_waterfront,2,36.59083951901569,26.01076517478488,0,0
2026-01-01 02:01:00,S0004,traffic,downtown,edge_downtown,2,37.226935273074304,46.91825275194995,0,0
2026-01-01 02:01:00,S0005,structure,residential,edge_residential,2,0.28146373137150416,38.175506150644416,0,0
2026-01-01 02:01:00,S0006,traffic,waterfront,edge_waterfront,2,32.654758294614155,48.880309848871676,0,0
2026-01-01 02:01:00,S0007,energy,waterfront,edge_waterfront,1,81.75108173973607,86.17146663560291,0,0
2026-01-01 02:01:00,S0008,energy,transit,edge_transit,1,80.93049182409166,67.93028434644684,0,0
2026-01-01 02:01:00,S0009,air_quality,transit,edge_transit,1,18.80842849846498,51.94370267724859,0,0
2026-01-01 02:01:00,S0010,traffic,downtown,edge_downtown,2,43.183554333983565,40.71798770138702,0,0
2026-01-01 02:01:00,S0011,traffic,transit,edge_transit,2,32.27278252438248,68.5427924665023,0,0
2026-01-01 02:01:00,S0012,traffic,residential,edge_residential,2,30.002514656298132,45.08647558029967,0,0
2026-01-01 02:01:00,S0013,air_quality,downtown,edge_downtown,1,25.421399225612348,52.55886090403516,0,0
2026-01-01 02:01:00,S0014,air_quality,industrial,edge_industrial,1,19.87026796183433,76.76429278259583,0,0
2026-01-01 02:01:00,S0015,air_quality,residential,edge_residential,1,17.440435440504515,64.121173132749,0,0
2026-01-01 02:01:00,S0016,structure,transit,edge_transit,2,0.17937933304074133,39.09399422315478,0,0
2026-01-01 02:01:00,S0017,energy,residential,edge_residential,1,74.99529773762372,32.04697303023557,0,0
2026-01-01 02:01:00,S0018,energy,transit,edge_transit,1,76.25294097418482,95.75424956851177,0,0
2026-01-01 02:01:00,S0019,structure,waterfront,edge_waterfront,2,0.2398966033717367,30.38975564785312,0,0
2026-01-01 02:01:00,S0020,traffic,transit,edge_transit,2,36.965086879141445,56.44056492560482,0,0
2026-01-01 02:01:00,S0021,traffic,industrial,edge_industrial,2,24.518650698601718,46.602767918616486,0,0
2026-01-01 02:01:00,S0022,energy,transit,edge_transit,1,94.05339592451418,91.14237515459001,0,0
2026-01-01 02:01:00,S0023,traffic,residential,edge_residential,2,28.73099870826813,41.83136617984126,0,0
2026-01-01 02:01:00,S0024,traffic,downtown,edge_downtown,2,41.840218014108615,34.552703048687,0,0
2026-01-01 02:01:00,S0025,air_quality,downtown,edge_downtown,1,22.91702562356607,69.52171745462486,0,0
2026-01-01 02:01:00,S0026,air_quality,transit,edge_transit,1,20.858402438268943,80.48248611840208,0,0
2026-01-01 02:01:00,S0027,structure,industrial,edge_industrial,2,0.24972242744420592,44.02469531292564,0,0
2026-01-01 02:01:00,S0028,energy,residential,edge_residential,1,74.47465544584175,89.81292676374433,0,0
2026-01-01 02:01:00,S0029,air_quality,industrial,edge_industrial,1,25.397812823660992,80.4192010186682,0,0
2026-01-01 02:01:00,S0030,air_quality,industrial,edge_industrial,1,24.01643796518056,82.78464182576687,0,0
2026-01-01 02:01:00,S0031,traffic,downtown,edge_downtown,2,33.62295841444022,36.75688121714968,0,0
2026-01-01 02:01:00,S0032,traffic,industrial,edge_industrial,2,27.496200114161724,21.569531842970672,0,0
2026-01-01 02:01:00,S0033,traffic,waterfront,edge_waterfront,2,33.40281011403736,33.986406850821524,0,0
2026-01-01 02:01:00,S0034,energy,residential,edge_residential,1,72.6781353132302,88.06020197337475,0,0
2026-01-01 02:01:00,S0035,traffic,industrial,edge_industrial,2,30.554750878118533,47.75269069519467,0,0
2026-01-01 02:01:00,S0036,air_quality,residential,edge_residential,1,20.809789456328303,63.298411721636114,0,0
2026-01-01 02:01:00,S0037,traffic,waterfront,edge_waterfront,2,34.12533096727088,43.900574646224655,0,0
2026-01-01 02:01:00,S0038,energy,industrial,edge_industrial,1,80.06531873172284,84.43268303579428,0,0
2026-01-01 02:01:00,S0039,traffic,residential,edge_residential,2,31.728773066439448,47.96801408700153,0,0
2026-01-01 02:02:00,S0000,energy,residential,edge_residential,1,74.56530962238732,80.68156125369634,0,0
2026-01-01 02:02:00,S0001,structure,industrial,edge_industrial,2,0.26230520780916494,5.0,0,0
2026-01-01 02:02:00,S0002,energy,waterfront,edge_waterfront,1,76.89711643021764,92.18123381269544,0,0
2026-01-01 02:02:00,S0003,traffic,waterfront,edge_waterfront,2,37.21384151790863,41.60229418597343,0,0
2026-01-01 02:02:00,S0004,traffic,downtown,edge_downtown,2,35.578253966494195,29.519343815572544,0,0
2026-01-01 02:02:00,S0005,structure,residential,edge_residential,2,0.2578838671405947,45.8891424808252,0,0
2026-01-01 02:02:00,S0006,traffic,waterfront,edge_waterfront,2,39.619629588303425,33.79998163753707,0,0
2026-01-01 02:02:00,S0007,energy,waterfront,edge_waterfront,1,81.9684557453461,72.10070308425608,0,0
2026-01-01 02:02:00,S0008,energy,transit,edge_transit,1,72.43511887742724,73.73056504374786,0,0
2026-01-01 02:02:00,S0009,air_quality,transit,edge_transit,1,21.146875226068232,27.48407616011552,0,0
2026-01-01 02:02:00,S0010,traffic,downtown,edge_downtown,2,32.57058906019877,48.40122843423577,0,0
2026-01-01 02:02:00,S0011,traffic,transit,edge_transit,2,39.99739276900544,50.28720595572745,0,0
2026-01-01 02:02:00,S0012,traffic,residential,edge_residential,2,41.39903485967049,55.23450802041057,0,0
2026-01-01 02:02:00,S0013,air_quality,downtown,edge_downtown,1,23.37336899084181,60.51260216759211,0,0
2026-01-01 02:02:00,S0014,air_quality,industrial,edge_industrial,1,16.99280637803356,63.264537359242695,0,0
2026-01-01 02:02:00,S0015,air_quality,residential,edge_residential,1,22.280553632792554,70.91026626732987,0,0
2026-01-01 02:02:00,S0016,structure,transit,edge_transit,2,0.26363930210529857,45.5092248970426,0,0
2026-01-01 02:02:00,S0017,energy,residential,edge_residential,1,71.43994004136142,77.47803489433954,0,0
2026-01-01 02:02:00,S0018,energy,transit,edge_transit,1,73.50093672053116,107.08320791751902,0,0
2026-01-01 02:02:00,S0019,structure,waterfront,edge_waterfront,2,0.22020709144866588,38.569390720163454,0,0
2026-01-01 02:02:00,S0020,traffic,transit,edge_transit,2,36.75957894117135,43.5555479508255,0,0
2026-01-01 02:02:00,S0021,traffic,industrial,edge_industrial,2,27.00436093724838,56.4264287521955,0,0
2026-01-01 02:02:00,S0022,energy,transit,edge_transit,1,83.62956791273709,82.33243185465862,0,0
2026-01-01 02:02:00,S0023,traffic,residential,edge_residential,2,34.76699760664953,28.246596264133636,0,0
2026-01-01 02:02:00,S0024,traffic,downtown,edge_downtown,2,34.68116007939891,44.11148799164329,0,0
2026-01-01 02:02:00,S0025,air_quality,downtown,edge_downtown,1,17.81676502629132,66.94086400135491,0,0
2026-01-01 02:02:00,S0026,air_quality,transit,edge_transit,1,22.371717724149274,67.79759014417024,0,0
2026-01-01 02:02:00,S0027,structure,industrial,edge_industrial,2,0.42916241273224076,34.62334690480007,1,0
2026-01-01 02:02:00,S0028,energy,residential,edge_residential,1,68.37706193479343,90.4223323824214,0,0
2026-01-01 02:02:00,S0029,air_quality,industrial,edge_industrial,1,18.681257498348927,76.06474468405794,0,0
2026-01-01 02:02:00,S0030,air_quality,industrial,edge_industrial,1,18.758320744506026,40.800439432923056,0,0
2026-01-01 02:02:00,S0031,traffic,downtown,edge_downtown,2,36.93916411944195,33.46594041849771,0,0
2026-01-01 02:02:00,S0032,traffic,industrial,edge_industrial,2,40.04824120125899,41.850984814361176,0,0
2026-01-01 02:02:00,S0033,traffic,waterfront,edge_waterfront,2,39.76779029411492,35.29599020553345,0,0
2026-01-01 02:02:00,S0034,energy,residential,edge_residential,1,73.94226800393646,112.0727867893338,0,0
2026-01-01 02:02:00,S0035,traffic,industrial,edge_industrial,2,32.767071359139905,27.182202744891256,0,0
2026-01-01 02:02:00,S0036,air_quality,residential,edge_residential,1,19.515404660770077,57.876902932211415,0,0
2026-01-01 02:02:00,S0037,traffic,waterfront,edge_waterfront,2,37.828630594765436,35.864852434728256,0,0
2026-01-01 02:02:00,S0038,energy,industrial,edge_industrial,1,82.03516764783579,59.916044956090076,0,0
2026-01-01 02:02:00,S0039,traffic,residential,edge_residential,2,45.191268488545546,48.4174750150674,0,0
2026-01-01 02:03:00,S0000,energy,residential,edge_residential,1,81.44989183982938,65.02599218845252,0,0
2026-01-01 02:03:00,S0001,structure,industrial,edge_industrial,2,0.19523122794204742,38.88193834556598,0,0
2026-01-01 02:03:00,S0002,energy,waterfront,edge_waterfront,1,72.79532891383113,86.30745931578818,0,0
2026-01-01 02:03:00,S0003,traffic,waterfront,edge_waterfront,2,29.515766301500847,57.042333992485744,0,0
2026-01-01 02:03:00,S0004,traffic,downtown,edge_downtown,2,36.55966734809225,35.91900703446567,0,0
2026-01-01 02:03:00,S0005,structure,residential,edge_residential,2,0.2621972495584969,40.75228576947974,0,0
2026-01-01 02:03:00,S0006,traffic,waterfront,edge_waterfront,2,29.40379680160192,41.22011990254946,0,0
2026-01-01 02:03:00,S0007,energy,waterfront,edge_waterfront,1,69.65342378562652,96.82982928227605,0,0
2026-01-01 02:03:00,S0008,energy,transit,edge_transit,1,82.6037082150588,84.24908677595116,0,0
2026-01-01 02:03:00,S0009,air_quality,transit,edge_transit,1,19.686140309197896,67.05992661237394,0,0
2026-01-01 02:03:00,S0010,traffic,downtown,edge_downtown,2,37.74112778849879,57.80325316075675,0,0
2026-01-01 02:03:00,S0011,traffic,transit,edge_transit,2,35.82846515754913,43.820929652310305,0,0
2026-01-01 02:03:00,S0012,traffic,residential,edge_residential,2,36.72377658249829,43.69317289251243,0,0
2026-01-01 02:03:00,S0013,air_quality,downtown,edge_downtown,1,20.654746654729113,62.31559679937373,0,0
2026-01-01 02:03:00,S0014,air_quality,industrial,edge_industrial,1,23.92992989315784,57.26648170450889,0,0
2026-01-01 02:03:00,S0015,air_quality,residential,edge_residential,1,20.175239038298905,90.66856172465994,0,0
2026-01-01 02:03:00,S0016,structure,transit,edge_transit,2,0.28193113765827604,30.119854661715777,0,0
2026-01-01 02:03:00,S0017,energy,residential,edge_residential,1,75.75332650707463,53.639685278635206,0,0
2026-01-01 02:03:00,S0018,energy,transit,edge_transit,1,76.64777960365748,81.39447849737903,0,0
2026-01-01 02:03:00,S0019,structure,waterfront,edge_waterfront,2,0.31559310234332555,55.61517784348531,0,0
2026-01-01 02:03:00,S0020,traffic,transit,edge_transit,2,36.93018488958513,57.86246696199586,0,0
2026-01-01 02:03:00,S0021,traffic,industrial,edge_industrial,2,29.65344043708096,57.53790293156747,0,0
2026-01-01 02:03:00,S0022,energy,transit,edge_transit,1,87.96292332697938,75.18374105149032,0,0
2026-01-01 02:03:00,S0023,traffic,residential,edge_residential,2,49.58746866721576,51.86244130835028,0,0
2026-01-01 02:03:00,S0024,traffic,downtown,edge_downtown,2,39.327885397762934,63.91716553923386,0,0
2026-01-01 02:03:00,S0025,air_quality,downtown,edge_downtown,1,20.48968380954455,46.36112182012145,0,0
2026-01-01 02:03:00,S0026,air_quality,transit,edge_transit,1,19.5115566435897,84.3592469204579,0,0
2026-01-01 02:03:00,S0027,structure,industrial,edge_industrial,2,0.2824098842987382,50.231926858417154,0,0
2026-01-01 02:03:00,S0028,energy,residential,edge_residential,1,66.05813707206129,39.02799946783289,0,0
2026-01-01 02:03:00,S0029,air_quality,industrial,edge_industrial,1,21.452663275627582,61.09881274721691,0,0
2026-01-01 02:03:00,S0030,air_quality,industrial,edge_industrial,1,19.238970710336954,73.51475786344294,0,0
2026-01-01 02:03:00,S0031,traffic,downtown,edge_downtown,2,33.54944427368772,50.254482203811904,0,0
2026-01-01 02:03:00,S0032,traffic,industrial,edge_industrial,2,30.558165426660533,44.394106438418525,0,0
2026-01-01 02:03:00,S0033,traffic,waterfront,edge_waterfront,2,47.37967605715481,40.66047171227249,0,0
2026-01-01 02:03:00,S0034,energy,residential,edge_residential,1,81.68815384471894,84.25098118228597,0,0
2026-01-01 02:03:00,S0035,traffic,industrial,edge_industrial,2,37.34943400729557,37.36307370340285,0,0
2026-01-01 02:03:00,S0036,air_quality,residential,edge_residential,1,22.644353582818194,62.4308706958367,0,0
2026-01-01 02:03:00,S0037,traffic,waterfront,edge_waterfront,2,32.57038338755677,36.83281153232675,0,0
2026-01-01 02:03:00,S0038,energy,industrial,edge_industrial,1,70.37588241101132,84.2541365054469,0,0
2026-01-01 02:03:00,S0039,traffic,residential,edge_residential,2,40.07713467575753,49.41902434410653,0,0
2026-01-01 02:04:00,S0000,energy,residential,edge_residential,1,75.91436549644745,70.21707841919974,0,0
2026-01-01 02:04:00,S0001,structure,industrial,edge_industrial,2,0.21068738979775603,19.98577340959923,0,0
2026-01-01 02:04:00,S0002,energy,waterfront,edge_waterfront,1,83.27867850871789,60.22853543144794,0,0
2026-01-01 02:04:00,S0003,traffic,waterfront,edge_waterfront,2,37.92521354219251,55.45239216118256,0,0
2026-01-01 02:04:00,S0004,traffic,downtown,edge_downtown,2,36.322355847636295,35.44469708061852,0,0
2026-01-01 02:04:00,S0005,structure,residential,edge_residential,2,0.24031763740523737,59.09040423264097,0,0
2026-01-01 02:04:00,S0006,traffic,waterfront,edge_waterfront,2,36.49915467522028,35.30369934677077,0,0
2026-01-01 02:04:00,S0007,energy,waterfront,edge_waterfront,1,78.53454712451095,71.04747805576702,0,0
2026-01-01 02:04:00,S0008,energy,transit,edge_transit,1,78.95712747487232,77.24027389773396,0,0
2026-01-01 02:04:00,S0009,air_quality,transit,edge_transit,1,18.520332286350687,38.82801257547318,0,0
2026-01-01 02:04:00,S0010,traffic,downtown,edge_downtown,2,42.184614593287215,33.56941727620371,0,0
2026-01-01 02:04:00,S0011,traffic,transit,edge_transit,2,40.47699738740327,13.825882989894843,0,0
2026-01-01 02:04:00,S0012,traffic,residential,edge_residential,2,34.03123392214876,63.40776814676886,0,0
2026-01-01 02:04:00,S0013,air_quality,downtown,edge_downtown,1,20.328856717090414,53.06331979777483,0,0
2026-01-01 02:04:00,S0014,air_quality,industrial,edge_industrial,1,19.58301430964533,57.282937942323805,0,0
2026-01-01 02:04:00,S0015,air_quality,residential,edge_residential,1,21.343030075952537,67.75346459026484,0,0
2026-01-01 02:04:00,S0016,structure,transit,edge_transit,2,0.21938366902129108,42.58738516902243,0,0
2026-01-01 02:04:00,S0017,energy,residential,edge_residential,1,74.91739995610939,48.23669650330504,0,0
2026-01-01 02:04:00,S0018,energy,transit,edge_transit,1,80.67763648714443,87.84143668882237,0,0
2026-01-01 02:04:00,S0019,structure,waterfront,edge_waterfront,2,0.18832846416849344,41.32055220258728,0,0
2026-01-01 02:04:00,S0020,traffic,transit,edge_transit,2,43.56221425717851,32.82098206917735,0,0
2026-01-01 02:04:00,S0021,traffic,industrial,edge_industrial,2,29.613410424602165,36.74793981249308,0,0
2026-01-01 02:04:00,S0022,energy,transit,edge_transit,1,133.10462042236014,56.806513443123336,1,0
2026-01-01 02:04:00,S0023,traffic,residential,edge_residential,2,38.26015798010725,42.77879675900646,0,0
2026-01-01 02:04:00,S0024,traffic,downtown,edge_downtown,2,41.5384083400316,49.39508321080298,0,0
2026-01-01 02:04:00,S0025,air_quality,downtown,edge_downtown,1,21.17267809475391,54.12324956849717,0,0
2026-01-01 02:04:00,S0026,air_quality,transit,edge_transit,1,17.82105470798536,71.7071436678718,0,0
2026-01-01 02:04:00,S0027,structure,industrial,edge_industrial,2,0.23847508789067734,34.86802592164313,0,0
2026-01-01 02:04:00,S0028,energy,residential,edge_residential,1,79.04984648818747,78.21898775882146,0,0
2026-01-01 02:04:00,S0029,air_quality,industrial,edge_industrial,1,22.960422062021912,46.39838547566829,0,0
2026-01-01 02:04:00,S0030,air_quality,industrial,edge_industrial,1,19.63539416668295,76.0825451368409,0,0
2026-01-01 02:04:00,S0031,traffic,downtown,edge_downtown,2,37.20260439684966,43.055800714066486,0,0
2026-01-01 02:04:00,S0032,traffic,industrial,edge_industrial,2,32.105851425166755,63.052597975403216,0,0
2026-01-01 02:04:00,S0033,traffic,waterfront,edge_waterfront,2,35.19750710909216,35.7800755223181,0,0
2026-01-01 02:04:00,S0034,energy,residential,edge_residential,1,74.95340015568406,103.53819634486821,0,0
2026-01-01 02:04:00,S0035,traffic,industrial,edge_industrial,2,30.301294530699526,42.61065911092072,0,0
2026-01-01 02:04:00,S0036,air_quality,residential,edge_residential,1,27.941475866135974,35.05363306784143,0,0
2026-01-01 02:04:00,S0037,traffic,waterfront,edge_waterfront,2,28.62648835590219,53.45447747873123,0,0
2026-01-01 02:04:00,S0038,energy,industrial,edge_industrial,1,84.18359935299104,97.17582908262433,0,0
2026-01-01 02:04:00,S0039,traffic,residential,edge_residential,2,37.24846458651702,51.432151325840856,0,0
2026-01-01 02:05:00,S0000,energy,residential,edge_residential,1,76.87293698338017,66.46019197623777,0,0
2026-01-01 02:05:00,S0001,structure,industrial,edge_industrial,2,0.27149580583222105,40.31978933990555,0,0
2026-01-01 02:05:00,S0002,energy,waterfront,edge_waterfront,1,82.11080927868849,80.0439815932635,0,0
2026-01-01 02:05:00,S0003,traffic,waterfront,edge_waterfront,2,31.080539655651364,36.63481451708523,0,0
2026-01-01 02:05:00,S0004,traffic,downtown,edge_downtown,2,33.36139432125589,40.48511889450524,0,0
2026-01-01 02:05:00,S0005,structure,residential,edge_residential,2,0.2981340476703134,57.819344561538834,0,0
2026-01-01 02:05:00,S0006,traffic,waterfront,edge_waterfront,2,21.763355853316398,46.70312633569705,0,0
2026-01-01 02:05:00,S0007,energy,waterfront,edge_waterfront,1,81.8831796101394,113.58172576508647,0,0
2026-01-01 02:05:00,S0008,energy,transit,edge_transit,1,82.93420636004755,87.2533071086192,0,0
2026-01-01 02:05:00,S0009,air_quality,transit,edge_transit,1,19.397169293826774,19.694410850360015,0,0
2026-01-01 02:05:00,S0010,traffic,downtown,edge_downtown,2,40.83588075430747,19.340892493933975,0,0
2026-01-01 02:05:00,S0011,traffic,transit,edge_transit,2,34.97747232954409,32.69369292734506,0,0
2026-01-01 02:05:00,S0012,traffic,residential,edge_residential,2,35.580745400376166,46.32453543539579,0,0
2026-01-01 02:05:00,S0013,air_quality,downtown,edge_downtown,1,18.048420465593104,83.19617735779457,0,0
2026-01-01 02:05:00,S0014,air_quality,industrial,edge_industrial,1,23.744893119069708,79.97604570725213,0,0
2026-01-01 02:05:00,S0015,air_quality,residential,edge_residential,1,16.649034208897397,58.970599284020565,0,0
2026-01-01 02:05:00,S0016,structure,transit,edge_transit,2,0.22408550579722114,28.290202875593568,0,0
2026-01-01 02:05:00,S0017,energy,residential,edge_residential,1,81.23118409497253,125.26482924480563,0,0
2026-01-01 02:05:00,S0018,energy,transit,edge_transit,1,76.21842360428681,78.08705292039886,0,0
2026-01-01 02:05:00,S0019,structure,waterfront,edge_waterfront,2,0.2903235271497993,57.98485563726382,0,0
2026-01-01 02:05:00,S0020,traffic,transit,edge_transit,2,40.58903151241355,24.68512099931527,0,0
2026-01-01 02:05:00,S0021,traffic,industrial,edge_industrial,2,36.09760066364567,33.1616617371344,0,0
2026-01-01 02:05:00,S0022,energy,transit,edge_transit,1,69.86628314501598,37.47821375426368,0,0
2026-01-01 02:05:00,S0023,traffic,residential,edge_residential,2,40.482283188331365,35.99395478432807,0,0
2026-01-01 02:05:00,S0024,traffic,downtown,edge_downtown,2,37.12759516142942,41.131662084199306,0,0
2026-01-01 02:05:00,S0025,air_quality,downtown,edge_downtown,1,39.78200717028705,64.75766916002146,1,0
2026-01-01 02:05:00,S0026,air_quality,transit,edge_transit,1,23.088386241139908,57.592582658892894,0,0
2026-01-01 02:05:00,S0027,structure,industrial,edge_industrial,2,0.24590222034521453,44.41787267748131,0,0
2026-01-01 02:05:00,S0028,energy,residential,edge_residential,1,71.79931937593281,80.12469655310117,0,0
2026-01-01 02:05:00,S0029,air_quality,industrial,edge_industrial,1,21.43618354886071,47.7890999623421,0,0
2026-01-01 02:05:00,S0030,air_quality,industrial,edge_industrial,1,24.69842964642075,58.47228068924507,0,0
2026-01-01 02:05:00,S0031,traffic,downtown,edge_downtown,2,24.24475612010785,54.74473835329149,0,0
2026-01-01 02:05:00,S0032,traffic,industrial,edge_industrial,2,38.219530445955975,55.25985310171122,0,0
2026-01-01 02:05:00,S0033,traffic,waterfront,edge_waterfront,2,47.79127205814885,40.34030410019868,0,0
2026-01-01 02:05:00,S0034,energy,residential,edge_residential,1,71.78437648835049,81.45082271146745,0,0
2026-01-01 02:05:00,S0035,traffic,industrial,edge_industrial,2,40.40708991651399,51.77373386069562,0,0
2026-01-01 02:05:00,S0036,air_quality,residential,edge_residential,1,23.04971651543088,70.37580832154713,0,0
2026-01-01 02:05:00,S0037,traffic,waterfront,edge_waterfront,2,34.32592960832297,57.119416208032305,0,0
2026-01-01 02:05:00,S0038,energy,industrial,edge_industrial,1,73.64216602243611,84.41055225073282,0,0
2026-01-01 02:05:00,S0039,traffic,residential,edge_residential,2,57.96053143072518,56.856438074513896,1,0
2026-01-01 02:06:00,S0000,energy,residential,edge_residential,1,77.9708078139062,83.20412998056082,0,0
2026-01-01 02:06:00,S0001,structure,industrial,edge_industrial,2,0.273202179012822,48.742540527361314,0,0
2026-01-01 02:06:00,S0002,energy,waterfront,edge_waterfront,1,74.27769599705869,81.10668093501747,0,0
2026-01-01 02:06:00,S0003,traffic,waterfront,edge_waterfront,2,30.04434510496508,37.995814153170016,0,0
2026-01-01 02:06:00,S0004,traffic,downtown,edge_downtown,2,32.76582928061123,36.01240420542466,0,0
2026-01-01 02:06:00,S0005,structure,residential,edge_residential,2,0.22205217408056183,27.028138268210498,0,0
2026-01-01 02:06:00,S0006,traffic,waterfront,edge_waterfront,2,29.62658559505345,50.95609807612057,0,0
2026-01-01 02:06:00,S0007,energy,waterfront,edge_waterfront,1,76.13977341119657,80.57605748706146,0,0
2026-01-01 02:06:00,S0008,energy,transit,edge_transit,1,83.75138052248751,45.47191014598112,0,0
2026-01-01 02:06:00,S0009,air_quality,transit,edge_transit,1,20.101137555117855,83.1831116512358,0,0
2026-01-01 02:06:00,S0010,traffic,downtown,edge_downtown,2,36.084730325476734,50.43372786797234,0,0
2026-01-01 02:06:00,S0011,traffic,transit,edge_transit,2,20.76325161697342,47.515092129152066,0,0
2026-01-01 02:06:00,S0012,traffic,residential,edge_residential,2,39.98106955222757,44.94843486317298,0,0
2026-01-01 02:06:00,S0013,air_quality,downtown,edge_downtown,1,20.28733667834074,58.53648361889652,0,0
2026-01-01 02:06:00,S0014,air_quality,industrial,edge_industrial,1,22.61528059045154,89.02828912654978,0,0
2026-01-01 02:06:00,S0015,air_quality,residential,edge_residential,1,16.84568618073963,69.42397374459439,0,0
2026-01-01 02:06:00,S0016,structure,transit,edge_transit,2,0.26632087648746317,47.9733632251974,0,0
2026-01-01 02:06:00,S0017,energy,residential,edge_residential,1,74.89902369516757,71.47711021546806,0,0
2026-01-01 02:06:00,S0018,energy,transit,edge_transit,1,75.08638959527671,86.00276918153989,0,0
2026-01-01 02:06:00,S0019,structure,waterfront,edge_waterfront,2,0.1465799404424204,26.264958947102244,0,0
2026-01-01 02:06:00,S0020,traffic,transit,edge_transit,2,28.861211825668047,56.74479914270865,0,0
2026-01-01 02:06:00,S0021,traffic,industrial,edge_industrial,2,32.58375732825796,35.373591082903815,0,0
2026-01-01 02:06:00,S0022,energy,transit,edge_transit,1,72.67827672247984,69.65476601998002,0,0
2026-01-01 02:06:00,S0023,traffic,residential,edge_residential,2,27.263827072020234,48.95659964023421,0,0
2026-01-01 02:06:00,S0024,traffic,downtown,edge_downtown,2,38.9650516119618,29.79847200976655,0,0
2026-01-01 02:06:00,S0025,air_quality,downtown,edge_downtown,1,20.539770164969756,32.901521330235404,0,0
2026-01-01 02:06:00,S0026,air_quality,transit,edge_transit,1,23.4695055204338,100.67590816444394,0,0
2026-01-01 02:06:00,S0027,structure,industrial,edge_industrial,2,0.24972707601466435,38.765276801789845,0,0
2026-01-01 02:06:00,S0028,energy,residential,edge_residential,1,84.01818914832805,74.3591133730296,0,0
2026-01-01 02:06:00,S0029,air_quality,industrial,edge_industrial,1,23.718071283352458,81.73748883662529,0,0
2026-01-01 02:06:00,S0030,air_quality,industrial,edge_industrial,1,23.37429033404635,56.77561716344226,0,0
2026-01-01 02:06:00,S0031,traffic,downtown,edge_downtown,2,31.08046627801836,28.459404137861625,0,0
2026-01-01 02:06:00,S0032,traffic,industrial,edge_industrial,2,41.05921060240292,30.44443002939408,0,0
2026-01-01 02:06:00,S0033,traffic,waterfront,edge_waterfront,2,34.46357844149167,54.045826106999414,0,0
2026-01-01 02:06:00,S0034,energy,residential,edge_residential,1,79.76336694455816,111.71782201448266,0,0
2026-01-01 02:06:00,S0035,traffic,industrial,edge_industrial,2,29.753172021863985,40.88091158562349,0,0
2026-01-01 02:06:00,S0036,air_quality,residential,edge_residential,1,17.91092491500776,28.50811709270065,0,0
2026-01-01 02:06:00,S0037,traffic,waterfront,edge_waterfront,2,32.52420621180023,41.63747158147927,0,0
2026-01-01 02:06:00,S0038,energy,industrial,edge_industrial,1,,75.22127545973842,0,1
2026-01-01 02:06:00,S0039,traffic,residential,edge_residential,2,30.337455550812496,31.844037109014472,0,0
2026-01-01 02:07:00,S0000,energy,residential,edge_residential,1,84.95225877629017,65.64313911023383,0,0
2026-01-01 02:07:00,S0001,structure,industrial,edge_industrial,2,0.2243869849956464,40.601913566554884,0,0
2026-01-01 02:07:00,S0002,energy,waterfront,edge_waterfront,1,84.86537585084902,73.84578095487196,0,0
2026-01-01 02:07:00,S0003,traffic,waterfront,edge_waterfront,2,,56.03320860960257,0,1
2026-01-01 02:07:00,S0004,traffic,downtown,edge_downtown,2,35.18953449247879,33.36664374556101,0,0
2026-01-01 02:07:00,S0005,structure,residential,edge_residential,2,0.3201704219582947,32.43399240880285,0,0
2026-01-01 02:07:00,S0006,traffic,waterfront,edge_waterfront,2,38.182867366081204,56.8761486147642,0,0
2026-01-01 02:07:00,S0007,energy,waterfront,edge_waterfront,1,82.7912760063848,86.48871418015845,0,0
2026-01-01 02:07:00,S0008,energy,transit,edge_transit,1,85.95291226861782,111.71118110636505,0,0
2026-01-01 02:07:00,S0009,air_quality,transit,edge_transit,1,19.3364061135544,72.5387765150881,0,0
2026-01-01 02:07:00,S0010,traffic,downtown,edge_downtown,2,35.096733850666666,49.52983975712798,0,0
2026-01-01 02:07:00,S0011,traffic,transit,edge_transit,2,31.437638511857024,44.586154105640276,0,0
2026-01-01 02:07:00,S0012,traffic,residential,edge_residential,2,35.55711349694331,31.29560564328131,0,0
2026-01-01 02:07:00,S0013,air_quality,downtown,edge_downtown,1,20.09174151674785,90.45350024871195,0,0
2026-01-01 02:07:00,S0014,air_quality,industrial,edge_industrial,1,18.53283657049585,86.27404741820311,0,0
2026-01-01 02:07:00,S0015,air_quality,residential,edge_residential,1,20.916839390459028,85.33530681729665,0,0
2026-01-01 02:07:00,S0016,structure,transit,edge_transit,2,0.2839008324706908,47.067038703587144,0,0
2026-01-01 02:07:00,S0017,energy,residential,edge_residential,1,75.56045480159396,77.43899754584494,0,0
2026-01-01 02:07:00,S0018,energy,transit,edge_transit,1,118.23502886725653,63.72103729685006,1,0
2026-01-01 02:07:00,S0019,structure,waterfront,edge_waterfront,2,0.28500379589026514,30.995993172039082,0,0
2026-01-01 02:07:00,S0020,traffic,transit,edge_transit,2,43.30556492634338,30.098350610161326,0,0
2026-01-01 02:07:00,S0021,traffic,industrial,edge_industrial,2,25.0666501607299,37.86730222248797,0,0
2026-01-01 02:07:00,S0022,energy,transit,edge_transit,1,72.81409311466673,76.22017197999344,0,0
2026-01-01 02:07:00,S0023,traffic,residential,edge_residential,2,33.156463384660285,24.910361027508436,0,0
2026-01-01 02:07:00,S0024,traffic,downtown,edge_downtown,2,33.84605648619051,16.402759472230947,0,0
2026-01-01 02:07:00,S0025,air_quality,downtown,edge_downtown,1,21.77700065366653,55.863846999413774,0,0
2026-01-01 02:07:00,S0026,air_quality,transit,edge_transit,1,21.33649255092414,49.80974708900971,0,0
2026-01-01 02:07:00,S0027,structure,industrial,edge_industrial,2,0.18811228454924017,37.254921341783096,0,0
2026-01-01 02:07:00,S0028,energy,residential,edge_residential,1,77.57935511705872,89.96863527806457,0,0
2026-01-01 02:07:00,S0029,air_quality,industrial,edge_industrial,1,24.301515955920905,88.58426875819495,0,0
2026-01-01 02:07:00,S0030,air_quality,industrial,edge_industrial,1,15.810726530546685,70.08629993056161,0,0
2026-01-01 02:07:00,S0031,traffic,downtown,edge_downtown,2,33.02557057764056,16.898335665403124,0,0
2026-01-01 02:07:00,S0032,traffic,industrial,edge_industrial,2,24.88140044937199,50.96560563233974,0,0
2026-01-01 02:07:00,S0033,traffic,waterfront,edge_waterfront,2,40.77121751648765,29.664879981174487,0,0
2026-01-01 02:07:00,S0034,energy,residential,edge_residential,1,73.99178673503046,76.37442838730844,0,0
2026-01-01 02:07:00,S0035,traffic,industrial,edge_industrial,2,36.49654150170303,31.390711680361854,0,0
2026-01-01 02:07:00,S0036,air_quality,residential,edge_residential,1,20.512674155481797,50.045509026188746,0,0
2026-01-01 02:07:00,S0037,traffic,waterfront,edge_waterfront,2,33.105984284194605,33.99933050262762,0,0
2026-01-01 02:07:00,S0038,energy,industrial,edge_industrial,1,75.33282606790115,58.0620090217575,0,0
2026-01-01 02:07:00,S0039,traffic,residential,edge_residential,2,39.64916520070719,37.08700692401287,0,0
2026-01-01 02:08:00,S0000,energy,residential,edge_residential,1,82.03185481129702,102.84262397567474,0,0
2026-01-01 02:08:00,S0001,structure,industrial,edge_industrial,2,0.2750090340735622,34.30035234796635,0,0
2026-01-01 02:08:00,S0002,energy,waterfront,edge_waterfront,1,76.15842091239215,97.89813151995635,0,0
2026-01-01 02:08:00,S0003,traffic,waterfront,edge_waterfront,2,53.92017240465581,60.350726376203895,1,0
2026-01-01 02:08:00,S0004,traffic,downtown,edge_downtown,2,30.29499108773865,59.664031961248796,0,0
2026-01-01 02:08:00,S0005,structure,residential,edge_residential,2,0.23964733801622315,25.524448183977807,0,0
2026-01-01 02:08:00,S0006,traffic,waterfront,edge_waterfront,2,32.36798681719141,47.32220617897237,0,0
2026-01-01 02:08:00,S0007,energy,waterfront,edge_waterfront,1,79.00494058455808,65.97769038590612,0,0
2026-01-01 02:08:00,S0008,energy,transit,edge_transit,1,82.29532517430714,92.84949557422635,0,0
2026-01-01 02:08:00,S0009,air_quality,transit,edge_transit,1,21.27042693710088,70.03855655037121,0,0
2026-01-01 02:08:00,S0010,traffic,downtown,edge_downtown,2,36.62420482197031,39.46039837926101,0,0
2026-01-01 02:08:00,S0011,traffic,transit,edge_transit,2,27.48256602614139,46.84041563176674,0,0
2026-01-01 02:08:00,S0012,traffic,residential,edge_residential,2,43.09636701525762,37.57522756661906,0,0
2026-01-01 02:08:00,S0013,air_quality,downtown,edge_downtown,1,21.230213355530218,81.83182966738114,0,0
2026-01-01 02:08:00,S0014,air_quality,industrial,edge_industrial,1,20.353832593023373,38.90393958130913,0,0
2026-01-01 02:08:00,S0015,air_quality,residential,edge_residential,1,20.127198512864233,61.78607238058242,0,0
2026-01-01 02:08:00,S0016,structure,transit,edge_transit,2,0.2082444309107561,36.02410688357686,0,0
2026-01-01 02:08:00,S0017,energy,residential,edge_residential,1,88.62628383610623,75.19836704796252,0,0
2026-01-01 02:08:00,S0018,energy,transit,edge_transit,1,80.26960971141541,100.561746455737,0,0
2026-01-01 02:08:00,S0019,structure,waterfront,edge_waterfront,2,0.2281506321551067,38.11249530497419,0,0
2026-01-01 02:08:00,S0020,traffic,transit,edge_transit,2,31.66679389427837,43.36917184987225,0,0
2026-01-01 02:08:00,S0021,traffic,industrial,edge_industrial,2,31.26382546772861,48.811894208848905,0,0
2026-01-01 02:08:00,S0022,energy,transit,edge_transit,1,83.03312077519988,29.83185257641427,0,0
2026-01-01 02:08:00,S0023,traffic,residential,edge_residential,2,32.418073546544974,33.30215041846173,0,0
2026-01-01 02:08:00,S0024,traffic,downtown,edge_downtown,2,26.983199691296157,41.283110665464456,0,0
2026-01-01 02:08:00,S0025,air_quality,downtown,edge_downtown,1,23.535232285391825,65.11181673601452,0,0
2026-01-01 02:08:00,S0026,air_quality,transit,edge_transit,1,20.071052832539614,37.68014468401201,0,0
2026-01-01 02:08:00,S0027,structure,industrial,edge_industrial,2,0.31049934921316197,42.66661508097967,0,0
2026-01-01 02:08:00,S0028,energy,residential,edge_residential,1,79.9369231585829,104.69859393887438,0,0
2026-01-01 02:08:00,S0029,air_quality,industrial,edge_industrial,1,17.876282388644782,60.41169177874926,0,0
2026-01-01 02:08:00,S0030,air_quality,industrial,edge_industrial,1,19.560390334689725,39.83051880765786,0,0
2026-01-01 02:08:00,S0031,traffic,downtown,edge_downtown,2,37.322033006720375,39.40732652909033,0,0
2026-01-01 02:08:00,S0032,traffic,industrial,edge_industrial,2,36.948079853072464,39.03222666022856,0,0
2026-01-01 02:08:00,S0033,traffic,waterfront,edge_waterfront,2,41.159722828879545,36.25146806821346,0,0
2026-01-01 02:08:00,S0034,energy,residential,edge_residential,1,75.40133933193522,36.95641064533941,0,0
2026-01-01 02:08:00,S0035,traffic,industrial,edge_industrial,2,34.00341095326257,43.28254311341345,0,0
2026-01-01 02:08:00,S0036,air_quality,residential,edge_residential,1,20.212635002715775,96.73874903575424,0,0
2026-01-01 02:08:00,S0037,traffic,waterfront,edge_waterfront,2,35.87917603497872,45.50428237331515,0,0
2026-01-01 02:08:00,S0038,energy,industrial,edge_industrial,1,76.87994569453217,119.90205860490855,0,0
2026-01-01 02:08:00,S0039,traffic,residential,edge_residential,2,38.11664030791741,54.78381764364532,0,0
2026-01-01 02:09:00,S0000,energy,residential,edge_residential,1,80.29981934510225,64.36722014771513,0,0
2026-01-01 02:09:00,S0001,structure,industrial,edge_industrial,2,0.272999249721214,36.29116276335769,0,0
2026-01-01 02:09:00,S0002,energy,waterfront,edge_waterfront,1,76.14930805235724,114.2610180140678,0,0
2026-01-01 02:09:00,S0003,traffic,waterfront,edge_waterfront,2,46.5309544508443,25.749909266049578,0,0
2026-01-01 02:09:00,S0004,traffic,downtown,edge_downtown,2,28.774368322441635,42.810834441943655,0,0
2026-01-01 02:09:00,S0005,structure,residential,edge_residential,2,0.22125579413522456,26.87115275302127,0,0
2026-01-01 02:09:00,S0006,traffic,waterfront,edge_waterfront,2,35.42676101219197,35.060828586156035,0,0
2026-01-01 02:09:00,S0007,energy,waterfront,edge_waterfront,1,84.14955053279536,74.21425388006085,0,0
2026-01-01 02:09:00,S0008,energy,transit,edge_transit,1,82.82510303127933,63.135534735262425,0,0
2026-01-01 02:09:00,S0009,air_quality,transit,edge_transit,1,20.179929383837305,70.02595717123691,0,0
2026-01-01 02:09:00,S0010,traffic,downtown,edge_downtown,2,39.70956325581533,37.23994951101032,0,0
2026-01-01 02:09:00,S0011,traffic,transit,edge_transit,2,39.368908791448604,52.01881864901877,0,0
2026-01-01 02:09:00,S0012,traffic,residential,edge_residential,2,33.79729651701257,46.096330771473376,0,0
2026-01-01 02:09:00,S0013,air_quality,downtown,edge_downtown,1,19.662493687406545,46.30059232769429,0,0
2026-01-01 02:09:00,S0014,air_quality,industrial,edge_industrial,1,22.304165994232168,82.64887301658183,0,0
2026-01-01 02:09:00,S0015,air_quality,residential,edge_residential,1,17.333404867803274,87.80439938834873,0,0
2026-01-01 02:09:00,S0016,structure,transit,edge_transit,2,0.2952720561042616,33.22400773989568,0,0
2026-01-01 02:09:00,S0017,energy,residential,edge_residential,1,80.54988826855887,64.41469206678568,0,0
2026-01-01 02:09:00,S0018,energy,transit,edge_transit,1,78.0056558029234,94.52905713445277,0,0
2026-01-01 02:09:00,S0019,structure,waterfront,edge_waterfront,2,0.15763520342717827,28.00644972188799,0,0
2026-01-01 02:09:00,S0020,traffic,transit,edge_transit,2,31.027344479145775,38.28666377021404,0,0
2026-01-01 02:09:00,S0021,traffic,industrial,edge_industrial,2,27.000431434104115,46.72146269098507,0,0
2026-01-01 02:09:00,S0022,energy,transit,edge_transit,1,71.96486909025658,107.73492117186777,0,0
2026-01-01 02:09:00,S0023,traffic,residential,edge_residential,2,98.43228000306024,44.27260427171414,1,0
2026-01-01 02:09:00,S0024,traffic,downtown,edge_downtown,2,38.673668018173736,34.17938693439912,0,0
2026-01-01 02:09:00,S0025,air_quality,downtown,edge_downtown,1,24.45368795857133,91.56990020746866,0,0
2026-01-01 02:09:00,S0026,air_quality,transit,edge_transit,1,17.825112887186716,54.42818160257364,0,0
2026-01-01 02:09:00,S0027,structure,industrial,edge_industrial,2,0.3211887531354837,35.27386716051915,0,0
2026-01-01 02:09:00,S0028,energy,residential,edge_residential,1,89.39610954260313,94.81161192107272,0,0
2026-01-01 02:09:00,S0029,air_quality,industrial,edge_industrial,1,19.923384355524924,61.03643297895704,0,0
2026-01-01 02:09:00,S0030,air_quality,industrial,edge_industrial,1,19.399028566010557,52.874395676691144,0,0
2026-01-01 02:09:00,S0031,traffic,downtown,edge_downtown,2,35.5132210789777,41.17071245243341,0,0
2026-01-01 02:09:00,S0032,traffic,industrial,edge_industrial,2,39.939586187285485,22.350921867883407,0,0
2026-01-01 02:09:00,S0033,traffic,waterfront,edge_waterfront,2,25.72870459396378,36.118950202372,0,0
2026-01-01 02:09:00,S0034,energy,residential,edge_residential,1,72.15164291314552,67.49469938846657,0,0
2026-01-01 02:09:00,S0035,traffic,industrial,edge_industrial,2,36.93785597678266,33.27943840847359,0,0
2026-01-01 02:09:00,S0036,air_quality,residential,edge_residential,1,16.91639930016381,48.914060380767076,0,0
2026-01-01 02:09:00,S0037,traffic,waterfront,edge_waterfront,2,38.383427182504924,60.11084739608958,0,0
2026-01-01 02:09:00,S0038,energy,industrial,edge_industrial,1,66.80108060206483,81.57085091280402,0,0
2026-01-01 02:09:00,S0039,traffic,residential,edge_residential,2,36.262800800717386,33.35684051374044,0,0
2026-01-01 02:10:00,S0000,energy,residential,edge_residential,1,74.67806576508303,34.54956139171652,0,0
2026-01-01 02:10:00,S0001,structure,industrial,edge_industrial,2,0.17880664436621685,36.735905044321264,0,0
2026-01-01 02:10:00,S0002,energy,waterfront,edge_waterfront,1,78.80230041481205,72.64532573900632,0,0
2026-01-01 02:10:00,S0003,traffic,waterfront,edge_waterfront,2,27.29684471523722,37.02340389980976,0,0
2026-01-01 02:10:00,S0004,traffic,downtown,edge_downtown,2,41.57600774306634,38.809338441023286,0,0
2026-01-01 02:10:00,S0005,structure,residential,edge_residential,2,0.27902990509569064,42.81100963457409,0,0
2026-01-01 02:10:00,S0006,traffic,waterfront,edge_waterfront,2,26.634494392938095,44.805756675956125,0,0
2026-01-01 02:10:00,S0007,energy,waterfront,edge_waterfront,1,79.09411629691918,84.32399349734986,0,0
2026-01-01 02:10:00,S0008,energy,transit,edge_transit,1,77.54984176686526,109.10484949695238,0,0
2026-01-01 02:10:00,S0009,air_quality,transit,edge_transit,1,18.870934058204746,47.50694651336188,0,0
2026-01-01 02:10:00,S0010,traffic,downtown,edge_downtown,2,79.6933262013129,70.63301502889364,1,0
2026-01-01 02:10:00,S0011,traffic,transit,edge_transit,2,37.4329104113189,43.167352790659706,0,0
2026-01-01 02:10:00,S0012,traffic,residential,edge_residential,2,31.183708446578184,36.787145064294236,0,0
2026-01-01 02:10:00,S0013,air_quality,downtown,edge_downtown,1,22.17620410881459,79.93073766243577,0,0
2026-01-01 02:10:00,S0014,air_quality,industrial,edge_industrial,1,21.822566214838016,46.675703646888934,0,0
2026-01-01 02:10:00,S0015,air_quality,residential,edge_residential,1,18.68467149995462,69.98964273294041,0,0
2026-01-01 02:10:00,S0016,structure,transit,edge_transit,2,0.28617089974551363,37.68583076533891,0,0
2026-01-01 02:10:00,S0017,energy,residential,edge_residential,1,72.78800099394644,112.8657863015125,0,0
2026-01-01 02:10:00,S0018,energy,transit,edge_transit,1,,86.85404554471788,0,1
2026-01-01 02:10:00,S0019,structure,waterfront,edge_waterfront,2,0.2503107503177318,43.98099702121263,0,0
2026-01-01 02:10:00,S0020,traffic,transit,edge_transit,2,40.75103294415,40.55039886607203,0,0
2026-01-01 02:10:00,S0021,traffic,industrial,edge_industrial,2,31.177932516889317,43.60335489913216,0,0
2026-01-01 02:10:00,S0022,energy,transit,edge_transit,1,73.34396891515604,67.73206682110859,0,0
2026-01-01 02:10:00,S0023,traffic,residential,edge_residential,2,33.76967818490705,56.872069288517366,0,0
2026-01-01 02:10:00,S0024,traffic,downtown,edge_downtown,2,29.29963345502322,45.928175381361896,0,0
2026-01-01 02:10:00,S0025,air_quality,downtown,edge_downtown,1,24.074910175985554,35.36063830517996,0,0
2026-01-01 02:10:00,S0026,air_quality,transit,edge_transit,1,19.123813280311236,68.52742840877404,0,0
2026-01-01 02:10:00,S0027,structure,industrial,edge_industrial,2,0.22591100915605056,32.012674235531705,0,0
2026-01-01 02:10:00,S0028,energy,residential,edge_residential,1,67.95187328672773,103.64016617565233,0,0
2026-01-01 02:10:00,S0029,air_quality,industrial,edge_industrial,1,22.058663905579664,53.76334151437785,0,0
2026-01-01 02:10:00,S0030,air_quality,industrial,edge_industrial,1,23.574966718133368,41.147265134198136,0,0
2026-01-01 02:10:00,S0031,traffic,downtown,edge_downtown,2,30.687986184545068,54.741963396959676,0,0
2026-01-01 02:10:00,S0032,traffic,industrial,edge_industrial,2,41.859635039469595,47.375886635025964,0,0
2026-01-01 02:10:00,S0033,traffic,waterfront,edge_waterfront,2,44.07562667776937,39.46353802149389,0,0
2026-01-01 02:10:00,S0034,energy,residential,edge_residential,1,82.67336309973797,76.5404515717791,0,0
2026-01-01 02:10:00,S0035,traffic,industrial,edge_industrial,2,24.41827645971001,35.24662765160705,0,0
2026-01-01 02:10:00,S0036,air_quality,residential,edge_residential,1,17.859165036766356,44.75567868268476,0,0
2026-01-01 02:10:00,S0037,traffic,waterfront,edge_waterfront,2,30.910208716811084,36.227224947024915,0,0
2026-01-01 02:10:00,S0038,energy,industrial,edge_industrial,1,79.32179371528721,81.75928326945134,0,0
2026-01-01 02:10:00,S0039,traffic,residential,edge_residential,2,30.392199156315108,53.693623427423326,0,0
2026-01-01 02:11:00,S0000,energy,residential,edge_residential,1,69.82280475048127,65.3800301454821,0,0
2026-01-01 02:11:00,S0001,structure,industrial,edge_industrial,2,0.23765238567208719,32.78220455320534,0,0
2026-01-01 02:11:00,S0002,energy,waterfront,edge_waterfront,1,73.59881455916234,72.98603033866128,0,0
2026-01-01 02:11:00,S0003,traffic,waterfront,edge_waterfront,2,38.76641469067472,43.98537386175606,0,0
2026-01-01 02:11:00,S0004,traffic,downtown,edge_downtown,2,33.875751572909145,39.70090805472845,0,0
2026-01-01 02:11:00,S0005,structure,residential,edge_residential,2,0.2712034117110229,28.473869719531805,0,0
2026-01-01 02:11:00,S0006,traffic,waterfront,edge_waterfront,2,42.16005334616428,47.99443991198052,0,0
2026-01-01 02:11:00,S0007,energy,waterfront,edge_waterfront,1,77.12682476520227,81.43478937929908,0,0
2026-01-01 02:11:00,S0008,energy,transit,edge_transit,1,82.10644218342074,90.12259809460167,0,0
2026-01-01 02:11:00,S0009,air_quality,transit,edge_transit,1,20.85859770088303,81.77748366665615,0,0
2026-01-01 02:11:00,S0010,traffic,downtown,edge_downtown,2,32.768985736485035,37.01560202146681,0,0
2026-01-01 02:11:00,S0011,traffic,transit,edge_transit,2,34.91432781130175,50.915766929084306,0,0
2026-01-01 02:11:00,S0012,traffic,residential,edge_residential,2,34.53807784574316,68.12093414333717,0,0
2026-01-01 02:11:00,S0013,air_quality,downtown,edge_downtown,1,20.55505680424823,43.25372788887809,0,0
2026-01-01 02:11:00,S0014,air_quality,industrial,edge_industrial,1,24.4768943592939,59.33720251189439,0,0
2026-01-01 02:11:00,S0015,air_quality,residential,edge_residential,1,22.667424843882976,62.21596083521919,0,0
2026-01-01 02:11:00,S0016,structure,transit,edge_transit,2,0.24971231196770557,43.06006371657807,0,0
2026-01-01 02:11:00,S0017,energy,residential,edge_residential,1,84.96485170524474,44.85190638229267,0,0
2026-01-01 02:11:00,S0018,energy,transit,edge_transit,1,81.57395056612083,79.96244319802723,0,0
2026-01-01 02:11:00,S0019,structure,waterfront,edge_waterfront,2,0.24503491254953372,27.101960583954018,0,0
2026-01-01 02:11:00,S0020,traffic,transit,edge_transit,2,33.57800378545693,38.70779883484752,0,0
2026-01-01 02:11:00,S0021,traffic,industrial,edge_industrial,2,33.96657234909458,34.6233729630505,0,0
2026-01-01 02:11:00,S0022,energy,transit,edge_transit,1,87.47023368249128,89.9856291072777,0,0
2026-01-01 02:11:00,S0023,traffic,residential,edge_residential,2,34.90735092285584,35.524061089554415,0,0
2026-01-01 02:11:00,S0024,traffic,downtown,edge_downtown,2,37.608269608827534,30.551519551321647,0,0
2026-01-01 02:11:00,S0025,air_quality,downtown,edge_downtown,1,21.03945942541307,41.580873403349905,0,0
2026-01-01 02:11:00,S0026,air_quality,transit,edge_transit,1,19.83375367187842,77.4422211362977,0,0
2026-01-01 02:11:00,S0027,structure,industrial,edge_industrial,2,0.35526821293295385,32.242873454292564,0,0
2026-01-01 02:11:00,S0028,energy,residential,edge_residential,1,78.79052770780201,98.09305869430462,0,0
2026-01-01 02:11:00,S0029,air_quality,industrial,edge_industrial,1,21.175917732663486,65.91439723800202,0,0
2026-01-01 02:11:00,S0030,air_quality,industrial,edge_industrial,1,23.71144593814288,71.58605183278557,0,0
2026-01-01 02:11:00,S0031,traffic,downtown,edge_downtown,2,33.267012823631916,37.56983978576128,0,0
2026-01-01 02:11:00,S0032,traffic,industrial,edge_industrial,2,34.81825545775994,33.037848115001346,0,0
2026-01-01 02:11:00,S0033,traffic,waterfront,edge_waterfront,2,29.203425279852645,47.47660390563159,0,0
2026-01-01 02:11:00,S0034,energy,residential,edge_residential,1,174.12024060877357,78.75115019819864,1,0
2026-01-01 02:11:00,S0035,traffic,industrial,edge_industrial,2,36.24521978851203,46.332967690089475,0,0
2026-01-01 02:11:00,S0036,air_quality,residential,edge_residential,1,21.96699113326393,71.13614238170909,0,0
2026-01-01 02:11:00,S0037,traffic,waterfront,edge_waterfront,2,37.868972937850636,46.405850771979196,0,0
2026-01-01 02:11:00,S0038,energy,industrial,edge_industrial,1,72.58189931116777,81.07964250078746,0,0
2026-01-01 02:11:00,S0039,traffic,residential,edge_residential,2,38.03628364565278,44.5623612230193,0,0
2026-01-01 02:12:00,S0000,energy,residential,edge_residential,1,83.86676511563736,39.829576534006854,0,0
2026-01-01 02:12:00,S0001,structure,industrial,edge_industrial,2,0.26674515958673345,32.45399981118949,0,0
2026-01-01 02:12:00,S0002,energy,waterfront,edge_waterfront,1,75.51974611495058,35.03873644241797,0,0
2026-01-01 02:12:00,S0003,traffic,waterfront,edge_waterfront,2,40.02161130368185,54.358253683638715,0,0
2026-01-01 02:12:00,S0004,traffic,downtown,edge_downtown,2,34.957063707239286,40.07354986968896,0,0
2026-01-01 02:12:00,S0005,structure,residential,edge_residential,2,0.173950462713706,27.962944246462392,0,0
2026-01-01 02:12:00,S0006,traffic,waterfront,edge_waterfront,2,37.50181671551949,56.44387182890847,0,0
2026-01-01 02:12:00,S0007,energy,waterfront,edge_waterfront,1,81.073971385823,68.73043982584029,0,0
2026-01-01 02:12:00,S0008,energy,transit,edge_transit,1,73.32943438333656,111.155957301337,0,0
2026-01-01 02:12:00,S0009,air_quality,transit,edge_transit,1,16.650277156735346,47.29962037212333,0,0
2026-01-01 02:12:00,S0010,traffic,downtown,edge_downtown,2,37.37520852650085,29.142962778891217,0,0
2026-01-01 02:12:00,S0011,traffic,transit,edge_transit,2,37.04424745056565,23.726348342075756,0,0
2026-01-01 02:12:00,S0012,traffic,residential,edge_residential,2,30.420323965703947,41.88287937233395,0,0
2026-01-01 02:12:00,S0013,air_quality,downtown,edge_downtown,1,16.813924702260366,88.82901320305884,0,0
2026-01-01 02:12:00,S0014,air_quality,industrial,edge_industrial,1,23.504304900008265,74.41493776195624,0,0
2026-01-01 02:12:00,S0015,air_quality,residential,edge_residential,1,19.636356112764215,72.99431865055055,0,0
2026-01-01 02:12:00,S0016,structure,transit,edge_transit,2,0.2061083084003578,23.90386667992567,0,0
2026-01-01 02:12:00,S0017,energy,residential,edge_residential,1,76.08906342012538,90.47427734597049,0,0
2026-01-01 02:12:00,S0018,energy,transit,edge_transit,1,79.88362016307315,66.72448615111009,0,0
2026-01-01 02:12:00,S0019,structure,waterfront,edge_waterfront,2,0.18321300924942416,41.03420720178843,0,0
2026-01-01 02:12:00,S0020,traffic,transit,edge_transit,2,26.646034148844514,30.747539848099805,0,0
2026-01-01 02:12:00,S0021,traffic,industrial,edge_industrial,2,31.06330937707265,37.171417220904196,0,0
2026-01-01 02:12:00,S0022,energy,transit,edge_transit,1,71.06344670101288,107.42361639672781,0,0
2026-01-01 02:12:00,S0023,traffic,residential,edge_residential,2,32.79136357693805,59.36076155327154,0,0
2026-01-01 02:12:00,S0024,traffic,downtown,edge_downtown,2,30.819326826626522,49.763395605630144,0,0
2026-01-01 02:12:00,S0025,air_quality,downtown,edge_downtown,1,15.718334644133469,77.89278778987138,0,0
2026-01-01 02:12:00,S0026,air_quality,transit,edge_transit,1,21.391575809825955,68.95979718630227,0,0
2026-01-01 02:12:00,S0027,structure,industrial,edge_industrial,2,0.25542310986533007,40.15314103331481,0,0
2026-01-01 02:12:00,S0028,energy,residential,edge_residential,1,75.51012204256466,78.12709802966802,0,0
2026-01-01 02:12:00,S0029,air_quality,industrial,edge_industrial,1,20.242962562779994,56.45383089820035,0,0
2026-01-01 02:12:00,S0030,air_quality,industrial,edge_industrial,1,19.41089808959405,47.86084202928066,0,0
2026-01-01 02:12:00,S0031,traffic,downtown,edge_downtown,2,28.822384948414587,46.50797267335398,0,0
2026-01-01 02:12:00,S0032,traffic,industrial,edge_industrial,2,68.54893105464912,29.801518428054425,1,0
2026-01-01 02:12:00,S0033,traffic,waterfront,edge_waterfront,2,34.269787151719854,59.87774403519765,0,0
2026-01-01 02:12:00,S0034,energy,residential,edge_residential,1,79.64992876956445,92.13455862197185,0,0
2026-01-01 02:12:00,S0035,traffic,industrial,edge_industrial,2,31.520059124428837,67.55239440148068,0,0
2026-01-01 02:12:00,S0036,air_quality,residential,edge_residential,1,17.086283126117262,72.93328052674765,0,0
2026-01-01 02:12:00,S0037,traffic,waterfront,edge_waterfront,2,40.80288731328118,31.61061257224329,0,0
2026-01-01 02:12:00,S0038,energy,industrial,edge_industrial,1,74.10581085866536,71.42222255906024,0,0
2026-01-01 02:12:00,S0039,traffic,residential,edge_residential,2,48.0384941449237,55.378471159014325,0,0
2026-01-01 02:13:00,S0000,energy,residential,edge_residential,1,84.02308124812411,79.20262298854686,0,0
2026-01-01 02:13:00,S0001,structure,industrial,edge_industrial,2,0.22722249272747513,29.22298833628369,0,0
2026-01-01 02:13:00,S0002,energy,waterfront,edge_waterfront,1,77.26152277068913,77.42161186332287,0,0
2026-01-01 02:13:00,S0003,traffic,waterfront,edge_waterfront,2,25.183680822097244,32.68774880897973,0,0
2026-01-01 02:13:00,S0004,traffic,downtown,edge_downtown,2,,56.97564462392889,0,1
2026-01-01 02:13:00,S0005,structure,residential,edge_residential,2,0.26200959366790855,35.206219275947134,0,0
2026-01-01 02:13:00,S0006,traffic,waterfront,edge_waterfront,2,34.457780191321596,20.746156386700637,0,0
2026-01-01 02:13:00,S0007,energy,waterfront,edge_waterfront,1,82.6958048899498,58.02331499727501,0,0
2026-01-01 02:13:00,S0008,energy,transit,edge_transit,1,131.31800080250815,56.63730192322122,1,0
2026-01-01 02:13:00,S0009,air_quality,transit,edge_transit,1,24.458344613154207,95.39554032180868,0,0
2026-01-01 02:13:00,S0010,traffic,downtown,edge_downtown,2,37.00744562707459,36.878644240760096,0,0
2026-01-01 02:13:00,S0011,traffic,transit,edge_transit,2,35.82637385453592,67.88519292034891,0,0
2026-01-01 02:13:00,S0012,traffic,residential,edge_residential,2,33.36352418514017,34.00477823889109,0,0
2026-01-01 02:13:00,S0013,air_quality,downtown,edge_downtown,1,19.52876328400726,70.8502673325995,0,0
2026-01-01 02:13:00,S0014,air_quality,industrial,edge_industrial,1,21.598658016900625,43.21284810641008,0,0
2026-01-01 02:13:00,S0015,air_quality,residential,edge_residential,1,22.181142558568503,96.88403795107924,0,0
2026-01-01 02:13:00,S0016,structure,transit,edge_transit,2,0.27172835082047053,28.607784059624088,0,0
2026-01-01 02:13:00,S0017,energy,residential,edge_residential,1,73.60438797927398,69.50136069903887,0,0
2026-01-01 02:13:00,S0018,energy,transit,edge_transit,1,82.48700375161914,61.01506793189793,0,0
2026-01-01 02:13:00,S0019,structure,waterfront,edge_waterfront,2,0.26218717771935,23.438142453901214,0,0
2026-01-01 02:13:00,S0020,traffic,transit,edge_transit,2,38.41329341570661,29.67025495677565,0,0
2026-01-01 02:13:00,S0021,traffic,industrial,edge_industrial,2,40.88603755192092,39.40548710016377,0,0
2026-01-01 02:13:00,S0022,energy,transit,edge_transit,1,74.56052734832696,111.36131674076549,0,0
2026-01-01 02:13:00,S0023,traffic,residential,edge_residential,2,20.94540939393788,52.90645810277133,0,0
2026-01-01 02:13:00,S0024,traffic,downtown,edge_downtown,2,29.097369834863457,39.691138571266556,0,0
2026-01-01 02:13:00,S0025,air_quality,downtown,edge_downtown,1,17.961347308268227,23.22254143278596,0,0
2026-01-01 02:13:00,S0026,air_quality,transit,edge_transit,1,22.86438368655918,55.619922030112775,0,0
2026-01-01 02:13:00,S0027,structure,industrial,edge_industrial,2,0.5348520792502093,39.95209554728488,1,0
2026-01-01 02:13:00,S0028,energy,residential,edge_residential,1,82.21331255128584,67.99292887962486,0,0
2026-01-01 02:13:00,S0029,air_quality,industrial,edge_industrial,1,21.848764918384425,81.61968031384569,0,0
2026-01-01 02:13:00,S0030,air_quality,industrial,edge_industrial,1,18.205257690531706,58.632236425279686,0,0
2026-01-01 02:13:00,S0031,traffic,downtown,edge_downtown,2,30.410921016018584,54.067144625268156,0,0
2026-01-01 02:13:00,S0032,traffic,industrial,edge_industrial,2,37.41375101917566,30.74423153037964,0,0
2026-01-01 02:13:00,S0033,traffic,waterfront,edge_waterfront,2,30.304754898939674,57.00158070131474,0,0
2026-01-01 02:13:00,S0034,energy,residential,edge_residential,1,71.5496299563297,73.41197362364406,0,0
2026-01-01 02:13:00,S0035,traffic,industrial,edge_industrial,2,28.553941126127988,65.08054123885844,0,0
2026-01-01 02:13:00,S0036,air_quality,residential,edge_residential,1,26.341089566679987,100.85418827537667,0,0
2026-01-01 02:13:00,S0037,traffic,waterfront,edge_waterfront,2,34.55838807050829,41.595152095818705,0,0
2026-01-01 02:13:00,S0038,energy,industrial,edge_industrial,1,82.91336935885174,66.56547656312256,0,0
2026-01-01 02:13:00,S0039,traffic,residential,edge_residential,2,28.13201935582799,45.61481544800475,0,0
2026-01-01 02:14:00,S0000,energy,residential,edge_residential,1,77.434804384941,101.18315956742623,0,0
2026-01-01 02:14:00,S0001,structure,industrial,edge_industrial,2,0.1645938214510163,49.287541343305655,0,0
2026-01-01 02:14:00,S0002,energy,waterfront,edge_waterfront,1,87.46075283762818,71.27634599650852,0,0
2026-01-01 02:14:00,S0003,traffic,waterfront,edge_waterfront,2,26.42068226029771,48.28801820217332,0,0
2026-01-01 02:14:00,S0004,traffic,downtown,edge_downtown,2,35.20013145896674,47.3751392967424,0,0
2026-01-01 02:14:00,S0005,structure,residential,edge_residential,2,0.19915897835422017,45.18653402886968,0,0
2026-01-01 02:14:00,S0006,traffic,waterfront,edge_waterfront,2,36.62280789053717,46.003734298141374,0,0
2026-01-01 02:14:00,S0007,energy,waterfront,edge_waterfront,1,79.67235814253377,81.8582346574356,0,0
2026-01-01 02:14:00,S0008,energy,transit,edge_transit,1,83.35169020567494,115.01308846698154,0,0
2026-01-01 02:14:00,S0009,air_quality,transit,edge_transit,1,16.493054640871833,68.00462226612936,0,0
2026-01-01 02:14:00,S0010,traffic,downtown,edge_downtown,2,38.63786718059934,47.08903899102637,0,0
2026-01-01 02:14:00,S0011,traffic,transit,edge_transit,2,32.182778487101416,39.090715311669186,0,0
2026-01-01 02:14:00,S0012,traffic,residential,edge_residential,2,41.217315277123795,52.37066159606955,0,0
2026-01-01 02:14:00,S0013,air_quality,downtown,edge_downtown,1,18.56313513321148,49.64020936199975,0,0
2026-01-01 02:14:00,S0014,air_quality,industrial,edge_industrial,1,22.50630341896273,44.94900889591047,0,0
2026-01-01 02:14:00,S0015,air_quality,residential,edge_residential,1,24.894265096677845,61.1401830234757,0,0
2026-01-01 02:14:00,S0016,structure,transit,edge_transit,2,0.27656060499814344,46.61814952458612,0,0
2026-01-01 02:14:00,S0017,energy,residential,edge_residential,1,81.97414006979514,105.97410157904136,0,0
2026-01-01 02:14:00,S0018,energy,transit,edge_transit,1,78.3572143878753,57.615468851180204,0,0
2026-01-01 02:14:00,S0019,structure,waterfront,edge_waterfront,2,0.2467272917097188,29.66371863763724,0,0
2026-01-01 02:14:00,S0020,traffic,transit,edge_transit,2,37.5416351627013,44.290663076036324,0,0
2026-01-01 02:14:00,S0021,traffic,industrial,edge_industrial,2,45.93996727327021,43.6835961910518,0,0
2026-01-01 02:14:00,S0022,energy,transit,edge_transit,1,86.4581799801156,75.1023056211914,0,0
2026-01-01 02:14:00,S0023,traffic,residential,edge_residential,2,40.95609613653143,31.64278778932988,0,0
2026-01-01 02:14:00,S0024,traffic,downtown,edge_downtown,2,34.26939769990768,35.69976326025653,0,0
2026-01-01 02:14:00,S0025,air_quality,downtown,edge_downtown,1,19.554231395796254,102.17401566749759,0,0
2026-01-01 02:14:00,S0026,air_quality,transit,edge_transit,1,47.848928891744116,87.71661488094817,1,0
2026-01-01 02:14:00,S0027,structure,industrial,edge_industrial,2,0.264244651562258,49.37774887773252,0,0
2026-01-01 02:14:00,S0028,energy,residential,edge_residential,1,77.1995853058846,56.35954368405452,0,0
2026-01-01 02:14:00,S0029,air_quality,industrial,edge_industrial,1,18.782424373387887,78.58872806023301,0,0
2026-01-01 02:14:00,S0030,air_quality,industrial,edge_industrial,1,21.108387921207523,30.37024024484071,0,0
2026-01-01 02:14:00,S0031,traffic,downtown,edge_downtown,2,32.098053260238515,14.831524735376078,0,0
2026-01-01 02:14:00,S0032,traffic,industrial,edge_industrial,2,27.576872216373893,40.73216882598587,0,0
2026-01-01 02:14:00,S0033,traffic,waterfront,edge_waterfront,2,31.420051677726562,70.10206856985144,0,0
2026-01-01 02:14:00,S0034,energy,residential,edge_residential,1,74.74496081939938,58.92157212950772,0,0
2026-01-01 02:14:00,S0035,traffic,industrial,edge_industrial,2,32.843662521499816,28.046577864530555,0,0
2026-01-01 02:14:00,S0036,air_quality,residential,edge_residential,1,16.25840822373754,53.06392121671285,0,0
2026-01-01 02:14:00,S0037,traffic,waterfront,edge_waterfront,2,38.93040916488517,50.75050916292679,0,0
2026-01-01 02:14:00,S0038,energy,industrial,edge_industrial,1,91.45942754667428,128.15996386730404,0,0
2026-01-01 02:14:00,S0039,traffic,residential,edge_residential,2,43.302875031997445,42.300280713568455,0,0
2026-01-01 02:15:00,S0000,energy,residential,edge_residential,1,81.58485654491533,92.95519600531347,0,0
2026-01-01 02:15:00,S0001,structure,industrial,edge_industrial,2,0.23883627933686674,37.85224390471285,0,0
2026-01-01 02:15:00,S0002,energy,waterfront,edge_waterfront,1,87.33145194705915,36.776417049035295,0,0
2026-01-01 02:15:00,S0003,traffic,waterfront,edge_waterfront,2,37.898231973418966,38.354048874417714,0,0
2026-01-01 02:15:00,S0004,traffic,downtown,edge_downtown,2,35.199832259864635,54.1466903526584,0,0
2026-01-01 02:15:00,S0005,structure,residential,edge_residential,2,0.2199762589603658,34.410443383358675,0,0
2026-01-01 02:15:00,S0006,traffic,waterfront,edge_waterfront,2,36.19543175543403,23.935291862592347,0,0
2026-01-01 02:15:00,S0007,energy,waterfront,edge_waterfront,1,75.69883186771104,84.11678509958396,0,0
2026-01-01 02:15:00,S0008,energy,transit,edge_transit,1,78.59223449696763,81.8011115462871,0,0
2026-01-01 02:15:00,S0009,air_quality,transit,edge_transit,1,20.663357846685635,34.3636259429316,0,0
2026-01-01 02:15:00,S0010,traffic,downtown,edge_downtown,2,36.12815639072892,35.475019745496354,0,0
2026-01-01 02:15:00,S0011,traffic,transit,edge_transit,2,44.17648065958559,35.50495368426613,0,0
2026-01-01 02:15:00,S0012,traffic,residential,edge_residential,2,43.62229513552025,36.44030245315895,0,0
2026-01-01 02:15:00,S0013,air_quality,downtown,edge_downtown,1,17.639607236812616,30.40297143773288,0,0
2026-01-01 02:15:00,S0014,air_quality,industrial,edge_industrial,1,19.122567383200575,52.69491147590095,0,0
2026-01-01 02:15:00,S0015,air_quality,residential,edge_residential,1,21.624382112274393,87.24117480154186,0,0
2026-01-01 02:15:00,S0016,structure,transit,edge_transit,2,0.3183539453332015,35.91459402048406,0,0
2026-01-01 02:15:00,S0017,energy,residential,edge_residential,1,70.29668439490354,97.63618153385167,0,0
2026-01-01 02:15:00,S0018,energy,transit,edge_transit,1,85.11731114660303,64.17522557765243,0,0
2026-01-01 02:15:00,S0019,structure,waterfront,edge_waterfront,2,0.2671924399440475,40.22274648822987,0,0
2026-01-01 02:15:00,S0020,traffic,transit,edge_transit,2,37.998254598119544,34.68622468691637,0,0
2026-01-01 02:15:00,S0021,traffic,industrial,edge_industrial,2,37.364578020081964,10.781346871235584,0,0
2026-01-01 02:15:00,S0022,energy,transit,edge_transit,1,93.24602293087413,100.65789751243976,0,0
2026-01-01 02:15:00,S0023,traffic,residential,edge_residential,2,25.723772287433697,46.08527953961814,0,0
2026-01-01 02:15:00,S0024,traffic,downtown,edge_downtown,2,28.643772332856038,45.22875609503448,0,0
2026-01-01 02:15:00,S0025,air_quality,downtown,edge_downtown,1,22.352772777519665,68.06990979265244,0,0
2026-01-01 02:15:00,S0026,air_quality,transit,edge_transit,1,50.453278224834015,70.86551279738917,1,0
2026-01-01 02:15:00,S0027,structure,industrial,edge_industrial,2,0.2699724362189608,41.40891447668361,0,0
2026-01-01 02:15:00,S0028,energy,residential,edge_residential,1,75.06133716909434,42.34669482781417,0,0
2026-01-01 02:15:00,S0029,air_quality,industrial,edge_industrial,1,27.709912268606264,72.05014970446238,1,0
2026-01-01 02:15:00,S0030,air_quality,industrial,edge_industrial,1,22.045421687310878,54.52561971869842,0,0
2026-01-01 02:15:00,S0031,traffic,downtown,edge_downtown,2,51.0723756046195,39.84513507199841,1,0
2026-01-01 02:15:00,S0032,traffic,industrial,edge_industrial,2,42.15206654715407,37.54962363656601,0,0
2026-01-01 02:15:00,S0033,traffic,waterfront,edge_waterfront,2,28.740951287002744,26.540673601002602,0,0
2026-01-01 02:15:00,S0034,energy,residential,edge_residential,1,59.49363966260701,91.06690700757228,0,0
2026-01-01 02:15:00,S0035,traffic,industrial,edge_industrial,2,29.419743332414797,67.9447238413485,0,0
2026-01-01 02:15:00,S0036,air_quality,residential,edge_residential,1,20.323152336529567,71.95080980057436,0,0
2026-01-01 02:15:00,S0037,traffic,waterfront,edge_waterfront,2,32.54296903923515,45.80385645253058,0,0
2026-01-01 02:15:00,S0038,energy,industrial,edge_industrial,1,74.85148865395392,61.16405210940227,0,0
2026-01-01 02:15:00,S0039,traffic,residential,edge_residential,2,37.4245253348431,43.861567000736926,0,0
2026-01-01 02:16:00,S0000,energy,residential,edge_residential,1,83.07655187537382,53.24820990105515,0,0
2026-01-01 02:16:00,S0001,structure,industrial,edge_industrial,2,0.28024656940248066,47.084578259090705,0,0
2026-01-01 02:16:00,S0002,energy,waterfront,edge_waterfront,1,76.83467234851847,85.76987338422362,0,0
2026-01-01 02:16:00,S0003,traffic,waterfront,edge_waterfront,2,32.68200481420858,66.55691988118853,0,0
2026-01-01 02:16:00,S0004,traffic,downtown,edge_downtown,2,35.41518821955028,9.614355449110427,0,0
2026-01-01 02:16:00,S0005,structure,residential,edge_residential,2,0.28462177794866894,34.391490819978785,0,0
2026-01-01 02:16:00,S0006,traffic,waterfront,edge_waterfront,2,41.52167500383604,49.45619199463316,0,0
2026-01-01 02:16:00,S0007,energy,waterfront,edge_waterfront,1,73.78613163876989,91.96177158459899,0,0
2026-01-01 02:16:00,S0008,energy,transit,edge_transit,1,81.63913565710119,38.495582662963876,0,0
2026-01-01 02:16:00,S0009,air_quality,transit,edge_transit,1,21.74217414387605,78.45496468373777,0,0
2026-01-01 02:16:00,S0010,traffic,downtown,edge_downtown,2,42.109641907529124,37.79101290911622,0,0
2026-01-01 02:16:00,S0011,traffic,transit,edge_transit,2,36.03723995440737,57.586713788885916,0,0
2026-01-01 02:16:00,S0012,traffic,residential,edge_residential,2,38.26516085334662,46.273803248211735,0,0
2026-01-01 02:16:00,S0013,air_quality,downtown,edge_downtown,1,20.22115529672969,59.058998509228516,0,0
2026-01-01 02:16:00,S0014,air_quality,industrial,edge_industrial,1,19.42042611440791,92.32517102376664,0,0
2026-01-01 02:16:00,S0015,air_quality,residential,edge_residential,1,21.121192982075755,74.16076061878553,0,0
2026-01-01 02:16:00,S0016,structure,transit,edge_transit,2,0.22609105602275972,25.99101324427233,0,0
2026-01-01 02:16:00,S0017,energy,residential,edge_residential,1,78.02130626898683,82.5703424056602,0,0
2026-01-01 02:16:00,S0018,energy,transit,edge_transit,1,80.79838258595312,98.96737678171807,0,0
2026-01-01 02:16:00,S0019,structure,waterfront,edge_waterfront,2,0.19172274332769457,43.50299696652911,0,0
2026-01-01 02:16:00,S0020,traffic,transit,edge_transit,2,28.082813510090716,59.93526583435791,0,0
2026-01-01 02:16:00,S0021,traffic,industrial,edge_industrial,2,27.357063278835387,43.98013175773709,0,0
2026-01-01 02:16:00,S0022,energy,transit,edge_transit,1,68.73686909084039,99.48050331101948,0,0
2026-01-01 02:16:00,S0023,traffic,residential,edge_residential,2,32.33036631605312,52.45006826478072,0,0
2026-01-01 02:16:00,S0024,traffic,downtown,edge_downtown,2,35.246445978222404,37.15754633172618,0,0
2026-01-01 02:16:00,S0025,air_quality,downtown,edge_downtown,1,23.74163890088433,79.82144535278631,0,0
2026-01-01 02:16:00,S0026,air_quality,transit,edge_transit,1,17.568300700056348,68.07914024012938,0,0
2026-01-01 02:16:00,S0027,structure,industrial,edge_industrial,2,0.23048737311529802,46.14328982609403,0,0
2026-01-01 02:16:00,S0028,energy,residential,edge_residential,1,150.05091394677035,68.21556101276468,1,0
2026-01-01 02:16:00,S0029,air_quality,industrial,edge_industrial,1,23.799619718895656,48.770722686015816,0,0
2026-01-01 02:16:00,S0030,air_quality,industrial,edge_industrial,1,21.383776710851897,80.81572032988417,0,0
2026-01-01 02:16:00,S0031,traffic,downtown,edge_downtown,2,43.40358215056302,35.68093321678086,0,0
2026-01-01 02:16:00,S0032,traffic,industrial,edge_industrial,2,32.8020717166172,37.35309719158953,0,0
2026-01-01 02:16:00,S0033,traffic,waterfront,edge_waterfront,2,32.940064102960214,35.571429245007856,0,0
2026-01-01 02:16:00,S0034,energy,residential,edge_residential,1,81.71163113158858,74.79399531146609,0,0
2026-01-01 02:16:00,S0035,traffic,industrial,edge_industrial,2,38.30016221594809,25.61165305183104,0,0
2026-01-01 02:16:00,S0036,air_quality,residential,edge_residential,1,25.126248293344496,41.691250752378096,0,0
2026-01-01 02:16:00,S0037,traffic,waterfront,edge_waterfront,2,32.68782673315931,33.66318021594738,0,0
2026-01-01 02:16:00,S0038,energy,industrial,edge_industrial,1,70.7437834041124,71.3969317537764,0,0
2026-01-01 02:16:00,S0039,traffic,residential,edge_residential,2,39.05032431202996,25.872473210005197,0,0
2026-01-01 02:17:00,S0000,energy,residential,edge_residential,1,83.42918063141613,64.75489436864001,0,0
2026-01-01 02:17:00,S0001,structure,industrial,edge_industrial,2,0.3133852504741097,35.62451509582331,0,0
2026-01-01 02:17:00,S0002,energy,waterfront,edge_waterfront,1,88.10470035859856,91.82026409569987,0,0
2026-01-01 02:17:00,S0003,traffic,waterfront,edge_waterfront,2,37.01077913551559,46.052908047204575,0,0
2026-01-01 02:17:00,S0004,traffic,downtown,edge_downtown,2,31.06823602404324,45.7820145508925,0,0
2026-01-01 02:17:00,S0005,structure,residential,edge_residential,2,0.21865208360540886,46.286572128680426,0,0
2026-01-01 02:17:00,S0006,traffic,waterfront,edge_waterfront,2,35.645285023762945,46.744089072577324,0,0
2026-01-01 02:17:00,S0007,energy,waterfront,edge_waterfront,1,76.23721680173729,105.81147001809653,0,0
2026-01-01 02:17:00,S0008,energy,transit,edge_transit,1,72.663597985363,96.35932741481187,0,0
2026-01-01 02:17:00,S0009,air_quality,transit,edge_transit,1,21.94746328198444,96.40016898369987,0,0
2026-01-01 02:17:00,S0010,traffic,downtown,edge_downtown,2,36.1170308127555,45.033061924520005,0,0
2026-01-01 02:17:00,S0011,traffic,transit,edge_transit,2,33.986797357502425,48.36807302255882,0,0
2026-01-01 02:17:00,S0012,traffic,residential,edge_residential,2,80.9012246815849,41.02112593011663,1,0
2026-01-01 02:17:00,S0013,air_quality,downtown,edge_downtown,1,23.170367291115667,43.749787744231575,0,0
2026-01-01 02:17:00,S0014,air_quality,industrial,edge_industrial,1,37.01176986744004,82.38660107245067,1,0
2026-01-01 02:17:00,S0015,air_quality,residential,edge_residential,1,19.32964919688438,67.61250445573322,0,0
2026-01-01 02:17:00,S0016,structure,transit,edge_transit,2,0.31157742673316224,17.291201001170485,0,0
2026-01-01 02:17:00,S0017,energy,residential,edge_residential,1,81.65091297333477,51.56537954225871,0,0
2026-01-01 02:17:00,S0018,energy,transit,edge_transit,1,83.42938983388046,88.99924018540358,0,0
2026-01-01 02:17:00,S0019,structure,waterfront,edge_waterfront,2,0.2177264219019165,28.609891108109984,0,0
2026-01-01 02:17:00,S0020,traffic,transit,edge_transit,2,39.354047348522485,42.878791929265596,0,0
2026-01-01 02:17:00,S0021,traffic,industrial,edge_industrial,2,41.91683787673302,46.446115272952156,0,0
2026-01-01 02:17:00,S0022,energy,transit,edge_transit,1,64.19599388761436,82.42116913121964,0,0
2026-01-01 02:17:00,S0023,traffic,residential,edge_residential,2,27.31756815603357,30.863981122980555,0,0
2026-01-01 02:17:00,S0024,traffic,downtown,edge_downtown,2,33.92274194989265,41.60654712754079,0,0
2026-01-01 02:17:00,S0025,air_quality,downtown,edge_downtown,1,19.862257922608983,74.54640720261065,0,0
2026-01-01 02:17:00,S0026,air_quality,transit,edge_transit,1,21.1275080946455,57.067280072555015,0,0
2026-01-01 02:17:00,S0027,structure,industrial,edge_industrial,2,0.2688656617602922,46.900722609202106,0,0
2026-01-01 02:17:00,S0028,energy,residential,edge_residential,1,77.03095135148924,86.23520665682284,0,0
2026-01-01 02:17:00,S0029,air_quality,industrial,edge_industrial,1,21.621715755441578,41.227881186047455,0,0
2026-01-01 02:17:00,S0030,air_quality,industrial,edge_industrial,1,17.91419330994322,70.83106188558763,0,0
2026-01-01 02:17:00,S0031,traffic,downtown,edge_downtown,2,33.28568546968455,29.86464043054717,0,0
2026-01-01 02:17:00,S0032,traffic,industrial,edge_industrial,2,27.953975353689675,41.27579186683881,0,0
2026-01-01 02:17:00,S0033,traffic,waterfront,edge_waterfront,2,42.6273337633797,69.01601535371086,0,0
2026-01-01 02:17:00,S0034,energy,residential,edge_residential,1,91.05335394963217,110.0983482459967,0,0
2026-01-01 02:17:00,S0035,traffic,industrial,edge_industrial,2,23.897091008747047,37.330674500391716,0,0
2026-01-01 02:17:00,S0036,air_quality,residential,edge_residential,1,21.97270922879647,71.77775397208927,0,0
2026-01-01 02:17:00,S0037,traffic,waterfront,edge_waterfront,2,34.465169523236675,38.91393358315045,0,0
2026-01-01 02:17:00,S0038,energy,industrial,edge_industrial,1,65.24470059076917,52.63234717300764,0,0
2026-01-01 02:17:00,S0039,traffic,residential,edge_residential,2,33.61186280499646,48.230500731917566,0,0
2026-01-01 02:18:00,S0000,energy,residential,edge_residential,1,84.02439439335154,115.5726707113337,0,0
2026-01-01 02:18:00,S0001,structure,industrial,edge_industrial,2,0.16254412043371008,38.68559362561198,0,0
2026-01-01 02:18:00,S0002,energy,waterfront,edge_waterfront,1,78.236373054418,65.31786525621808,0,0
2026-01-01 02:18:00,S0003,traffic,waterfront,edge_waterfront,2,40.79372013118287,40.1016944672601,0,0
2026-01-01 02:18:00,S0004,traffic,downtown,edge_downtown,2,39.7566006431357,53.48068140273706,0,0
2026-01-01 02:18:00,S0005,structure,residential,edge_residential,2,0.2673541554314143,42.12294300831198,0,0
2026-01-01 02:18:00,S0006,traffic,waterfront,edge_waterfront,2,27.395876863788757,47.288773436016754,0,0
2026-01-01 02:18:00,S0007,energy,waterfront,edge_waterfront,1,75.1361332258389,74.86631762628568,0,0
2026-01-01 02:18:00,S0008,energy,transit,edge_transit,1,87.28849774279047,74.64310550931661,0,0
2026-01-01 02:18:00,S0009,air_quality,transit,edge_transit,1,21.580652206397033,60.20156776374019,0,0
2026-01-01 02:18:00,S0010,traffic,downtown,edge_downtown,2,39.64725391988834,37.36845879767989,0,0
2026-01-01 02:18:00,S0011,traffic,transit,edge_transit,2,27.946841487104177,52.14967701392823,0,0
2026-01-01 02:18:00,S0012,traffic,residential,edge_residential,2,30.58697759904609,34.43907964493768,0,0
2026-01-01 02:18:00,S0013,air_quality,downtown,edge_downtown,1,18.088470834915203,82.93827158282988,0,0
2026-01-01 02:18:00,S0014,air_quality,industrial,edge_industrial,1,21.724103858554564,50.29001305358233,0,0
2026-01-01 02:18:00,S0015,air_quality,residential,edge_residential,1,23.882141304626483,65.89581100389681,0,0
2026-01-01 02:18:00,S0016,structure,transit,edge_transit,2,0.23579730004552257,33.77572568500651,0,0
2026-01-01 02:18:00,S0017,energy,residential,edge_residential,1,82.75721652684048,96.39366022395548,0,0
2026-01-01 02:18:00,S0018,energy,transit,edge_transit,1,77.34487726588803,51.27440916370589,0,0
2026-01-01 02:18:00,S0019,structure,waterfront,edge_waterfront,2,0.20902756436934378,23.387371472946185,0,0
2026-01-01 02:18:00,S0020,traffic,transit,edge_transit,2,32.101259535581406,56.569386533497735,0,0
2026-01-01 02:18:00,S0021,traffic,industrial,edge_industrial,2,45.17428108664092,34.075994900770944,0,0
2026-01-01 02:18:00,S0022,energy,transit,edge_transit,1,74.45432029791834,87.71682654400254,0,0
2026-01-01 02:18:00,S0023,traffic,residential,edge_residential,2,32.216798763714884,56.13444099241891,0,0
2026-01-01 02:18:00,S0024,traffic,downtown,edge_downtown,2,33.790078377393094,34.38678754649692,0,0
2026-01-01 02:18:00,S0025,air_quality,downtown,edge_downtown,1,19.16276050552381,36.155209319567405,0,0
2026-01-01 02:18:00,S0026,air_quality,transit,edge_transit,1,23.766062113071754,92.68879710600653,0,0
2026-01-01 02:18:00,S0027,structure,industrial,edge_industrial,2,0.20059030375360648,36.7631171139914,0,0
2026-01-01 02:18:00,S0028,energy,residential,edge_residential,1,69.77510340432195,77.27161544556728,0,0
2026-01-01 02:18:00,S0029,air_quality,industrial,edge_industrial,1,24.419265127596546,55.856150174701504,0,0
2026-01-01 02:18:00,S0030,air_quality,industrial,edge_industrial,1,20.14828301192469,85.85395289740276,0,0
2026-01-01 02:18:00,S0031,traffic,downtown,edge_downtown,2,32.195822631319004,35.468904101467686,0,0
2026-01-01 02:18:00,S0032,traffic,industrial,edge_industrial,2,36.70755878195278,48.20550447662512,0,0
2026-01-01 02:18:00,S0033,traffic,waterfront,edge_waterfront,2,28.828668271936458,45.12154943608222,0,0
2026-01-01 02:18:00,S0034,energy,residential,edge_residential,1,66.72551434680516,85.0396023696413,0,0
2026-01-01 02:18:00,S0035,traffic,industrial,edge_industrial,2,38.27323559691743,35.45309291880567,0,0
2026-01-01 02:18:00,S0036,air_quality,residential,edge_residential,1,23.1647044984977,70.07868862910442,0,0
2026-01-01 02:18:00,S0037,traffic,waterfront,edge_waterfront,2,29.705296939721077,38.308448907547046,0,0
2026-01-01 02:18:00,S0038,energy,industrial,edge_industrial,1,74.48708750398859,74.99259823509362,0,0
2026-01-01 02:18:00,S0039,traffic,residential,edge_residential,2,47.29929265326617,44.29464377443459,0,0
2026-01-01 02:19:00,S0000,energy,residential,edge_residential,1,75.81624553497798,86.37022817468667,0,0
2026-01-01 02:19:00,S0001,structure,industrial,edge_industrial,2,0.35471490311018805,36.38136485840662,0,0
2026-01-01 02:19:00,S0002,energy,waterfront,edge_waterfront,1,80.8334355058138,72.54775341479889,0,0
2026-01-01 02:19:00,S0003,traffic,waterfront,edge_waterfront,2,33.23938608150998,37.9907042552015,0,0
2026-01-01 02:19:00,S0004,traffic,downtown,edge_downtown,2,31.63965335014574,63.08161504639148,0,0
2026-01-01 02:19:00,S0005,structure,residential,edge_residential,2,0.23794784665407887,41.97676266711724,0,0
2026-01-01 02:19:00,S0006,traffic,waterfront,edge_waterfront,2,33.351137865551166,51.161260082610546,0,0
2026-01-01 02:19:00,S0007,energy,waterfront,edge_waterfront,1,79.67351191763996,41.46845031950987,0,0
2026-01-01 02:19:00,S0008,energy,transit,edge_transit,1,75.6533150174056,59.99384041814436,0,0
2026-01-01 02:19:00,S0009,air_quality,transit,edge_transit,1,24.112008646870837,81.66786649893005,0,0
2026-01-01 02:19:00,S0010,traffic,downtown,edge_downtown,2,35.315656881851126,43.168609184508774,0,0
2026-01-01 02:19:00,S0011,traffic,transit,edge_transit,2,31.963080482590165,35.78715743773821,0,0
2026-01-01 02:19:00,S0012,traffic,residential,edge_residential,2,30.12497333676694,56.57820137836315,0,0
2026-01-01 02:19:00,S0013,air_quality,downtown,edge_downtown,1,15.88480320879211,45.39902527949377,0,0
2026-01-01 02:19:00,S0014,air_quality,industrial,edge_industrial,1,18.238075718904362,67.13797428040611,0,0
2026-01-01 02:19:00,S0015,air_quality,residential,edge_residential,1,17.24268380726034,78.2755325191755,0,0
2026-01-01 02:19:00,S0016,structure,transit,edge_transit,2,0.2702486548621202,21.62022411607228,0,0
2026-01-01 02:19:00,S0017,energy,residential,edge_residential,1,75.5588164955273,100.12916067321606,0,0
2026-01-01 02:19:00,S0018,energy,transit,edge_transit,1,70.10883710228553,60.591579721374416,0,0
2026-01-01 02:19:00,S0019,structure,waterfront,edge_waterfront,2,0.25276752543815184,43.11676871289489,0,0
2026-01-01 02:19:00,S0020,traffic,transit,edge_transit,2,39.854583131431085,37.10176280567742,0,0
2026-01-01 02:19:00,S0021,traffic,industrial,edge_industrial,2,34.018209848210084,55.92184894442022,0,0
2026-01-01 02:19:00,S0022,energy,transit,edge_transit,1,79.90040180448688,63.57996143076425,0,0
2026-01-01 02:19:00,S0023,traffic,residential,edge_residential,2,,24.87578340634118,0,1
2026-01-01 02:19:00,S0024,traffic,downtown,edge_downtown,2,42.32758352752347,46.85210643607838,0,0
2026-01-01 02:19:00,S0025,air_quality,downtown,edge_downtown,1,21.087092313667707,74.6017146572195,0,0
2026-01-01 02:19:00,S0026,air_quality,transit,edge_transit,1,19.161291512650212,85.64832973754291,0,0
2026-01-01 02:19:00,S0027,structure,industrial,edge_industrial,2,0.28258182855964187,48.48021016972785,0,0
2026-01-01 02:19:00,S0028,energy,residential,edge_residential,1,82.27287896360055,78.77025492794415,0,0
2026-01-01 02:19:00,S0029,air_quality,industrial,edge_industrial,1,15.461355605721588,86.21858896782842,0,0
2026-01-01 02:19:00,S0030,air_quality,industrial,edge_industrial,1,22.243724516812676,18.759827850782678,0,0
2026-01-01 02:19:00,S0031,traffic,downtown,edge_downtown,2,35.205860604396214,39.06770137822263,0,0
2026-01-01 02:19:00,S0032,traffic,industrial,edge_industrial,2,40.8665186430001,34.53046496491353,0,0
2026-01-01 02:19:00,S0033,traffic,waterfront,edge_waterfront,2,40.453587247186796,46.24647280395851,0,0
2026-01-01 02:19:00,S0034,energy,residential,edge_residential,1,88.40091917966494,90.90563040552507,0,0
2026-01-01 02:19:00,S0035,traffic,industrial,edge_industrial,2,42.70626238044492,56.2692468150291,0,0
2026-01-01 02:19:00,S0036,air_quality,residential,edge_residential,1,15.62519356335654,55.23669668581012,0,0
2026-01-01 02:19:00,S0037,traffic,waterfront,edge_waterfront,2,32.23547960069673,47.899240088779315,0,0
2026-01-01 02:19:00,S0038,energy,industrial,edge_industrial,1,80.50157531951245,87.3278109481838,0,0
2026-01-01 02:19:00,S0039,traffic,residential,edge_residential,2,36.32131363911595,53.90884429801329,0,0
2026-01-01 02:20:00,S0000,energy,residential,edge_residential,1,,80.08237385268117,0,1
2026-01-01 02:20:00,S0001,structure,industrial,edge_industrial,2,0.20510344794920032,42.39694252275862,0,0
2026-01-01 02:20:00,S0002,energy,waterfront,edge_waterfront,1,83.90511354790951,60.67032374455665,0,0
2026-01-01 02:20:00,S0003,traffic,waterfront,edge_waterfront,2,29.784067200305678,52.650349660959186,0,0
2026-01-01 02:20:00,S0004,traffic,downtown,edge_downtown,2,40.27842156614334,42.67128746701337,0,0
2026-01-01 02:20:00,S0005,structure,residential,edge_residential,2,0.33045054871873336,46.564353845889364,0,0
2026-01-01 02:20:00,S0006,traffic,waterfront,edge_waterfront,2,40.88794916245308,46.14498739390466,0,0
2026-01-01 02:20:00,S0007,energy,waterfront,edge_waterfront,1,79.52086309178127,78.22997921356622,0,0
2026-01-01 02:20:00,S0008,energy,transit,edge_transit,1,81.55229805729192,76.42830610887216,0,0
2026-01-01 02:20:00,S0009,air_quality,transit,edge_transit,1,18.145461186370294,60.895994930634686,0,0
2026-01-01 02:20:00,S0010,traffic,downtown,edge_downtown,2,32.14848019251704,41.40025971267356,0,0
2026-01-01 02:20:00,S0011,traffic,transit,edge_transit,2,34.97250426378411,45.04325654195277,0,0
2026-01-01 02:20:00,S0012,traffic,residential,edge_residential,2,36.97334098512902,42.96229677139998,0,0
2026-01-01 02:20:00,S0013,air_quality,downtown,edge_downtown,1,20.527474803068408,61.622946806981,0,0
2026-01-01 02:20:00,S0014,air_quality,industrial,edge_industrial,1,20.753730825809228,67.09555006998308,0,0
2026-01-01 02:20:00,S0015,air_quality,residential,edge_residential,1,18.127460619178517,74.98304363309444,0,0
2026-01-01 02:20:00,S0016,structure,transit,edge_transit,2,0.24521753384094205,39.03226183650767,0,0
2026-01-01 02:20:00,S0017,energy,residential,edge_residential,1,75.76951414761953,93.89776599425213,0,0
2026-01-01 02:20:00,S0018,energy,transit,edge_transit,1,75.95071702262537,107.56479037063048,0,0
2026-01-01 02:20:00,S0019,structure,waterfront,edge_waterfront,2,0.22661302688865906,28.223913843212216,0,0
2026-01-01 02:20:00,S0020,traffic,transit,edge_transit,2,28.91369003112569,50.32037320203983,0,0
2026-01-01 02:20:00,S0021,traffic,industrial,edge_industrial,2,36.78350099181384,49.273578040980354,0,0
2026-01-01 02:20:00,S0022,energy,transit,edge_transit,1,78.44935856559313,86.47789117104162,0,0
2026-01-01 02:20:00,S0023,traffic,residential,edge_residential,2,32.65787413602701,55.06781478833459,0,0
2026-01-01 02:20:00,S0024,traffic,downtown,edge_downtown,2,38.863951924882066,24.624150275423982,0,0
2026-01-01 02:20:00,S0025,air_quality,downtown,edge_downtown,1,21.377762527665503,48.38137676191109,0,0
2026-01-01 02:20:00,S0026,air_quality,transit,edge_transit,1,16.13243856783811,51.18038342311588,0,0
2026-01-01 02:20:00,S0027,structure,industrial,edge_industrial,2,0.22666637608842474,32.94610397788348,0,0
2026-01-01 02:20:00,S0028,energy,residential,edge_residential,1,101.52186233872305,96.63294929358327,1,0
2026-01-01 02:20:00,S0029,air_quality,industrial,edge_industrial,1,18.05081282949797,76.67101141670017,0,0
2026-01-01 02:20:00,S0030,air_quality,industrial,edge_industrial,1,21.724107533022927,19.4461250472336,0,0
2026-01-01 02:20:00,S0031,traffic,downtown,edge_downtown,2,23.320841324049876,62.97725009476916,0,0
2026-01-01 02:20:00,S0032,traffic,industrial,edge_industrial,2,38.134904552183116,35.75434532669814,0,0
2026-01-01 02:20:00,S0033,traffic,waterfront,edge_waterfront,2,37.356407980943985,41.558149614401714,0,0
2026-01-01 02:20:00,S0034,energy,residential,edge_residential,1,86.02435190467634,77.33408062774063,0,0
2026-01-01 02:20:00,S0035,traffic,industrial,edge_industrial,2,33.585940460881716,37.18542305070678,0,0
2026-01-01 02:20:00,S0036,air_quality,residential,edge_residential,1,19.745404365676617,85.29978196544246,0,0
2026-01-01 02:20:00,S0037,traffic,waterfront,edge_waterfront,2,30.455154181524005,30.589629262633352,0,0
2026-01-01 02:20:00,S0038,energy,industrial,edge_industrial,1,70.27198827921475,72.48198267539104,0,0
2026-01-01 02:20:00,S0039,traffic,residential,edge_residential,2,33.04325925900102,48.66258674778603,0,0
2026-01-01 02:21:00,S0000,energy,residential,edge_residential,1,71.17761950084451,101.12125122387116,0,0
2026-01-01 02:21:00,S0001,structure,industrial,edge_industrial,2,0.28847482454711515,45.853038701793956,0,0
2026-01-01 02:21:00,S0002,energy,waterfront,edge_waterfront,1,80.40946480776003,95.25084250289477,0,0
2026-01-01 02:21:00,S0003,traffic,waterfront,edge_waterfront,2,21.460589186807837,48.68222310078543,0,0
2026-01-01 02:21:00,S0004,traffic,downtown,edge_downtown,2,25.513722185505515,24.3368002069434,0,0
2026-01-01 02:21:00,S0005,structure,residential,edge_residential,2,0.249280053222144,28.281455471554672,0,0
2026-01-01 02:21:00,S0006,traffic,waterfront,edge_waterfront,2,37.39588561472408,35.79018227652579,0,0
2026-01-01 02:21:00,S0007,energy,waterfront,edge_waterfront,1,78.10187965582453,44.42334686679475,0,0
2026-01-01 02:21:00,S0008,energy,transit,edge_transit,1,79.09082226031472,40.86285407984165,0,0
2026-01-01 02:21:00,S0009,air_quality,transit,edge_transit,1,20.808937866351144,54.14062104547008,0,0
2026-01-01 02:21:00,S0010,traffic,downtown,edge_downtown,2,30.245166867823162,30.75424065733842,0,0
2026-01-01 02:21:00,S0011,traffic,transit,edge_transit,2,34.07324809428741,49.45414677529618,0,0
2026-01-01 02:21:00,S0012,traffic,residential,edge_residential,2,35.966458250401956,53.42502895394136,0,0
2026-01-01 02:21:00,S0013,air_quality,downtown,edge_downtown,1,28.453546567362267,73.1283687749074,0,0
2026-01-01 02:21:00,S0014,air_quality,industrial,edge_industrial,1,19.026794627500223,69.97550730242006,0,0
2026-01-01 02:21:00,S0015,air_quality,residential,edge_residential,1,20.84782886886721,71.0627699741915,0,0
2026-01-01 02:21:00,S0016,structure,transit,edge_transit,2,0.2529127073636329,37.091546525388814,0,0
2026-01-01 02:21:00,S0017,energy,residential,edge_residential,1,78.1877563963624,75.19875803435308,0,0
2026-01-01 02:21:00,S0018,energy,transit,edge_transit,1,78.8955432976844,114.33293600396499,0,0
2026-01-01 02:21:00,S0019,structure,waterfront,edge_waterfront,2,0.20758842420440937,41.60816887976107,0,0
2026-01-01 02:21:00,S0020,traffic,transit,edge_transit,2,30.355751321369205,35.82903269295896,0,0
2026-01-01 02:21:00,S0021,traffic,industrial,edge_industrial,2,40.307494386899364,48.54469455726716,0,0
2026-01-01 02:21:00,S0022,energy,transit,edge_transit,1,75.44630648647299,67.97753835149365,0,0
2026-01-01 02:21:00,S0023,traffic,residential,edge_residential,2,42.49529916426772,52.68014860124616,0,0
2026-01-01 02:21:00,S0024,traffic,downtown,edge_downtown,2,33.70280238414064,40.970460014388415,0,0
2026-01-01 02:21:00,S0025,air_quality,downtown,edge_downtown,1,22.614218746121544,60.91964025472592,0,0
2026-01-01 02:21:00,S0026,air_quality,transit,edge_transit,1,22.600485937709884,84.80513438189178,0,0
2026-01-01 02:21:00,S0027,structure,industrial,edge_industrial,2,0.19259780988179204,20.724295040063396,0,0
2026-01-01 02:21:00,S0028,energy,residential,edge_residential,1,81.6520573117058,98.35797080894307,0,0
2026-01-01 02:21:00,S0029,air_quality,industrial,edge_industrial,1,17.711682573157297,62.21849270136381,0,0
2026-01-01 02:21:00,S0030,air_quality,industrial,edge_industrial,1,22.315206714680386,92.73156209678724,0,0
2026-01-01 02:21:00,S0031,traffic,downtown,edge_downtown,2,38.29152531474808,31.184985811722747,0,0
2026-01-01 02:21:00,S0032,traffic,industrial,edge_industrial,2,29.08238829742456,42.69683037442613,0,0
2026-01-01 02:21:00,S0033,traffic,waterfront,edge_waterfront,2,38.95727658636174,38.92542539482851,0,0
2026-01-01 02:21:00,S0034,energy,residential,edge_residential,1,84.06478494507674,69.82705231088742,0,0
2026-01-01 02:21:00,S0035,traffic,industrial,edge_industrial,2,34.35790797841145,52.65092316316243,0,0
2026-01-01 02:21:00,S0036,air_quality,residential,edge_residential,1,17.014921858196903,71.05472376664218,0,0
2026-01-01 02:21:00,S0037,traffic,waterfront,edge_waterfront,2,50.7601595467227,40.92730187421304,1,0
2026-01-01 02:21:00,S0038,energy,industrial,edge_industrial,1,72.50787271990741,112.5021222645953,0,0
2026-01-01 02:21:00,S0039,traffic,residential,edge_residential,2,32.99231123640603,33.121399016019886,0,0
2026-01-01 02:22:00,S0000,energy,residential,edge_residential,1,83.88088279762627,129.05482250860317,0,0
2026-01-01 02:22:00,S0001,structure,industrial,edge_industrial,2,0.2995712449952514,40.277193902318736,0,0
2026-01-01 02:22:00,S0002,energy,waterfront,edge_waterfront,1,93.20163756075581,49.65112017085136,0,0
2026-01-01 02:22:00,S0003,traffic,waterfront,edge_waterfront,2,36.13482570010998,30.109452074928434,0,0
2026-01-01 02:22:00,S0004,traffic,downtown,edge_downtown,2,29.80420197153125,48.549123317514535,0,0
2026-01-01 02:22:00,S0005,structure,residential,edge_residential,2,0.20611260404011195,39.73181255476288,0,0
2026-01-01 02:22:00,S0006,traffic,waterfront,edge_waterfront,2,32.555059849360056,45.80353884255341,0,0
2026-01-01 02:22:00,S0007,energy,waterfront,edge_waterfront,1,78.63058197075826,55.53750663278273,0,0
2026-01-01 02:22:00,S0008,energy,transit,edge_transit,1,84.88834140885388,92.88142062477398,0,0
2026-01-01 02:22:00,S0009,air_quality,transit,edge_transit,1,21.367723507052386,22.38947174463199,0,0
2026-01-01 02:22:00,S0010,traffic,downtown,edge_downtown,2,34.288097052985506,42.58223922318798,0,0
2026-01-01 02:22:00,S0011,traffic,transit,edge_transit,2,32.66128660590471,30.44548893220056,0,0
2026-01-01 02:22:00,S0012,traffic,residential,edge_residential,2,32.242928964003404,38.43957122151097,0,0
2026-01-01 02:22:00,S0013,air_quality,downtown,edge_downtown,1,19.489850494046536,65.41196094753197,0,0
2026-01-01 02:22:00,S0014,air_quality,industrial,edge_industrial,1,19.638394210915664,53.349160787666435,0,0
2026-01-01 02:22:00,S0015,air_quality,residential,edge_residential,1,17.22699309414755,75.66970387753204,0,0
2026-01-01 02:22:00,S0016,structure,transit,edge_transit,2,0.30711831314681093,54.858278958915804,0,0
2026-01-01 02:22:00,S0017,energy,residential,edge_residential,1,85.6240925991606,93.34551670132424,0,0
2026-01-01 02:22:00,S0018,energy,transit,edge_transit,1,80.90293029472299,97.59917891211107,0,0
2026-01-01 02:22:00,S0019,structure,waterfront,edge_waterfront,2,0.3032835340962924,50.21745967746582,0,0
2026-01-01 02:22:00,S0020,traffic,transit,edge_transit,2,25.22502194694514,32.232187156491264,0,0
2026-01-01 02:22:00,S0021,traffic,industrial,edge_industrial,2,35.91965123477219,25.261599251331795,0,0
2026-01-01 02:22:00,S0022,energy,transit,edge_transit,1,71.16862197674394,76.81626550987083,0,0
2026-01-01 02:22:00,S0023,traffic,residential,edge_residential,2,29.213040013911794,58.038182421410326,0,0
2026-01-01 02:22:00,S0024,traffic,downtown,edge_downtown,2,38.8863081951899,47.8352824761823,0,0
2026-01-01 02:22:00,S0025,air_quality,downtown,edge_downtown,1,22.821678488687745,64.65873360795024,0,0
2026-01-01 02:22:00,S0026,air_quality,transit,edge_transit,1,24.65462353725474,69.49142202442387,0,0
2026-01-01 02:22:00,S0027,structure,industrial,edge_industrial,2,0.25018941721060056,9.731560280248328,0,0
2026-01-01 02:22:00,S0028,energy,residential,edge_residential,1,81.6123537005398,75.47629935511306,0,0
2026-01-01 02:22:00,S0029,air_quality,industrial,edge_industrial,1,21.593769068598892,79.19917466091391,0,0
2026-01-01 02:22:00,S0030,air_quality,industrial,edge_industrial,1,18.72753824375094,71.27471790169592,0,0
2026-01-01 02:22:00,S0031,traffic,downtown,edge_downtown,2,39.75719308191134,37.083484694718194,0,0
2026-01-01 02:22:00,S0032,traffic,industrial,edge_industrial,2,42.73621136226513,45.16095602774102,0,0
2026-01-01 02:22:00,S0033,traffic,waterfront,edge_waterfront,2,37.51447351815384,58.45904892864844,0,0
2026-01-01 02:22:00,S0034,energy,residential,edge_residential,1,76.81924402943751,99.50370570552616,0,0
2026-01-01 02:22:00,S0035,traffic,industrial,edge_industrial,2,33.724613323528665,37.20516172546431,0,0
2026-01-01 02:22:00,S0036,air_quality,residential,edge_residential,1,18.9908755976421,78.88532068039862,0,0
2026-01-01 02:22:00,S0037,traffic,waterfront,edge_waterfront,2,35.42247912807297,53.908144368080464,0,0
2026-01-01 02:22:00,S0038,energy,industrial,edge_industrial,1,86.88229940569953,99.8371252416304,0,0
2026-01-01 02:22:00,S0039,traffic,residential,edge_residential,2,40.944069366795404,43.297409672495384,0,0
2026-01-01 02:23:00,S0000,energy,residential,edge_residential,1,81.72733745874636,105.93146555159478,0,0
2026-01-01 02:23:00,S0001,structure,industrial,edge_industrial,2,0.2895315980773939,31.598746429630555,0,0
2026-01-01 02:23:00,S0002,energy,waterfront,edge_waterfront,1,80.22382286998489,73.73477419123577,0,0
2026-01-01 02:23:00,S0003,traffic,waterfront,edge_waterfront,2,30.472920142528647,43.81228705036,0,0
2026-01-01 02:23:00,S0004,traffic,downtown,edge_downtown,2,40.07661732460522,36.0757238967859,0,0
2026-01-01 02:23:00,S0005,structure,residential,edge_residential,2,0.20891723900283807,31.808774253044593,0,0
2026-01-01 02:23:00,S0006,traffic,waterfront,edge_waterfront,2,,54.3208906120186,0,1
2026-01-01 02:23:00,S0007,energy,waterfront,edge_waterfront,1,79.68699288698815,101.53247386052308,0,0
2026-01-01 02:23:00,S0008,energy,transit,edge_transit,1,158.46258051625526,76.40576960557121,1,0
2026-01-01 02:23:00,S0009,air_quality,transit,edge_transit,1,19.776403485384034,84.4364879739441,0,0
2026-01-01 02:23:00,S0010,traffic,downtown,edge_downtown,2,37.85811250274719,29.722719460721283,0,0
2026-01-01 02:23:00,S0011,traffic,transit,edge_transit,2,34.68696745722725,39.89789274774307,0,0
2026-01-01 02:23:00,S0012,traffic,residential,edge_residential,2,32.91580284195171,27.017951867400832,0,0
2026-01-01 02:23:00,S0013,air_quality,downtown,edge_downtown,1,21.673152710527027,69.38975166708978,0,0
2026-01-01 02:23:00,S0014,air_quality,industrial,edge_industrial,1,24.14297359581071,88.31307970080287,0,0
2026-01-01 02:23:00,S0015,air_quality,residential,edge_residential,1,23.382596406861843,51.23220371332608,0,0
2026-01-01 02:23:00,S0016,structure,transit,edge_transit,2,0.2229015149158183,26.240810988873157,0,0
2026-01-01 02:23:00,S0017,energy,residential,edge_residential,1,68.56138795077965,65.69863435444402,0,0
2026-01-01 02:23:00,S0018,energy,transit,edge_transit,1,78.55954784128642,123.44419101015751,0,0
2026-01-01 02:23:00,S0019,structure,waterfront,edge_waterfront,2,0.22654361852860141,43.99121228603926,0,0
2026-01-01 02:23:00,S0020,traffic,transit,edge_transit,2,,39.486081706467075,0,1
2026-01-01 02:23:00,S0021,traffic,industrial,edge_industrial,2,41.09228588587699,49.515865567718286,0,0
2026-01-01 02:23:00,S0022,energy,transit,edge_transit,1,83.90113971929287,83.30775574923278,0,0
2026-01-01 02:23:00,S0023,traffic,residential,edge_residential,2,33.673033089545534,49.63627155348508,0,0
2026-01-01 02:23:00,S0024,traffic,downtown,edge_downtown,2,36.84631339445786,50.98749348686363,0,0
2026-01-01 02:23:00,S0025,air_quality,downtown,edge_downtown,1,20.403986240809473,68.21158697362763,0,0
2026-01-01 02:23:00,S0026,air_quality,transit,edge_transit,1,22.75730913309644,60.942532487915244,0,0
2026-01-01 02:23:00,S0027,structure,industrial,edge_industrial,2,0.20092964198657748,36.29826513734373,0,0
2026-01-01 02:23:00,S0028,energy,residential,edge_residential,1,79.06736725188699,77.84224402978252,0,0
2026-01-01 02:23:00,S0029,air_quality,industrial,edge_industrial,1,24.947386038528336,73.95453785167476,0,0
2026-01-01 02:23:00,S0030,air_quality,industrial,edge_industrial,1,19.82764685146722,42.13031545053924,0,0
2026-01-01 02:23:00,S0031,traffic,downtown,edge_downtown,2,30.280486357376702,52.04959385524537,0,0
2026-01-01 02:23:00,S0032,traffic,industrial,edge_industrial,2,55.445574146834325,48.1726296196446,1,0
2026-01-01 02:23:00,S0033,traffic,waterfront,edge_waterfront,2,39.496463439760134,44.76719003049828,0,0
2026-01-01 02:23:00,S0034,energy,residential,edge_residential,1,76.03622012334148,77.97829353501523,0,0
2026-01-01 02:23:00,S0035,traffic,industrial,edge_industrial,2,37.06670620295925,40.28254793617757,0,0
2026-01-01 02:23:00,S0036,air_quality,residential,edge_residential,1,21.322908413414133,67.21219106753946,0,0
2026-01-01 02:23:00,S0037,traffic,waterfront,edge_waterfront,2,40.291828639823734,54.855482016858716,0,0
2026-01-01 02:23:00,S0038,energy,industrial,edge_industrial,1,85.34386525316447,69.05861923304707,0,0
2026-01-01 02:23:00,S0039,traffic,residential,edge_residential,2,41.74290317863433,48.4612677114724,0,0
2026-01-01 02:24:00,S0000,energy,residential,edge_residential,1,84.05849346553443,82.78830509541157,0,0
2026-01-01 02:24:00,S0001,structure,industrial,edge_industrial,2,0.2562034882942334,30.59043864397797,0,0
2026-01-01 02:24:00,S0002,energy,waterfront,edge_waterfront,1,71.63124331132246,119.02144335574552,0,0
2026-01-01 02:24:00,S0003,traffic,waterfront,edge_waterfront,2,36.68723846587674,27.411030135660518,0,0
2026-01-01 02:24:00,S0004,traffic,downtown,edge_downtown,2,34.379561953524,23.552551359130952,0,0
2026-01-01 02:24:00,S0005,structure,residential,edge_residential,2,0.21686203817630076,47.30098447366913,0,0
2026-01-01 02:24:00,S0006,traffic,waterfront,edge_waterfront,2,35.191827065774255,41.11326393898343,0,0
2026-01-01 02:24:00,S0007,energy,waterfront,edge_waterfront,1,87.78301445813197,92.33117100716969,0,0
2026-01-01 02:24:00,S0008,energy,transit,edge_transit,1,73.37461535388218,75.29350103961342,0,0
2026-01-01 02:24:00,S0009,air_quality,transit,edge_transit,1,19.550364322860265,57.113253923465344,0,0
2026-01-01 02:24:00,S0010,traffic,downtown,edge_downtown,2,41.61745220197869,51.551763714173006,0,0
2026-01-01 02:24:00,S0011,traffic,transit,edge_transit,2,29.598382492503305,39.63139105118154,0,0
2026-01-01 02:24:00,S0012,traffic,residential,edge_residential,2,42.92383013645313,28.94448001098936,0,0
2026-01-01 02:24:00,S0013,air_quality,downtown,edge_downtown,1,19.976518739157896,61.20639400712773,0,0
2026-01-01 02:24:00,S0014,air_quality,industrial,edge_industrial,1,18.731917151455736,58.731526326487426,0,0
2026-01-01 02:24:00,S0015,air_quality,residential,edge_residential,1,19.386119752431238,54.58983285140999,0,0
2026-01-01 02:24:00,S0016,structure,transit,edge_transit,2,0.28212712510846566,43.70416290340525,0,0
2026-01-01 02:24:00,S0017,energy,residential,edge_residential,1,83.49980976800963,85.76424546510641,0,0
2026-01-01 02:24:00,S0018,energy,transit,edge_transit,1,87.55747541221174,66.47560158298718,0,0
2026-01-01 02:24:00,S0019,structure,waterfront,edge_waterfront,2,0.6418456598521677,23.296503683122083,1,0
2026-01-01 02:24:00,S0020,traffic,transit,edge_transit,2,40.69745226351421,39.92038783852602,0,0
2026-01-01 02:24:00,S0021,traffic,industrial,edge_industrial,2,37.66649546184056,43.00374209952842,0,0
2026-01-01 02:24:00,S0022,energy,transit,edge_transit,1,75.86540928859239,100.16744590164767,0,0
2026-01-01 02:24:00,S0023,traffic,residential,edge_residential,2,37.954306508101475,43.7953124765135,0,0
2026-01-01 02:24:00,S0024,traffic,downtown,edge_downtown,2,33.27856441966447,47.64798363813382,0,0
2026-01-01 02:24:00,S0025,air_quality,downtown,edge_downtown,1,14.770924737731129,77.85996300159303,0,0
2026-01-01 02:24:00,S0026,air_quality,transit,edge_transit,1,19.72116677287913,84.1315689996965,0,0
2026-01-01 02:24:00,S0027,structure,industrial,edge_industrial,2,0.28913135590308936,48.50547856372902,0,0
2026-01-01 02:24:00,S0028,energy,residential,edge_residential,1,76.75414409026301,50.58514732323415,0,0
2026-01-01 02:24:00,S0029,air_quality,industrial,edge_industrial,1,17.448605944084935,50.215789554248936,0,0
2026-01-01 02:24:00,S0030,air_quality,industrial,edge_industrial,1,21.181109947168288,78.20541866847674,0,0
2026-01-01 02:24:00,S0031,traffic,downtown,edge_downtown,2,32.11910858059928,67.18848079561207,0,0
2026-01-01 02:24:00,S0032,traffic,industrial,edge_industrial,2,35.188014430636,56.78146517855053,0,0
2026-01-01 02:24:00,S0033,traffic,waterfront,edge_waterfront,2,38.91680399744221,37.379540451627406,0,0
2026-01-01 02:24:00,S0034,energy,residential,edge_residential,1,86.36919107088949,58.775492797092994,0,0
2026-01-01 02:24:00,S0035,traffic,industrial,edge_industrial,2,35.81119240006447,35.22622165432182,0,0
2026-01-01 02:24:00,S0036,air_quality,residential,edge_residential,1,18.47870752340205,67.72347432408837,0,0
2026-01-01 02:24:00,S0037,traffic,waterfront,edge_waterfront,2,33.85858363229767,46.1228411574184,0,0
2026-01-01 02:24:00,S0038,energy,industrial,edge_industrial,1,85.76792390222914,61.92127221882936,0,0
2026-01-01 02:24:00,S0039,traffic,residential,edge_residential,2,26.476714623403844,43.88864188396303,0,0
2026-01-01 02:25:00,S0000,energy,residential,edge_residential,1,90.1436945680345,87.09376351969647,0,0
2026-01-01 02:25:00,S0001,structure,industrial,edge_industrial,2,0.2037701526888785,53.762120110057424,0,0
2026-01-01 02:25:00,S0002,energy,waterfront,edge_waterfront,1,86.70247057253917,81.03175868023726,0,0
2026-01-01 02:25:00,S0003,traffic,waterfront,edge_waterfront,2,36.28288442791257,33.55644996528446,0,0
2026-01-01 02:25:00,S0004,traffic,downtown,edge_downtown,2,31.769667643343094,35.871355621992436,0,0
2026-01-01 02:25:00,S0005,structure,residential,edge_residential,2,0.25817228143572035,45.33430750337386,0,0
2026-01-01 02:25:00,S0006,traffic,waterfront,edge_waterfront,2,37.60815090240222,42.55912678282462,0,0
2026-01-01 02:25:00,S0007,energy,waterfront,edge_waterfront,1,85.7448039626922,68.27855280772276,0,0
2026-01-01 02:25:00,S0008,energy,transit,edge_transit,1,68.02937918794757,109.98288805293693,0,0
2026-01-01 02:25:00,S0009,air_quality,transit,edge_transit,1,24.27785606672014,70.5247694555899,0,0
2026-01-01 02:25:00,S0010,traffic,downtown,edge_downtown,2,34.657696119680416,32.09923750049818,0,0
2026-01-01 02:25:00,S0011,traffic,transit,edge_transit,2,34.97550862072889,39.142583230659895,0,0
2026-01-01 02:25:00,S0012,traffic,residential,edge_residential,2,40.092773217039614,36.55706940837506,0,0
2026-01-01 02:25:00,S0013,air_quality,downtown,edge_downtown,1,23.185100506189883,76.72481114539474,0,0
2026-01-01 02:25:00,S0014,air_quality,industrial,edge_industrial,1,19.456367304382866,78.21315945237399,0,0
2026-01-01 02:25:00,S0015,air_quality,residential,edge_residential,1,22.291241854872705,49.00440722183349,0,0
2026-01-01 02:25:00,S0016,structure,transit,edge_transit,2,0.23916897584489316,26.720607469156334,0,0
2026-01-01 02:25:00,S0017,energy,residential,edge_residential,1,80.59128678567602,88.13207327878989,0,0
2026-01-01 02:25:00,S0018,energy,transit,edge_transit,1,71.16079216916079,89.45222623336153,0,0
2026-01-01 02:25:00,S0019,structure,waterfront,edge_waterfront,2,0.28143783766258834,49.657251228269644,0,0
2026-01-01 02:25:00,S0020,traffic,transit,edge_transit,2,36.469781929356486,68.95709652172505,0,0
2026-01-01 02:25:00,S0021,traffic,industrial,edge_industrial,2,31.958259162997294,43.44506595768269,0,0
2026-01-01 02:25:00,S0022,energy,transit,edge_transit,1,159.01355297334786,76.4326451762846,1,0
2026-01-01 02:25:00,S0023,traffic,residential,edge_residential,2,33.17100037555264,24.64146479235773,0,0
2026-01-01 02:25:00,S0024,traffic,downtown,edge_downtown,2,28.31908955815569,55.450670130925936,0,0
2026-01-01 02:25:00,S0025,air_quality,downtown,edge_downtown,1,19.920217435311613,65.23013878885733,0,0
2026-01-01 02:25:00,S0026,air_quality,transit,edge_transit,1,22.469955967438985,54.97574643447177,0,0
2026-01-01 02:25:00,S0027,structure,industrial,edge_industrial,2,0.3134532002693076,33.9413845921737,0,0
2026-01-01 02:25:00,S0028,energy,residential,edge_residential,1,84.35305246706776,101.84240106470939,0,0
2026-01-01 02:25:00,S0029,air_quality,industrial,edge_industrial,1,20.713441978031387,88.8765926195989,0,0
2026-01-01 02:25:00,S0030,air_quality,industrial,edge_industrial,1,13.475516641562319,72.38047646990069,0,0
2026-01-01 02:25:00,S0031,traffic,downtown,edge_downtown,2,43.70985838100764,27.528209249554692,0,0
2026-01-01 02:25:00,S0032,traffic,industrial,edge_industrial,2,34.51300491449286,14.991034631228178,0,0
2026-01-01 02:25:00,S0033,traffic,waterfront,edge_waterfront,2,29.621653427408077,44.54260626742625,0,0
2026-01-01 02:25:00,S0034,energy,residential,edge_residential,1,75.98343938594543,91.50500202107781,0,0
2026-01-01 02:25:00,S0035,traffic,industrial,edge_industrial,2,30.60012564874498,40.120697441207234,0,0
2026-01-01 02:25:00,S0036,air_quality,residential,edge_residential,1,23.24854997604762,63.08694559279817,0,0
2026-01-01 02:25:00,S0037,traffic,waterfront,edge_waterfront,2,,55.64764580348251,0,1
2026-01-01 02:25:00,S0038,energy,industrial,edge_industrial,1,72.47607037130739,117.99522148489042,0,0
2026-01-01 02:25:00,S0039,traffic,residential,edge_residential,2,28.725247830050098,53.268458304543834,0,0
2026-01-01 02:26:00,S0000,energy,residential,edge_residential,1,87.82901464154237,92.34159582196435,0,0
2026-01-01 02:26:00,S0001,structure,industrial,edge_industrial,2,0.275297595953325,35.33964208229884,0,0
2026-01-01 02:26:00,S0002,energy,waterfront,edge_waterfront,1,76.44996084019823,89.35863703221646,0,0
2026-01-01 02:26:00,S0003,traffic,waterfront,edge_waterfront,2,28.207045456906428,27.877768782018187,0,0
2026-01-01 02:26:00,S0004,traffic,downtown,edge_downtown,2,37.00525257725107,53.458296240298374,0,0
2026-01-01 02:26:00,S0005,structure,residential,edge_residential,2,0.2529432885693458,27.977146879378573,0,0
2026-01-01 02:26:00,S0006,traffic,waterfront,edge_waterfront,2,53.56914816730345,30.114134991330246,1,0
2026-01-01 02:26:00,S0007,energy,waterfront,edge_waterfront,1,75.51863927475509,68.46064561374274,0,0
2026-01-01 02:26:00,S0008,energy,transit,edge_transit,1,77.64966263225614,81.57841865337646,0,0
2026-01-01 02:26:00,S0009,air_quality,transit,edge_transit,1,19.289375709764656,45.92702677932944,0,0
2026-01-01 02:26:00,S0010,traffic,downtown,edge_downtown,2,32.45535791633609,39.33845793485521,0,0
2026-01-01 02:26:00,S0011,traffic,transit,edge_transit,2,27.59738913680796,34.93104561714036,0,0
2026-01-01 02:26:00,S0012,traffic,residential,edge_residential,2,35.42150157186601,40.07159382553646,0,0
2026-01-01 02:26:00,S0013,air_quality,downtown,edge_downtown,1,24.666378060261774,50.20098493450252,0,0
2026-01-01 02:26:00,S0014,air_quality,industrial,edge_industrial,1,22.438745079840064,37.530891086280405,0,0
2026-01-01 02:26:00,S0015,air_quality,residential,edge_residential,1,20.212022865601995,59.54307309433031,0,0
2026-01-01 02:26:00,S0016,structure,transit,edge_transit,2,0.24826689950472583,28.241697009264495,0,0
2026-01-01 02:26:00,S0017,energy,residential,edge_residential,1,86.72658886096076,76.32287389589476,0,0
2026-01-01 02:26:00,S0018,energy,transit,edge_transit,1,68.43258862335779,67.59369927419729,0,0
2026-01-01 02:26:00,S0019,structure,waterfront,edge_waterfront,2,0.21902713160998313,48.50230025612794,0,0
2026-01-01 02:26:00,S0020,traffic,transit,edge_transit,2,32.37248580756281,28.139876055840706,0,0
2026-01-01 02:26:00,S0021,traffic,industrial,edge_industrial,2,32.564103880605686,18.06414155899689,0,0
2026-01-01 02:26:00,S0022,energy,transit,edge_transit,1,79.28034594664408,75.84601968182129,0,0
2026-01-01 02:26:00,S0023,traffic,residential,edge_residential,2,32.62403873881195,59.17722068807534,0,0
2026-01-01 02:26:00,S0024,traffic,downtown,edge_downtown,2,31.351083785765148,44.586847973437,0,0
2026-01-01 02:26:00,S0025,air_quality,downtown,edge_downtown,1,13.574586912943193,83.59771155910556,0,0
2026-01-01 02:26:00,S0026,air_quality,transit,edge_transit,1,15.752620457966282,66.88542601907314,0,0
2026-01-01 02:26:00,S0027,structure,industrial,edge_industrial,2,,5.0,0,1
2026-01-01 02:26:00,S0028,energy,residential,edge_residential,1,83.34122317282176,76.53158330510462,0,0
2026-01-01 02:26:00,S0029,air_quality,industrial,edge_industrial,1,24.35714074701893,82.41251468079163,0,0
2026-01-01 02:26:00,S0030,air_quality,industrial,edge_industrial,1,20.260695730906196,71.14449185893227,0,0
2026-01-01 02:26:00,S0031,traffic,downtown,edge_downtown,2,35.215867181950046,47.52017921973639,0,0
2026-01-01 02:26:00,S0032,traffic,industrial,edge_industrial,2,40.60963066865385,53.2551862710268,0,0
2026-01-01 02:26:00,S0033,traffic,waterfront,edge_waterfront,2,27.26342077078215,43.48281957486921,0,0
2026-01-01 02:26:00,S0034,energy,residential,edge_residential,1,71.14920111137823,78.16689372130404,0,0
2026-01-01 02:26:00,S0035,traffic,industrial,edge_industrial,2,87.85507488440973,35.199749471640956,1,0
2026-01-01 02:26:00,S0036,air_quality,residential,edge_residential,1,18.21017588978486,70.45820783552182,0,0
2026-01-01 02:26:00,S0037,traffic,waterfront,edge_waterfront,2,,47.67468006519389,0,1
2026-01-01 02:26:00,S0038,energy,industrial,edge_industrial,1,172.42073657597354,73.29040766581423,1,0
2026-01-01 02:26:00,S0039,traffic,residential,edge_residential,2,32.84833169743692,44.12306121407711,0,0
2026-01-01 02:27:00,S0000,energy,residential,edge_residential,1,72.10380756542432,67.74603006979753,0,0
2026-01-01 02:27:00,S0001,structure,industrial,edge_industrial,2,0.2216345860702994,35.23452957256017,0,0
2026-01-01 02:27:00,S0002,energy,waterfront,edge_waterfront,1,77.14913902047128,77.06691746115996,0,0
2026-01-01 02:27:00,S0003,traffic,waterfront,edge_waterfront,2,43.75353165142096,27.548942775353208,0,0
2026-01-01 02:27:00,S0004,traffic,downtown,edge_downtown,2,29.906524103931126,54.99098930650061,0,0
2026-01-01 02:27:00,S0005,structure,residential,edge_residential,2,0.29182083012836596,50.20713244172249,0,0
2026-01-01 02:27:00,S0006,traffic,waterfront,edge_waterfront,2,30.24362213592555,53.91709421715301,0,0
2026-01-01 02:27:00,S0007,energy,waterfront,edge_waterfront,1,81.33374423416392,79.31309416432872,0,0
2026-01-01 02:27:00,S0008,energy,transit,edge_transit,1,72.36505433298821,67.24238660603389,0,0
2026-01-01 02:27:00,S0009,air_quality,transit,edge_transit,1,19.893165333471305,49.58504986447008,0,0
2026-01-01 02:27:00,S0010,traffic,downtown,edge_downtown,2,32.5198663130243,22.863920304435208,0,0
2026-01-01 02:27:00,S0011,traffic,transit,edge_transit,2,30.86140022736274,29.182537362608123,0,0
2026-01-01 02:27:00,S0012,traffic,residential,edge_residential,2,36.30050567573024,42.5805205284221,0,0
2026-01-01 02:27:00,S0013,air_quality,downtown,edge_downtown,1,20.668481202439217,74.23385823435153,0,0
2026-01-01 02:27:00,S0014,air_quality,industrial,edge_industrial,1,21.266405134166398,71.26557391275306,0,0
2026-01-01 02:27:00,S0015,air_quality,residential,edge_residential,1,20.37373257847353,61.6938686556098,0,0
2026-01-01 02:27:00,S0016,structure,transit,edge_transit,2,0.22164509249059294,35.86548360123917,0,0
2026-01-01 02:27:00,S0017,energy,residential,edge_residential,1,72.61385781661254,61.42283220741367,0,0
2026-01-01 02:27:00,S0018,energy,transit,edge_transit,1,77.90090926477788,125.79999612475568,0,0
2026-01-01 02:27:00,S0019,structure,waterfront,edge_waterfront,2,0.17404865295623234,32.161324654072324,0,0
2026-01-01 02:27:00,S0020,traffic,transit,edge_transit,2,42.26815835366296,35.16547497178725,0,0
2026-01-01 02:27:00,S0021,traffic,industrial,edge_industrial,2,33.73698680772019,25.62269343401766,0,0
2026-01-01 02:27:00,S0022,energy,transit,edge_transit,1,180.01058614169582,72.77529359465761,1,0
2026-01-01 02:27:00,S0023,traffic,residential,edge_residential,2,45.005751236130145,47.71945984230825,0,0
2026-01-01 02:27:00,S0024,traffic,downtown,edge_downtown,2,44.493814217740905,68.64756243937292,0,0
2026-01-01 02:27:00,S0025,air_quality,downtown,edge_downtown,1,20.582056284467413,69.78327174110338,0,0
2026-01-01 02:27:00,S0026,air_quality,transit,edge_transit,1,21.182510801518568,85.63786713178249,0,0
2026-01-01 02:27:00,S0027,structure,industrial,edge_industrial,2,0.23124260809690533,51.17622635423534,0,0
2026-01-01 02:27:00,S0028,energy,residential,edge_residential,1,83.66632645999746,27.874745665373446,0,0
2026-01-01 02:27:00,S0029,air_quality,industrial,edge_industrial,1,18.342277263623348,45.592296754214615,0,0
2026-01-01 02:27:00,S0030,air_quality,industrial,edge_industrial,1,22.287405659419896,72.91328696194017,0,0
2026-01-01 02:27:00,S0031,traffic,downtown,edge_downtown,2,32.49262298918293,34.175321157638095,0,0
2026-01-01 02:27:00,S0032,traffic,industrial,edge_industrial,2,37.55951023854347,45.45337529350332,0,0
2026-01-01 02:27:00,S0033,traffic,waterfront,edge_waterfront,2,40.324629005362056,49.928474993757305,0,0
2026-01-01 02:27:00,S0034,energy,residential,edge_residential,1,74.84128540153462,74.82337337437802,0,0
2026-01-01 02:27:00,S0035,traffic,industrial,edge_industrial,2,35.171956024893746,65.60568248588132,0,0
2026-01-01 02:27:00,S0036,air_quality,residential,edge_residential,1,21.162200213058373,81.9437661456617,0,0
2026-01-01 02:27:00,S0037,traffic,waterfront,edge_waterfront,2,39.13535835012284,49.47832756226022,0,0
2026-01-01 02:27:00,S0038,energy,industrial,edge_industrial,1,72.2922081045186,77.06051096002217,0,0
2026-01-01 02:27:00,S0039,traffic,residential,edge_residential,2,22.819850923617977,45.12563029955103,0,0
2026-01-01 02:28:00,S0000,energy,residential,edge_residential,1,68.89519586567397,58.825610545651195,0,0
2026-01-01 02:28:00,S0001,structure,industrial,edge_industrial,2,0.1493450761112371,51.91757037502484,0,0
2026-01-01 02:28:00,S0002,energy,waterfront,edge_waterfront,1,61.07718804624868,56.51148266532812,0,0
2026-01-01 02:28:00,S0003,traffic,waterfront,edge_waterfront,2,40.555372094125936,34.28598560442334,0,0
2026-01-01 02:28:00,S0004,traffic,downtown,edge_downtown,2,35.523440621111845,49.949133684815465,0,0
2026-01-01 02:28:00,S0005,structure,residential,edge_residential,2,0.2597254149376194,26.817523024256218,0,0
2026-01-01 02:28:00,S0006,traffic,waterfront,edge_waterfront,2,37.89958275532989,37.215874862323254,0,0
2026-01-01 02:28:00,S0007,energy,waterfront,edge_waterfront,1,77.05094973785494,46.207236929970065,0,0
2026-01-01 02:28:00,S0008,energy,transit,edge_transit,1,82.81218845570889,61.272188133959645,0,0
2026-01-01 02:28:00,S0009,air_quality,transit,edge_transit,1,20.418452324102553,82.51473342766198,0,0
2026-01-01 02:28:00,S0010,traffic,downtown,edge_downtown,2,41.754076653684535,37.1604701250878,0,0
2026-01-01 02:28:00,S0011,traffic,transit,edge_transit,2,31.44514792431865,46.55355606140523,0,0
2026-01-01 02:28:00,S0012,traffic,residential,edge_residential,2,41.536272493838496,47.38862082952315,0,0
2026-01-01 02:28:00,S0013,air_quality,downtown,edge_downtown,1,24.05594677688166,45.82086676361321,0,0
2026-01-01 02:28:00,S0014,air_quality,industrial,edge_industrial,1,21.51099931954091,67.25278343998174,0,0
2026-01-01 02:28:00,S0015,air_quality,residential,edge_residential,1,21.05713825743315,59.162993294057685,0,0
2026-01-01 02:28:00,S0016,structure,transit,edge_transit,2,0.25753483241841396,29.949426772476443,0,0
2026-01-01 02:28:00,S0017,energy,residential,edge_residential,1,85.60872570237613,76.46247835871525,0,0
2026-01-01 02:28:00,S0018,energy,transit,edge_transit,1,74.99339802849093,89.496468760264,0,0
2026-01-01 02:28:00,S0019,structure,waterfront,edge_waterfront,2,0.25605264123790117,33.771772359564885,0,0
2026-01-01 02:28:00,S0020,traffic,transit,edge_transit,2,36.33908337235975,49.35764733692019,0,0
2026-01-01 02:28:00,S0021,traffic,industrial,edge_industrial,2,31.62509330065973,38.31489744364465,0,0
2026-01-01 02:28:00,S0022,energy,transit,edge_transit,1,80.2117084473963,136.18577632594307,0,0
2026-01-01 02:28:00,S0023,traffic,residential,edge_residential,2,39.15565954799844,49.71310718171884,0,0
2026-01-01 02:28:00,S0024,traffic,downtown,edge_downtown,2,35.16301823374281,36.67723951737158,0,0
2026-01-01 02:28:00,S0025,air_quality,downtown,edge_downtown,1,27.73276701729057,55.27724982042821,0,0
2026-01-01 02:28:00,S0026,air_quality,transit,edge_transit,1,19.14989642952469,68.59253574207955,0,0
2026-01-01 02:28:00,S0027,structure,industrial,edge_industrial,2,0.20398411685293732,50.94262586686631,0,0
2026-01-01 02:28:00,S0028,energy,residential,edge_residential,1,76.4079814646182,80.15381519332772,0,0
2026-01-01 02:28:00,S0029,air_quality,industrial,edge_industrial,1,26.585434744998132,59.46107500850915,0,0
2026-01-01 02:28:00,S0030,air_quality,industrial,edge_industrial,1,22.05261557746736,78.8827549151189,0,0
2026-01-01 02:28:00,S0031,traffic,downtown,edge_downtown,2,31.493362223642414,57.59225782192368,0,0
2026-01-01 02:28:00,S0032,traffic,industrial,edge_industrial,2,35.39770271225109,53.04875597222526,0,0
2026-01-01 02:28:00,S0033,traffic,waterfront,edge_waterfront,2,37.708430693517045,49.39868831910135,0,0
2026-01-01 02:28:00,S0034,energy,residential,edge_residential,1,80.35023484017319,95.94719797323887,0,0
2026-01-01 02:28:00,S0035,traffic,industrial,edge_industrial,2,30.62564761377287,59.15055733600005,0,0
2026-01-01 02:28:00,S0036,air_quality,residential,edge_residential,1,19.6137283917242,46.07817065771715,0,0
2026-01-01 02:28:00,S0037,traffic,waterfront,edge_waterfront,2,31.829586600331446,61.83243991540969,0,0
2026-01-01 02:28:00,S0038,energy,industrial,edge_industrial,1,76.84160828390394,106.19508787792422,0,0
2026-01-01 02:28:00,S0039,traffic,residential,edge_residential,2,31.430904763953407,28.013501188334367,0,0
2026-01-01 02:29:00,S0000,energy,residential,edge_residential,1,83.98074417496663,81.04898166978761,0,0
2026-01-01 02:29:00,S0001,structure,industrial,edge_industrial,2,0.3634180806518363,48.33468096877694,0,0
2026-01-01 02:29:00,S0002,energy,waterfront,edge_waterfront,1,85.0853252185639,79.34657425560748,0,0
2026-01-01 02:29:00,S0003,traffic,waterfront,edge_waterfront,2,39.38553131952213,31.194233354777765,0,0
2026-01-01 02:29:00,S0004,traffic,downtown,edge_downtown,2,24.06840940935125,31.369947485530158,0,0
2026-01-01 02:29:00,S0005,structure,residential,edge_residential,2,0.2581723722266075,48.642919949480664,0,0
2026-01-01 02:29:00,S0006,traffic,waterfront,edge_waterfront,2,33.5558186366591,34.829818596978974,0,0
2026-01-01 02:29:00,S0007,energy,waterfront,edge_waterfront,1,78.4375081643375,90.63056692336592,0,0
2026-01-01 02:29:00,S0008,energy,transit,edge_transit,1,88.31800584373109,79.59838860953167,0,0
2026-01-01 02:29:00,S0009,air_quality,transit,edge_transit,1,20.59518459373501,58.07757948968597,0,0
2026-01-01 02:29:00,S0010,traffic,downtown,edge_downtown,2,35.68197575503699,28.78803058374548,0,0
2026-01-01 02:29:00,S0011,traffic,transit,edge_transit,2,39.0841765818969,44.6354243587305,0,0
2026-01-01 02:29:00,S0012,traffic,residential,edge_residential,2,36.96954913552032,28.95113779442371,0,0
2026-01-01 02:29:00,S0013,air_quality,downtown,edge_downtown,1,18.384418045530918,67.9261155972516,0,0
2026-01-01 02:29:00,S0014,air_quality,industrial,edge_industrial,1,17.622157622805815,86.96411745042674,0,0
2026-01-01 02:29:00,S0015,air_quality,residential,edge_residential,1,16.13213006856835,73.66042632924068,0,0
2026-01-01 02:29:00,S0016,structure,transit,edge_transit,2,0.17157327751361912,54.62047833639558,0,0
2026-01-01 02:29:00,S0017,energy,residential,edge_residential,1,74.16410941766289,63.58030685881246,0,0
2026-01-01 02:29:00,S0018,energy,transit,edge_transit,1,79.26634532542631,89.33691078446508,0,0
2026-01-01 02:29:00,S0019,structure,waterfront,edge_waterfront,2,0.2752254923433936,51.471439070437526,0,0
2026-01-01 02:29:00,S0020,traffic,transit,edge_transit,2,39.213084937279454,40.24752795737212,0,0
2026-01-01 02:29:00,S0021,traffic,industrial,edge_industrial,2,41.39018928534567,27.756314348412054,0,0
2026-01-01 02:29:00,S0022,energy,transit,edge_transit,1,94.62285682593829,72.77140451372306,0,0
2026-01-01 02:29:00,S0023,traffic,residential,edge_residential,2,31.053936789015857,35.103793852614736,0,0
2026-01-01 02:29:00,S0024,traffic,downtown,edge_downtown,2,37.676659660281736,21.125579187916674,0,0
2026-01-01 02:29:00,S0025,air_quality,downtown,edge_downtown,1,24.11865506419173,72.13400140916721,0,0
2026-01-01 02:29:00,S0026,air_quality,transit,edge_transit,1,23.86213988840711,43.00485532508556,0,0
2026-01-01 02:29:00,S0027,structure,industrial,edge_industrial,2,0.20349432865300704,30.324121702544865,0,0
2026-01-01 02:29:00,S0028,energy,residential,edge_residential,1,81.61217306775355,76.12111214030011,0,0
2026-01-01 02:29:00,S0029,air_quality,industrial,edge_industrial,1,18.128079424927233,78.06735373329897,0,0
2026-01-01 02:29:00,S0030,air_quality,industrial,edge_industrial,1,19.864594347765536,74.92751596629205,0,0
2026-01-01 02:29:00,S0031,traffic,downtown,edge_downtown,2,43.228406685818825,49.1909899126935,0,0
2026-01-01 02:29:00,S0032,traffic,industrial,edge_industrial,2,,31.793427658924802,0,1
2026-01-01 02:29:00,S0033,traffic,waterfront,edge_waterfront,2,43.57788787338857,47.12253088253352,0,0
2026-01-01 02:29:00,S0034,energy,residential,edge_residential,1,78.1158207591989,54.03461197404154,0,0
2026-01-01 02:29:00,S0035,traffic,industrial,edge_industrial,2,36.47976813652478,54.176467837276206,0,0
2026-01-01 02:29:00,S0036,air_quality,residential,edge_residential,1,18.302057154973667,67.43922345184777,0,0
2026-01-01 02:29:00,S0037,traffic,waterfront,edge_waterfront,2,31.320851651239305,33.9792997054666,0,0
2026-01-01 02:29:00,S0038,energy,industrial,edge_industrial,1,77.19754398994277,101.29401331672943,0,0
2026-01-01 02:29:00,S0039,traffic,residential,edge_residential,2,31.880266773726454,51.19763041972755,0,0
2026-01-01 02:30:00,S0000,energy,residential,edge_residential,1,73.04134693987572,61.05577541073759,0,0
2026-01-01 02:30:00,S0001,structure,industrial,edge_industrial,2,0.2785957873513592,43.071460410335476,0,0
2026-01-01 02:30:00,S0002,energy,waterfront,edge_waterfront,1,84.04211631475003,88.12947352419685,0,0
2026-01-01 02:30:00,S0003,traffic,waterfront,edge_waterfront,2,29.227073980269882,47.09219147191573,0,0
2026-01-01 02:30:00,S0004,traffic,downtown,edge_downtown,2,32.887633774241415,68.80527089042519,0,0
2026-01-01 02:30:00,S0005,structure,residential,edge_residential,2,0.26597251811468603,39.63637847795902,0,0
2026-01-01 02:30:00,S0006,traffic,waterfront,edge_waterfront,2,36.370786799312725,37.79236779624508,0,0
2026-01-01 02:30:00,S0007,energy,waterfront,edge_waterfront,1,77.64110269050936,74.15298163878391,0,0
2026-01-01 02:30:00,S0008,energy,transit,edge_transit,1,66.31907272190077,102.78176068781855,0,0
2026-01-01 02:30:00,S0009,air_quality,transit,edge_transit,1,21.55058839846281,57.83864317060851,0,0
2026-01-01 02:30:00,S0010,traffic,downtown,edge_downtown,2,50.84225117496097,57.37633909085956,1,0
2026-01-01 02:30:00,S0011,traffic,transit,edge_transit,2,37.28390527803603,53.99774304226618,0,0
2026-01-01 02:30:00,S0012,traffic,residential,edge_residential,2,36.36649034169102,44.409727543762884,0,0
2026-01-01 02:30:00,S0013,air_quality,downtown,edge_downtown,1,21.64809800034346,46.827703176772744,0,0
2026-01-01 02:30:00,S0014,air_quality,industrial,edge_industrial,1,21.078248218638244,22.696352485938604,0,0
2026-01-01 02:30:00,S0015,air_quality,residential,edge_residential,1,18.33751005155787,49.87267941806737,0,0
2026-01-01 02:30:00,S0016,structure,transit,edge_transit,2,0.2395850317292027,37.26224622702661,0,0
2026-01-01 02:30:00,S0017,energy,residential,edge_residential,1,80.8618708342263,57.342884978670234,0,0
2026-01-01 02:30:00,S0018,energy,transit,edge_transit,1,83.03871612392237,88.35669032623167,0,0
2026-01-01 02:30:00,S0019,structure,waterfront,edge_waterfront,2,0.2951255431101861,40.8949567148719,0,0
2026-01-01 02:30:00,S0020,traffic,transit,edge_transit,2,37.01154287625006,43.436009448630415,0,0
2026-01-01 02:30:00,S0021,traffic,industrial,edge_industrial,2,36.55247258025301,54.767949847117215,0,0
2026-01-01 02:30:00,S0022,energy,transit,edge_transit,1,,90.64492057851785,0,1
2026-01-01 02:30:00,S0023,traffic,residential,edge_residential,2,36.56624268298429,18.045414041745282,0,0
2026-01-01 02:30:00,S0024,traffic,downtown,edge_downtown,2,43.310357797523054,19.45928343777855,0,0
2026-01-01 02:30:00,S0025,air_quality,downtown,edge_downtown,1,21.970837206963193,57.29769178295622,0,0
2026-01-01 02:30:00,S0026,air_quality,transit,edge_transit,1,18.570313202589947,54.640356942214,0,0
2026-01-01 02:30:00,S0027,structure,industrial,edge_industrial,2,0.21509621672567802,41.8961084444957,0,0
2026-01-01 02:30:00,S0028,energy,residential,edge_residential,1,78.41429799277905,94.49901125043279,0,0
2026-01-01 02:30:00,S0029,air_quality,industrial,edge_industrial,1,18.916710585921244,91.28394163037831,0,0
2026-01-01 02:30:00,S0030,air_quality,industrial,edge_industrial,1,20.59749945968302,69.35889438209009,0,0
2026-01-01 02:30:00,S0031,traffic,downtown,edge_downtown,2,34.40183455365748,45.21018061551124,0,0
2026-01-01 02:30:00,S0032,traffic,industrial,edge_industrial,2,36.29118496011037,43.44201635284343,0,0
2026-01-01 02:30:00,S0033,traffic,waterfront,edge_waterfront,2,35.41301807575008,42.11200828427817,0,0
2026-01-01 02:30:00,S0034,energy,residential,edge_residential,1,77.74542744243499,91.16699399398685,0,0
2026-01-01 02:30:00,S0035,traffic,industrial,edge_industrial,2,37.195980527134,68.74013703486004,0,0
2026-01-01 02:30:00,S0036,air_quality,residential,edge_residential,1,17.841480663830577,67.64190648385882,0,0
2026-01-01 02:30:00,S0037,traffic,waterfront,edge_waterfront,2,32.80024073991018,50.97512404335986,0,0
2026-01-01 02:30:00,S0038,energy,industrial,edge_industrial,1,81.6940122509261,81.33578186818941,0,0
2026-01-01 02:30:00,S0039,traffic,residential,edge_residential,2,39.33726586918837,55.84199185780162,0,0
2026-01-01 02:31:00,S0000,energy,residential,edge_residential,1,79.10882686863215,78.77075161929862,0,0
2026-01-01 02:31:00,S0001,structure,industrial,edge_industrial,2,0.3230046816909756,34.205732913562436,0,0
2026-01-01 02:31:00,S0002,energy,waterfront,edge_waterfront,1,83.97737604072913,59.547167204010975,0,0
2026-01-01 02:31:00,S0003,traffic,waterfront,edge_waterfront,2,33.11772668550395,49.92742079989209,0,0
2026-01-01 02:31:00,S0004,traffic,downtown,edge_downtown,2,31.90565264966646,30.10031691302142,0,0
2026-01-01 02:31:00,S0005,structure,residential,edge_residential,2,0.24782668434489386,29.585096185529945,0,0
2026-01-01 02:31:00,S0006,traffic,waterfront,edge_waterfront,2,44.23599132900383,33.64056535648541,0,0
2026-01-01 02:31:00,S0007,energy,waterfront,edge_waterfront,1,75.49067484292993,117.66658990906305,0,0
2026-01-01 02:31:00,S0008,energy,transit,edge_transit,1,71.9972051462517,68.8774527719427,0,0
2026-01-01 02:31:00,S0009,air_quality,transit,edge_transit,1,20.645749411333814,43.873549500952066,0,0
2026-01-01 02:31:00,S0010,traffic,downtown,edge_downtown,2,38.946246578932836,40.54833887834907,0,0
2026-01-01 02:31:00,S0011,traffic,transit,edge_transit,2,35.32206258387245,41.420074386022065,0,0
2026-01-01 02:31:00,S0012,traffic,residential,edge_residential,2,44.54284081850864,29.210383554395392,1,0
2026-01-01 02:31:00,S0013,air_quality,downtown,edge_downtown,1,17.956152614305413,61.80667182764725,0,0
2026-01-01 02:31:00,S0014,air_quality,industrial,edge_industrial,1,20.262473214476415,73.92229137284477,0,0
2026-01-01 02:31:00,S0015,air_quality,residential,edge_residential,1,19.894407649149873,61.1844833085768,0,0
2026-01-01 02:31:00,S0016,structure,transit,edge_transit,2,0.289405998775849,30.79803416455797,0,0
2026-01-01 02:31:00,S0017,energy,residential,edge_residential,1,76.97282242189581,101.45839499849075,0,0
2026-01-01 02:31:00,S0018,energy,transit,edge_transit,1,95.25181539366571,66.89873537652923,0,0
2026-01-01 02:31:00,S0019,structure,waterfront,edge_waterfront,2,0.26369208566907143,41.95017348523288,0,0
2026-01-01 02:31:00,S0020,traffic,transit,edge_transit,2,34.76977588503167,49.98643513123231,0,0
2026-01-01 02:31:00,S0021,traffic,industrial,edge_industrial,2,34.02303955571602,29.965835896203025,0,0
2026-01-01 02:31:00,S0022,energy,transit,edge_transit,1,,50.93190284606308,0,1
2026-01-01 02:31:00,S0023,traffic,residential,edge_residential,2,30.747857732596312,46.06527807950674,0,0
2026-01-01 02:31:00,S0024,traffic,downtown,edge_downtown,2,31.378965092951017,22.449727239455683,0,0
2026-01-01 02:31:00,S0025,air_quality,downtown,edge_downtown,1,26.641477226306467,78.22894778143674,0,0
2026-01-01 02:31:00,S0026,air_quality,transit,edge_transit,1,26.19666322888439,69.20751499745167,0,0
2026-01-01 02:31:00,S0027,structure,industrial,edge_industrial,2,0.24705258624513618,51.06463281456728,0,0
2026-01-01 02:31:00,S0028,energy,residential,edge_residential,1,76.09698521441995,80.15976450766844,0,0
2026-01-01 02:31:00,S0029,air_quality,industrial,edge_industrial,1,16.614369681597893,85.88002964446534,0,0
2026-01-01 02:31:00,S0030,air_quality,industrial,edge_industrial,1,38.05850711548614,73.10432812400987,1,0
2026-01-01 02:31:00,S0031,traffic,downtown,edge_downtown,2,31.032470005092044,53.30185893718118,0,0
2026-01-01 02:31:00,S0032,traffic,industrial,edge_industrial,2,35.66961268132595,56.98969512539081,0,0
2026-01-01 02:31:00,S0033,traffic,waterfront,edge_waterfront,2,34.07114808570366,46.90161132724213,0,0
2026-01-01 02:31:00,S0034,energy,residential,edge_residential,1,79.45658673251218,83.77473292918081,0,0
2026-01-01 02:31:00,S0035,traffic,industrial,edge_industrial,2,32.741514603853204,40.63206125086548,0,0
2026-01-01 02:31:00,S0036,air_quality,residential,edge_residential,1,19.410560217173696,50.4162468801505,0,0
2026-01-01 02:31:00,S0037,traffic,waterfront,edge_waterfront,2,36.117514120293706,23.29444764965182,0,0
2026-01-01 02:31:00,S0038,energy,industrial,edge_industrial,1,83.15339640160876,85.6956321854613,0,0
2026-01-01 02:31:00,S0039,traffic,residential,edge_residential,2,41.69194669305901,36.944755135121916,0,0
2026-01-01 02:32:00,S0000,energy,residential,edge_residential,1,84.27328699191654,81.92246079984182,0,0
2026-01-01 02:32:00,S0001,structure,industrial,edge_industrial,2,0.21382690266216248,60.35537712403997,0,0
2026-01-01 02:32:00,S0002,energy,waterfront,edge_waterfront,1,85.10535750904185,86.83227832266493,0,0
2026-01-01 02:32:00,S0003,traffic,waterfront,edge_waterfront,2,32.42585061311076,39.00873495107467,0,0
2026-01-01 02:32:00,S0004,traffic,downtown,edge_downtown,2,37.85857874147993,41.56531695281414,0,0
2026-01-01 02:32:00,S0005,structure,residential,edge_residential,2,0.2646915163439935,27.278848018276413,0,0
2026-01-01 02:32:00,S0006,traffic,waterfront,edge_waterfront,2,33.13780504097939,39.75801761817119,0,0
2026-01-01 02:32:00,S0007,energy,waterfront,edge_waterfront,1,71.28736896528203,60.0289574343352,0,0
2026-01-01 02:32:00,S0008,energy,transit,edge_transit,1,81.66289707763093,59.4747949172396,0,0
2026-01-01 02:32:00,S0009,air_quality,transit,edge_transit,1,22.115187062916903,67.77591750901628,0,0
2026-01-01 02:32:00,S0010,traffic,downtown,edge_downtown,2,28.378379547138515,47.24946270083464,0,0
2026-01-01 02:32:00,S0011,traffic,transit,edge_transit,2,29.511323298873933,35.229820299768924,0,0
2026-01-01 02:32:00,S0012,traffic,residential,edge_residential,2,26.766654546490564,34.82005705063374,0,0
2026-01-01 02:32:00,S0013,air_quality,downtown,edge_downtown,1,21.632405884981473,74.43950959108358,0,0
2026-01-01 02:32:00,S0014,air_quality,industrial,edge_industrial,1,19.2205449015782,78.11951610640855,0,0
2026-01-01 02:32:00,S0015,air_quality,residential,edge_residential,1,26.649282572661996,78.99772764255101,0,0
2026-01-01 02:32:00,S0016,structure,transit,edge_transit,2,0.28274483738719297,59.12919707551587,0,0
2026-01-01 02:32:00,S0017,energy,residential,edge_residential,1,65.27921914426659,77.78706630347612,0,0
2026-01-01 02:32:00,S0018,energy,transit,edge_transit,1,71.4538025767281,79.71749103528413,0,0
2026-01-01 02:32:00,S0019,structure,waterfront,edge_waterfront,2,0.2655226127308896,48.30873145645458,0,0
2026-01-01 02:32:00,S0020,traffic,transit,edge_transit,2,35.99461783498961,40.484912756945704,0,0
2026-01-01 02:32:00,S0021,traffic,industrial,edge_industrial,2,38.94454065060566,48.99442667000629,0,0
2026-01-01 02:32:00,S0022,energy,transit,edge_transit,1,66.60102247741862,82.19695640722507,0,0
2026-01-01 02:32:00,S0023,traffic,residential,edge_residential,2,37.55629068388006,31.89422245260731,0,0
2026-01-01 02:32:00,S0024,traffic,downtown,edge_downtown,2,40.256590800911354,41.68120541599385,0,0
2026-01-01 02:32:00,S0025,air_quality,downtown,edge_downtown,1,18.491444388657534,58.2318049875249,0,0
2026-01-01 02:32:00,S0026,air_quality,transit,edge_transit,1,27.130909150956818,53.73612632782344,0,0
2026-01-01 02:32:00,S0027,structure,industrial,edge_industrial,2,0.19314911763420503,31.374375584660978,0,0
2026-01-01 02:32:00,S0028,energy,residential,edge_residential,1,85.56743445681232,89.54444876002745,0,0
2026-01-01 02:32:00,S0029,air_quality,industrial,edge_industrial,1,22.378945286174318,49.12163882083682,0,0
2026-01-01 02:32:00,S0030,air_quality,industrial,edge_industrial,1,20.753017222835904,69.24657931594537,0,0
2026-01-01 02:32:00,S0031,traffic,downtown,edge_downtown,2,36.832357232588784,43.59812313154011,0,0
2026-01-01 02:32:00,S0032,traffic,industrial,edge_industrial,2,35.02612812353014,57.9858977566578,0,0
2026-01-01 02:32:00,S0033,traffic,waterfront,edge_waterfront,2,30.2563806753201,42.729352095922074,0,0
2026-01-01 02:32:00,S0034,energy,residential,edge_residential,1,90.97541625404553,81.44963189137145,0,0
2026-01-01 02:32:00,S0035,traffic,industrial,edge_industrial,2,41.508793676000764,33.961837441185864,0,0
2026-01-01 02:32:00,S0036,air_quality,residential,edge_residential,1,24.556624034054764,53.4783681782942,0,0
2026-01-01 02:32:00,S0037,traffic,waterfront,edge_waterfront,2,36.51710629679487,34.741805697348866,0,0
2026-01-01 02:32:00,S0038,energy,industrial,edge_industrial,1,82.47498242339843,81.87543611663783,0,0
2026-01-01 02:32:00,S0039,traffic,residential,edge_residential,2,34.45966177123293,33.38853454763082,0,0
2026-01-01 02:33:00,S0000,energy,residential,edge_residential,1,69.42362513253454,126.82074643765873,0,0
2026-01-01 02:33:00,S0001,structure,industrial,edge_industrial,2,0.3090024842973514,41.73325098229466,0,0
2026-01-01 02:33:00,S0002,energy,waterfront,edge_waterfront,1,89.43241045835194,104.89820058008435,0,0
2026-01-01 02:33:00,S0003,traffic,waterfront,edge_waterfront,2,33.09250182237041,29.72860087549482,0,0
2026-01-01 02:33:00,S0004,traffic,downtown,edge_downtown,2,39.54516071846001,27.212154153228077,0,0
2026-01-01 02:33:00,S0005,structure,residential,edge_residential,2,0.284317263644045,34.87924562374362,0,0
2026-01-01 02:33:00,S0006,traffic,waterfront,edge_waterfront,2,35.848985747003084,55.070245665243704,0,0
2026-01-01 02:33:00,S0007,energy,waterfront,edge_waterfront,1,64.97461393295612,101.04231676302767,0,0
2026-01-01 02:33:00,S0008,energy,transit,edge_transit,1,87.28070167579978,99.85651289449265,0,0
2026-01-01 02:33:00,S0009,air_quality,transit,edge_transit,1,21.53808028917657,77.02524710992836,0,0
2026-01-01 02:33:00,S0010,traffic,downtown,edge_downtown,2,35.75886598819336,23.57342136446854,0,0
2026-01-01 02:33:00,S0011,traffic,transit,edge_transit,2,33.08257462281672,27.224440286439915,0,0
2026-01-01 02:33:00,S0012,traffic,residential,edge_residential,2,25.66430457095896,68.93566419085576,0,0
2026-01-01 02:33:00,S0013,air_quality,downtown,edge_downtown,1,19.6419938079104,84.8225191761799,0,0
2026-01-01 02:33:00,S0014,air_quality,industrial,edge_industrial,1,19.839290868818576,60.59097047185389,0,0
2026-01-01 02:33:00,S0015,air_quality,residential,edge_residential,1,23.149996658025852,92.12950349577036,0,0
2026-01-01 02:33:00,S0016,structure,transit,edge_transit,2,0.18615521089043358,30.380532596568063,0,0
2026-01-01 02:33:00,S0017,energy,residential,edge_residential,1,78.98080248014926,70.64595818637468,0,0
2026-01-01 02:33:00,S0018,energy,transit,edge_transit,1,72.94191633260476,34.49506263292978,0,0
2026-01-01 02:33:00,S0019,structure,waterfront,edge_waterfront,2,0.2226580738943147,43.03878182631225,0,0
2026-01-01 02:33:00,S0020,traffic,transit,edge_transit,2,37.527810239830984,34.480573020208546,0,0
2026-01-01 02:33:00,S0021,traffic,industrial,edge_industrial,2,35.372382628680356,45.146093285286305,0,0
2026-01-01 02:33:00,S0022,energy,transit,edge_transit,1,75.54744581933224,57.032238182702855,0,0
2026-01-01 02:33:00,S0023,traffic,residential,edge_residential,2,28.101332223866088,40.724716956182874,0,0
2026-01-01 02:33:00,S0024,traffic,downtown,edge_downtown,2,22.439049916708665,24.262505651708477,0,0
2026-01-01 02:33:00,S0025,air_quality,downtown,edge_downtown,1,22.13776323655208,58.856711997011345,0,0
2026-01-01 02:33:00,S0026,air_quality,transit,edge_transit,1,25.99390319045014,65.65975312489405,0,0
2026-01-01 02:33:00,S0027,structure,industrial,edge_industrial,2,0.28246760022484024,31.359883827232057,0,0
2026-01-01 02:33:00,S0028,energy,residential,edge_residential,1,71.0946215563774,69.04448747469003,0,0
2026-01-01 02:33:00,S0029,air_quality,industrial,edge_industrial,1,16.875662483504634,56.43332120974701,0,0
2026-01-01 02:33:00,S0030,air_quality,industrial,edge_industrial,1,17.328266768745873,66.42553436423545,0,0
2026-01-01 02:33:00,S0031,traffic,downtown,edge_downtown,2,44.003990924378236,41.00361675414574,0,0
2026-01-01 02:33:00,S0032,traffic,industrial,edge_industrial,2,36.163426387788974,54.73279653314496,0,0
2026-01-01 02:33:00,S0033,traffic,waterfront,edge_waterfront,2,25.056429621363904,32.224416400397345,0,0
2026-01-01 02:33:00,S0034,energy,residential,edge_residential,1,81.56314974451531,81.03878332255078,0,0
2026-01-01 02:33:00,S0035,traffic,industrial,edge_industrial,2,30.158813686935993,33.38967601709038,0,0
2026-01-01 02:33:00,S0036,air_quality,residential,edge_residential,1,17.668984929566307,104.14174490184163,0,0
2026-01-01 02:33:00,S0037,traffic,waterfront,edge_waterfront,2,26.20709717799131,42.973055770733495,0,0
2026-01-01 02:33:00,S0038,energy,industrial,edge_industrial,1,84.09568633583051,82.4475060580524,0,0
2026-01-01 02:33:00,S0039,traffic,residential,edge_residential,2,40.30057363712717,40.29800291628538,0,0
2026-01-01 02:34:00,S0000,energy,residential,edge_residential,1,66.677836823708,62.97900010686867,0,0
2026-01-01 02:34:00,S0001,structure,industrial,edge_industrial,2,0.6686349871960422,43.19636204706242,1,0
2026-01-01 02:34:00,S0002,energy,waterfront,edge_waterfront,1,79.06170845529974,101.39378802079838,0,0
2026-01-01 02:34:00,S0003,traffic,waterfront,edge_waterfront,2,29.551762921308466,50.00717848574453,0,0
2026-01-01 02:34:00,S0004,traffic,downtown,edge_downtown,2,30.89956331458587,56.2169661802919,0,0
2026-01-01 02:34:00,S0005,structure,residential,edge_residential,2,,37.49684482745582,0,1
2026-01-01 02:34:00,S0006,traffic,waterfront,edge_waterfront,2,31.949561495447384,50.23217692007134,0,0
2026-01-01 02:34:00,S0007,energy,waterfront,edge_waterfront,1,80.40742185087919,67.54857111820631,0,0
2026-01-01 02:34:00,S0008,energy,transit,edge_transit,1,81.74539207557946,82.08029989573396,0,0
2026-01-01 02:34:00,S0009,air_quality,transit,edge_transit,1,22.417641355811558,56.881966544396796,0,0
2026-01-01 02:34:00,S0010,traffic,downtown,edge_downtown,2,34.94705449288941,28.883755457559424,0,0
2026-01-01 02:34:00,S0011,traffic,transit,edge_transit,2,38.78620160559723,42.993554248571606,0,0
2026-01-01 02:34:00,S0012,traffic,residential,edge_residential,2,23.95080662275965,55.375871741431794,0,0
2026-01-01 02:34:00,S0013,air_quality,downtown,edge_downtown,1,21.800909835699535,36.17060525544987,0,0
2026-01-01 02:34:00,S0014,air_quality,industrial,edge_industrial,1,20.50866453614537,86.28288467583242,0,0
2026-01-01 02:34:00,S0015,air_quality,residential,edge_residential,1,22.9422211042529,65.94485819111995,0,0
2026-01-01 02:34:00,S0016,structure,transit,edge_transit,2,0.20584268091817268,34.26769018074076,0,0
2026-01-01 02:34:00,S0017,energy,residential,edge_residential,1,81.59945841294058,70.61181741342575,0,0
2026-01-01 02:34:00,S0018,energy,transit,edge_transit,1,79.00612705945821,71.89505496416636,0,0
2026-01-01 02:34:00,S0019,structure,waterfront,edge_waterfront,2,0.21896553213732628,64.82867340973193,0,0
2026-01-01 02:34:00,S0020,traffic,transit,edge_transit,2,41.08582338650561,27.78861262461922,0,0
2026-01-01 02:34:00,S0021,traffic,industrial,edge_industrial,2,40.09292968072985,70.26481930395573,0,0
2026-01-01 02:34:00,S0022,energy,transit,edge_transit,1,79.33161816931384,69.8478750748564,0,0
2026-01-01 02:34:00,S0023,traffic,residential,edge_residential,2,39.32619965599469,46.83666741577632,0,0
2026-01-01 02:34:00,S0024,traffic,downtown,edge_downtown,2,46.9571446741693,26.713236529428997,1,0
2026-01-01 02:34:00,S0025,air_quality,downtown,edge_downtown,1,22.480268421324983,81.05174935811112,0,0
2026-01-01 02:34:00,S0026,air_quality,transit,edge_transit,1,23.61506745741698,76.68811545927883,0,0
2026-01-01 02:34:00,S0027,structure,industrial,edge_industrial,2,0.34101461828322194,40.83569025043853,0,0
2026-01-01 02:34:00,S0028,energy,residential,edge_residential,1,77.62197207628964,96.84153477973732,0,0
2026-01-01 02:34:00,S0029,air_quality,industrial,edge_industrial,1,21.278557440749555,84.85263089882845,0,0
2026-01-01 02:34:00,S0030,air_quality,industrial,edge_industrial,1,22.243124852255637,65.4677826205046,0,0
2026-01-01 02:34:00,S0031,traffic,downtown,edge_downtown,2,29.893006230985918,46.27986407422282,0,0
2026-01-01 02:34:00,S0032,traffic,industrial,edge_industrial,2,42.363790149435324,44.75582424304986,0,0
2026-01-01 02:34:00,S0033,traffic,waterfront,edge_waterfront,2,36.65180564155326,44.68152639983749,0,0
2026-01-01 02:34:00,S0034,energy,residential,edge_residential,1,81.98913811318809,67.46510872747466,0,0
2026-01-01 02:34:00,S0035,traffic,industrial,edge_industrial,2,28.39689738203466,25.679429815898136,0,0
2026-01-01 02:34:00,S0036,air_quality,residential,edge_residential,1,22.087134951547835,65.59962363995196,0,0
2026-01-01 02:34:00,S0037,traffic,waterfront,edge_waterfront,2,35.14075090984281,43.235921613830016,0,0
2026-01-01 02:34:00,S0038,energy,industrial,edge_industrial,1,181.23325773486957,71.25602200973577,1,0
2026-01-01 02:34:00,S0039,traffic,residential,edge_residential,2,21.797761968503664,62.891148176575925,0,0
2026-01-01 02:35:00,S0000,energy,residential,edge_residential,1,80.94464620478486,77.5642213605813,0,0
2026-01-01 02:35:00,S0001,structure,industrial,edge_industrial,2,0.3125065189245427,36.37449174917715,0,0
2026-01-01 02:35:00,S0002,energy,waterfront,edge_waterfront,1,85.01455107177789,48.345094400617356,0,0
2026-01-01 02:35:00,S0003,traffic,waterfront,edge_waterfront,2,37.351730908618165,20.188181904972758,0,0
2026-01-01 02:35:00,S0004,traffic,downtown,edge_downtown,2,43.22305205030261,47.07168859506564,0,0
2026-01-01 02:35:00,S0005,structure,residential,edge_residential,2,0.2311788267424,31.086018463206713,0,0
2026-01-01 02:35:00,S0006,traffic,waterfront,edge_waterfront,2,31.62445086364287,56.564795100702256,0,0
2026-01-01 02:35:00,S0007,energy,waterfront,edge_waterfront,1,86.13265119226384,101.38859877756104,0,0
2026-01-01 02:35:00,S0008,energy,transit,edge_transit,1,81.90760018872925,80.33026066312284,0,0
2026-01-01 02:35:00,S0009,air_quality,transit,edge_transit,1,24.660062844331563,61.32265034733521,0,0
2026-01-01 02:35:00,S0010,traffic,downtown,edge_downtown,2,34.484591212526,40.027412168524314,0,0
2026-01-01 02:35:00,S0011,traffic,transit,edge_transit,2,40.94129493644295,38.92478722526947,0,0
2026-01-01 02:35:00,S0012,traffic,residential,edge_residential,2,35.13647613449803,38.19084325315696,0,0
2026-01-01 02:35:00,S0013,air_quality,downtown,edge_downtown,1,18.40573594120731,52.70023186765884,0,0
2026-01-01 02:35:00,S0014,air_quality,industrial,edge_industrial,1,23.276537891041727,99.07977406192326,0,0
2026-01-01 02:35:00,S0015,air_quality,residential,edge_residential,1,18.555906642631257,84.35833611574849,0,0
2026-01-01 02:35:00,S0016,structure,transit,edge_transit,2,0.23362598606937815,35.77192921271357,0,0
2026-01-01 02:35:00,S0017,energy,residential,edge_residential,1,84.32834893887097,89.28647004777555,0,0
2026-01-01 02:35:00,S0018,energy,transit,edge_transit,1,70.66250032351459,60.549431849606776,0,0
2026-01-01 02:35:00,S0019,structure,waterfront,edge_waterfront,2,0.37741657742089374,51.186147888667904,0,0
2026-01-01 02:35:00,S0020,traffic,transit,edge_transit,2,38.38938848658707,41.197126022985564,0,0
2026-01-01 02:35:00,S0021,traffic,industrial,edge_industrial,2,42.91907129817497,41.97915188582415,0,0
2026-01-01 02:35:00,S0022,energy,transit,edge_transit,1,75.35430701452853,96.16195179622163,0,0
2026-01-01 02:35:00,S0023,traffic,residential,edge_residential,2,37.18440979616346,27.65801821140156,0,0
2026-01-01 02:35:00,S0024,traffic,downtown,edge_downtown,2,24.26936024432156,49.063166253821585,0,0
2026-01-01 02:35:00,S0025,air_quality,downtown,edge_downtown,1,19.441630493202354,33.98255044851714,0,0
2026-01-01 02:35:00,S0026,air_quality,transit,edge_transit,1,19.311885969823724,56.16426458188552,0,0
2026-01-01 02:35:00,S0027,structure,industrial,edge_industrial,2,0.2110685253859138,45.86512248849245,0,0
2026-01-01 02:35:00,S0028,energy,residential,edge_residential,1,71.53485474353543,57.787902304355676,0,0
2026-01-01 02:35:00,S0029,air_quality,industrial,edge_industrial,1,21.21884991980156,53.29603674193373,0,0
2026-01-01 02:35:00,S0030,air_quality,industrial,edge_industrial,1,16.854220526932387,60.26840772809484,0,0
2026-01-01 02:35:00,S0031,traffic,downtown,edge_downtown,2,25.895196795883212,25.225192038825867,0,0
2026-01-01 02:35:00,S0032,traffic,industrial,edge_industrial,2,29.95496721570015,32.083578386584016,0,0
2026-01-01 02:35:00,S0033,traffic,waterfront,edge_waterfront,2,42.9508118040055,28.307713231302372,0,0
2026-01-01 02:35:00,S0034,energy,residential,edge_residential,1,73.22914498021873,66.88943647964814,0,0
2026-01-01 02:35:00,S0035,traffic,industrial,edge_industrial,2,45.53080640824729,38.879783417158336,0,0
2026-01-01 02:35:00,S0036,air_quality,residential,edge_residential,1,15.143603456985915,60.11531614553665,0,0
2026-01-01 02:35:00,S0037,traffic,waterfront,edge_waterfront,2,33.38287387839986,57.20810235215075,0,0
2026-01-01 02:35:00,S0038,energy,industrial,edge_industrial,1,77.39912892361704,98.97234847868765,0,0
2026-01-01 02:35:00,S0039,traffic,residential,edge_residential,2,32.345903535315614,62.58083579799843,0,0
2026-01-01 02:36:00,S0000,energy,residential,edge_residential,1,79.706121203428,76.71394220830935,0,0
2026-01-01 02:36:00,S0001,structure,industrial,edge_industrial,2,0.24948791532030729,24.564079290761367,0,0
2026-01-01 02:36:00,S0002,energy,waterfront,edge_waterfront,1,74.97676699397074,60.494408218905605,0,0
2026-01-01 02:36:00,S0003,traffic,waterfront,edge_waterfront,2,77.07307363589817,21.16602381639286,1,0
2026-01-01 02:36:00,S0004,traffic,downtown,edge_downtown,2,32.22472630382285,51.71794396499379,0,0
2026-01-01 02:36:00,S0005,structure,residential,edge_residential,2,0.1822643978099341,42.9795947078292,0,0
2026-01-01 02:36:00,S0006,traffic,waterfront,edge_waterfront,2,34.32095450584081,57.18488749713461,0,0
2026-01-01 02:36:00,S0007,energy,waterfront,edge_waterfront,1,74.11152947258348,61.63294562252884,0,0
2026-01-01 02:36:00,S0008,energy,transit,edge_transit,1,83.05229258016409,123.80568773709183,0,0
2026-01-01 02:36:00,S0009,air_quality,transit,edge_transit,1,19.1417934183493,44.52710612185568,0,0
2026-01-01 02:36:00,S0010,traffic,downtown,edge_downtown,2,29.260346990312975,27.653891091800343,0,0
2026-01-01 02:36:00,S0011,traffic,transit,edge_transit,2,27.998987463401843,62.80760536076838,0,0
2026-01-01 02:36:00,S0012,traffic,residential,edge_residential,2,36.85938240412151,60.82107040807012,0,0
2026-01-01 02:36:00,S0013,air_quality,downtown,edge_downtown,1,21.817007809007713,49.366110662528186,0,0
2026-01-01 02:36:00,S0014,air_quality,industrial,edge_industrial,1,25.816998205576663,79.21951309779243,0,0
2026-01-01 02:36:00,S0015,air_quality,residential,edge_residential,1,23.401528023102387,87.09887309513825,0,0
2026-01-01 02:36:00,S0016,structure,transit,edge_transit,2,0.32331391324486525,30.51791555789727,0,0
2026-01-01 02:36:00,S0017,energy,residential,edge_residential,1,75.88345295700533,74.40752430762507,0,0
2026-01-01 02:36:00,S0018,energy,transit,edge_transit,1,74.94983218854688,97.04780738736929,0,0
2026-01-01 02:36:00,S0019,structure,waterfront,edge_waterfront,2,0.29406799978720044,39.42451192540971,0,0
2026-01-01 02:36:00,S0020,traffic,transit,edge_transit,2,39.83085953598264,47.561383687578505,0,0
2026-01-01 02:36:00,S0021,traffic,industrial,edge_industrial,2,35.855096544167644,56.622750539217236,0,0
2026-01-01 02:36:00,S0022,energy,transit,edge_transit,1,74.91869293831326,115.86495387981024,0,0
2026-01-01 02:36:00,S0023,traffic,residential,edge_residential,2,37.005908768069695,45.71244311039963,0,0
2026-01-01 02:36:00,S0024,traffic,downtown,edge_downtown,2,34.89293918548274,23.361526756119634,0,0
2026-01-01 02:36:00,S0025,air_quality,downtown,edge_downtown,1,19.75348641053459,72.37151907477718,0,0
2026-01-01 02:36:00,S0026,air_quality,transit,edge_transit,1,20.4399792240828,44.99644353491694,0,0
2026-01-01 02:36:00,S0027,structure,industrial,edge_industrial,2,0.25192534887224977,37.493284363615864,0,0
2026-01-01 02:36:00,S0028,energy,residential,edge_residential,1,68.221312469977,77.12089910550964,0,0
2026-01-01 02:36:00,S0029,air_quality,industrial,edge_industrial,1,19.64252796455811,69.25322341801531,0,0
2026-01-01 02:36:00,S0030,air_quality,industrial,edge_industrial,1,19.004280644943485,67.98280098555635,0,0
2026-01-01 02:36:00,S0031,traffic,downtown,edge_downtown,2,42.97469425949829,41.20400972593196,0,0
2026-01-01 02:36:00,S0032,traffic,industrial,edge_industrial,2,26.342696750588907,40.62391067721365,0,0
2026-01-01 02:36:00,S0033,traffic,waterfront,edge_waterfront,2,34.26091016858634,44.082808230433656,0,0
2026-01-01 02:36:00,S0034,energy,residential,edge_residential,1,76.4838760562547,84.41360055720406,0,0
2026-01-01 02:36:00,S0035,traffic,industrial,edge_industrial,2,24.538918848068327,45.126380785580345,0,0
2026-01-01 02:36:00,S0036,air_quality,residential,edge_residential,1,22.661066741157242,67.90121268026448,0,0
2026-01-01 02:36:00,S0037,traffic,waterfront,edge_waterfront,2,39.61283207084805,44.445326745069835,0,0
2026-01-01 02:36:00,S0038,energy,industrial,edge_industrial,1,77.5731738330386,84.56349732383936,0,0
2026-01-01 02:36:00,S0039,traffic,residential,edge_residential,2,31.728399946841066,45.01736130186979,0,0
2026-01-01 02:37:00,S0000,energy,residential,edge_residential,1,78.0157615001469,88.74621066750662,0,0
2026-01-01 02:37:00,S0001,structure,industrial,edge_industrial,2,0.20224969663964268,25.31976038227429,0,0
2026-01-01 02:37:00,S0002,energy,waterfront,edge_waterfront,1,77.36777282645306,47.726413555676935,0,0
2026-01-01 02:37:00,S0003,traffic,waterfront,edge_waterfront,2,37.018359036756685,49.19817094505338,0,0
2026-01-01 02:37:00,S0004,traffic,downtown,edge_downtown,2,24.911879397974815,43.34334385729456,0,0
2026-01-01 02:37:00,S0005,structure,residential,edge_residential,2,0.22064762253136308,24.638766076704044,0,0
2026-01-01 02:37:00,S0006,traffic,waterfront,edge_waterfront,2,27.590568709183444,33.29864255717579,0,0
2026-01-01 02:37:00,S0007,energy,waterfront,edge_waterfront,1,82.3212554851876,95.70390771642161,0,0
2026-01-01 02:37:00,S0008,energy,transit,edge_transit,1,83.5201704187398,55.85254708078733,0,0
2026-01-01 02:37:00,S0009,air_quality,transit,edge_transit,1,25.39576442527709,87.18302733938258,0,0
2026-01-01 02:37:00,S0010,traffic,downtown,edge_downtown,2,40.22211789779221,53.68877215876495,0,0
2026-01-01 02:37:00,S0011,traffic,transit,edge_transit,2,32.96064726623643,65.67583092808216,0,0
2026-01-01 02:37:00,S0012,traffic,residential,edge_residential,2,30.86918888571197,56.89957314349599,0,0
2026-01-01 02:37:00,S0013,air_quality,downtown,edge_downtown,1,21.540500232675353,84.38285245776426,0,0
2026-01-01 02:37:00,S0014,air_quality,industrial,edge_industrial,1,21.5489901351731,78.06503460469162,0,0
2026-01-01 02:37:00,S0015,air_quality,residential,edge_residential,1,24.30173998522793,48.768289084856875,0,0
2026-01-01 02:37:00,S0016,structure,transit,edge_transit,2,0.23310323440596825,43.27421786987111,0,0
2026-01-01 02:37:00,S0017,energy,residential,edge_residential,1,72.87886853251617,66.85198373916617,0,0
2026-01-01 02:37:00,S0018,energy,transit,edge_transit,1,87.09311236676973,108.28384996940271,0,0
2026-01-01 02:37:00,S0019,structure,waterfront,edge_waterfront,2,0.19467374879731913,39.126131344502234,0,0
2026-01-01 02:37:00,S0020,traffic,transit,edge_transit,2,29.63756764706963,44.06727753820631,0,0
2026-01-01 02:37:00,S0021,traffic,industrial,edge_industrial,2,32.14926508843553,36.993079339321014,0,0
2026-01-01 02:37:00,S0022,energy,transit,edge_transit,1,76.31338145596035,84.60785299856947,0,0
2026-01-01 02:37:00,S0023,traffic,residential,edge_residential,2,35.281862990950664,33.19089844978827,0,0
2026-01-01 02:37:00,S0024,traffic,downtown,edge_downtown,2,35.04446101361187,42.54648255061354,0,0
2026-01-01 02:37:00,S0025,air_quality,downtown,edge_downtown,1,31.256873952334814,56.16279199149881,1,0
2026-01-01 02:37:00,S0026,air_quality,transit,edge_transit,1,23.641215016160785,70.88838678743573,0,0
2026-01-01 02:37:00,S0027,structure,industrial,edge_industrial,2,0.2289644128149221,41.91965306894056,0,0
2026-01-01 02:37:00,S0028,energy,residential,edge_residential,1,86.78886424618786,84.02224054784678,0,0
2026-01-01 02:37:00,S0029,air_quality,industrial,edge_industrial,1,20.033570513929565,59.39153358069686,0,0
2026-01-01 02:37:00,S0030,air_quality,industrial,edge_industrial,1,26.416166555334883,76.31045986934896,0,0
2026-01-01 02:37:00,S0031,traffic,downtown,edge_downtown,2,35.18397543522457,52.63991728129709,0,0
2026-01-01 02:37:00,S0032,traffic,industrial,edge_industrial,2,31.223351478155525,20.363536082064286,0,0
2026-01-01 02:37:00,S0033,traffic,waterfront,edge_waterfront,2,39.28893266738147,35.67205478713438,0,0
2026-01-01 02:37:00,S0034,energy,residential,edge_residential,1,85.76879449395193,82.05631063120411,0,0
2026-01-01 02:37:00,S0035,traffic,industrial,edge_industrial,2,23.479100825403478,31.02421565965029,0,0
2026-01-01 02:37:00,S0036,air_quality,residential,edge_residential,1,18.88708011768167,83.23348919350433,0,0
2026-01-01 02:37:00,S0037,traffic,waterfront,edge_waterfront,2,32.567233177387656,60.35297363410034,0,0
2026-01-01 02:37:00,S0038,energy,industrial,edge_industrial,1,75.2407295569653,87.64561334787614,0,0
2026-01-01 02:37:00,S0039,traffic,residential,edge_residential,2,37.83232650729536,33.146144167847154,0,0
2026-01-01 02:38:00,S0000,energy,residential,edge_residential,1,79.77238188678851,100.93448663167246,0,0
2026-01-01 02:38:00,S0001,structure,industrial,edge_industrial,2,0.24326806578011906,41.86629282149724,0,0
2026-01-01 02:38:00,S0002,energy,waterfront,edge_waterfront,1,85.88173423014416,101.42310412475801,0,0
2026-01-01 02:38:00,S0003,traffic,waterfront,edge_waterfront,2,32.66856903792707,48.44678603368883,0,0
2026-01-01 02:38:00,S0004,traffic,downtown,edge_downtown,2,23.299775217344727,41.6820252302981,0,0
2026-01-01 02:38:00,S0005,structure,residential,edge_residential,2,0.2642431577660897,37.65263925372621,0,0
2026-01-01 02:38:00,S0006,traffic,waterfront,edge_waterfront,2,24.412547171198817,47.09619841697296,0,0
2026-01-01 02:38:00,S0007,energy,waterfront,edge_waterfront,1,77.21230518866936,72.35186907369845,0,0
2026-01-01 02:38:00,S0008,energy,transit,edge_transit,1,90.00009344920981,84.95370929807878,0,0
2026-01-01 02:38:00,S0009,air_quality,transit,edge_transit,1,20.166260528336778,54.3218546886095,0,0
2026-01-01 02:38:00,S0010,traffic,downtown,edge_downtown,2,43.823238087627466,37.587671933306126,0,0
2026-01-01 02:38:00,S0011,traffic,transit,edge_transit,2,35.52508439185683,58.32511544519353,0,0
2026-01-01 02:38:00,S0012,traffic,residential,edge_residential,2,37.426477311264094,51.33701102104882,0,0
2026-01-01 02:38:00,S0013,air_quality,downtown,edge_downtown,1,19.843413630253686,51.078119637401954,0,0
2026-01-01 02:38:00,S0014,air_quality,industrial,edge_industrial,1,24.8920703960749,86.83699437653755,0,0
2026-01-01 02:38:00,S0015,air_quality,residential,edge_residential,1,23.087448921543924,68.97069332705729,0,0
2026-01-01 02:38:00,S0016,structure,transit,edge_transit,2,0.2495297123168201,48.70740570723365,0,0
2026-01-01 02:38:00,S0017,energy,residential,edge_residential,1,83.60200529772364,86.06967674424136,0,0
2026-01-01 02:38:00,S0018,energy,transit,edge_transit,1,79.19377435431544,86.64078484322029,0,0
2026-01-01 02:38:00,S0019,structure,waterfront,edge_waterfront,2,0.26038959855766086,35.146886736483296,0,0
2026-01-01 02:38:00,S0020,traffic,transit,edge_transit,2,25.718117421660704,54.0737971438621,0,0
2026-01-01 02:38:00,S0021,traffic,industrial,edge_industrial,2,29.25564637865591,29.82050115705641,0,0
2026-01-01 02:38:00,S0022,energy,transit,edge_transit,1,73.88657318171845,93.41306695639162,0,0
2026-01-01 02:38:00,S0023,traffic,residential,edge_residential,2,36.43422952061695,35.14138006333932,0,0
2026-01-01 02:38:00,S0024,traffic,downtown,edge_downtown,2,31.35426891574584,50.853015196008464,0,0
2026-01-01 02:38:00,S0025,air_quality,downtown,edge_downtown,1,21.854730078030908,76.34968809042876,0,0
2026-01-01 02:38:00,S0026,air_quality,transit,edge_transit,1,22.175618787187986,92.41929645898352,0,0
2026-01-01 02:38:00,S0027,structure,industrial,edge_industrial,2,0.14858482902033743,41.36686413403771,0,0
2026-01-01 02:38:00,S0028,energy,residential,edge_residential,1,83.49502677140916,73.62169101956741,0,0
2026-01-01 02:38:00,S0029,air_quality,industrial,edge_industrial,1,20.16615303038498,74.08283050684518,0,0
2026-01-01 02:38:00,S0030,air_quality,industrial,edge_industrial,1,21.962509795837097,62.920459788841235,0,0
2026-01-01 02:38:00,S0031,traffic,downtown,edge_downtown,2,40.806804770174665,13.523233050330859,0,0
2026-01-01 02:38:00,S0032,traffic,industrial,edge_industrial,2,37.22843636696101,37.7213141197368,0,0
2026-01-01 02:38:00,S0033,traffic,waterfront,edge_waterfront,2,39.38392905202565,60.49268508459161,0,0
2026-01-01 02:38:00,S0034,energy,residential,edge_residential,1,82.43066393644688,100.54395847791224,0,0
2026-01-01 02:38:00,S0035,traffic,industrial,edge_industrial,2,37.26239957507956,44.54114408384353,0,0
2026-01-01 02:38:00,S0036,air_quality,residential,edge_residential,1,19.96791019752891,27.31570973109846,0,0
2026-01-01 02:38:00,S0037,traffic,waterfront,edge_waterfront,2,50.2770611860975,35.19856806087832,1,0
2026-01-01 02:38:00,S0038,energy,industrial,edge_industrial,1,92.07131165168865,75.07312817536456,0,0
2026-01-01 02:38:00,S0039,traffic,residential,edge_residential,2,34.70924675511414,36.17861521665656,0,0
2026-01-01 02:39:00,S0000,energy,residential,edge_residential,1,74.42849138550586,70.1903299674669,0,0
2026-01-01 02:39:00,S0001,structure,industrial,edge_industrial,2,0.16226261424179378,41.72237958615311,0,0
2026-01-01 02:39:00,S0002,energy,waterfront,edge_waterfront,1,81.93832800290333,92.20658701552045,0,0
2026-01-01 02:39:00,S0003,traffic,waterfront,edge_waterfront,2,41.66044963692074,51.80373785567171,0,0
2026-01-01 02:39:00,S0004,traffic,downtown,edge_downtown,2,42.90016266765373,44.2327865700718,0,0
2026-01-01 02:39:00,S0005,structure,residential,edge_residential,2,0.15342309523763742,37.72749622592479,0,0
2026-01-01 02:39:00,S0006,traffic,waterfront,edge_waterfront,2,41.380843183631676,57.30890691152456,0,0
2026-01-01 02:39:00,S0007,energy,waterfront,edge_waterfront,1,81.10916071420809,64.6978445258161,0,0
2026-01-01 02:39:00,S0008,energy,transit,edge_transit,1,83.84611613766128,44.283835551704854,0,0
2026-01-01 02:39:00,S0009,air_quality,transit,edge_transit,1,22.969367350152638,61.854134115886744,0,0
2026-01-01 02:39:00,S0010,traffic,downtown,edge_downtown,2,28.409601997506435,43.34099428157333,0,0
2026-01-01 02:39:00,S0011,traffic,transit,edge_transit,2,36.68261627884563,32.82416918025089,0,0
2026-01-01 02:39:00,S0012,traffic,residential,edge_residential,2,37.44117710511118,57.409836113580354,0,0
2026-01-01 02:39:00,S0013,air_quality,downtown,edge_downtown,1,19.27862518455371,76.22668025385042,0,0
2026-01-01 02:39:00,S0014,air_quality,industrial,edge_industrial,1,21.5939035154798,72.05399870818076,0,0
2026-01-01 02:39:00,S0015,air_quality,residential,edge_residential,1,27.78676137313528,48.280510857737184,0,0
2026-01-01 02:39:00,S0016,structure,transit,edge_transit,2,0.2402774802678989,25.761113483918976,0,0
2026-01-01 02:39:00,S0017,energy,residential,edge_residential,1,77.59290965186626,83.5363826869168,0,0
2026-01-01 02:39:00,S0018,energy,transit,edge_transit,1,79.43319003441441,60.27261188307142,0,0
2026-01-01 02:39:00,S0019,structure,waterfront,edge_waterfront,2,0.26667592902231424,49.606665254199775,0,0
2026-01-01 02:39:00,S0020,traffic,transit,edge_transit,2,36.943369527217826,37.56800618727576,0,0
2026-01-01 02:39:00,S0021,traffic,industrial,edge_industrial,2,43.681989453503775,45.10850611762079,0,0
2026-01-01 02:39:00,S0022,energy,transit,edge_transit,1,76.52748572085058,84.747057347844,0,0
2026-01-01 02:39:00,S0023,traffic,residential,edge_residential,2,30.947552390145198,48.875058110252226,0,0
2026-01-01 02:39:00,S0024,traffic,downtown,edge_downtown,2,70.11611187071983,54.02128713035981,1,0
2026-01-01 02:39:00,S0025,air_quality,downtown,edge_downtown,1,19.81721292060442,75.08482595244429,0,0
2026-01-01 02:39:00,S0026,air_quality,transit,edge_transit,1,19.641874868304953,63.299262132667316,0,0
2026-01-01 02:39:00,S0027,structure,industrial,edge_industrial,2,0.17188847222261117,42.298193790059706,0,0
2026-01-01 02:39:00,S0028,energy,residential,edge_residential,1,81.21047065729351,97.40403440008905,0,0
2026-01-01 02:39:00,S0029,air_quality,industrial,edge_industrial,1,22.128273881640418,42.77063583049801,0,0
2026-01-01 02:39:00,S0030,air_quality,industrial,edge_industrial,1,23.307790366547177,63.00829259502212,0,0
2026-01-01 02:39:00,S0031,traffic,downtown,edge_downtown,2,39.28664470711314,23.159652448407346,0,0
2026-01-01 02:39:00,S0032,traffic,industrial,edge_industrial,2,33.09137444294316,28.088128686598576,0,0
2026-01-01 02:39:00,S0033,traffic,waterfront,edge_waterfront,2,26.76692923714587,49.71634102891806,0,0
2026-01-01 02:39:00,S0034,energy,residential,edge_residential,1,83.04943166412264,66.40847262679485,0,0
2026-01-01 02:39:00,S0035,traffic,industrial,edge_industrial,2,33.5211279843058,43.60660180570486,0,0
2026-01-01 02:39:00,S0036,air_quality,residential,edge_residential,1,22.074679854244202,43.77515859115276,0,0
2026-01-01 02:39:00,S0037,traffic,waterfront,edge_waterfront,2,38.92468383779456,42.78277316488652,0,0
2026-01-01 02:39:00,S0038,energy,industrial,edge_industrial,1,78.77810507790464,59.66592448407974,0,0
2026-01-01 02:39:00,S0039,traffic,residential,edge_residential,2,42.43614307720632,30.45302274850052,0,0
2026-01-01 02:40:00,S0000,energy,residential,edge_residential,1,70.56084770166626,63.572959397899375,0,0
2026-01-01 02:40:00,S0001,structure,industrial,edge_industrial,2,0.18230609643780607,35.72001592226982,0,0
2026-01-01 02:40:00,S0002,energy,waterfront,edge_waterfront,1,71.64132298983039,94.06281121341522,0,0
2026-01-01 02:40:00,S0003,traffic,waterfront,edge_waterfront,2,81.80653141392762,39.25432660328187,1,0
2026-01-01 02:40:00,S0004,traffic,downtown,edge_downtown,2,34.77494269087837,22.5766722665383,0,0
2026-01-01 02:40:00,S0005,structure,residential,edge_residential,2,0.23393705294336364,20.234536889031986,0,0
2026-01-01 02:40:00,S0006,traffic,waterfront,edge_waterfront,2,34.208082385627655,65.29963437691451,0,0
2026-01-01 02:40:00,S0007,energy,waterfront,edge_waterfront,1,74.87892089246957,78.1194526196424,0,0
2026-01-01 02:40:00,S0008,energy,transit,edge_transit,1,72.74337093292363,74.66595780847837,0,0
2026-01-01 02:40:00,S0009,air_quality,transit,edge_transit,1,21.725313853919307,91.78408299983427,0,0
2026-01-01 02:40:00,S0010,traffic,downtown,edge_downtown,2,35.82399222742947,44.93494294380396,0,0
2026-01-01 02:40:00,S0011,traffic,transit,edge_transit,2,35.06924989478228,27.766107641344025,0,0
2026-01-01 02:40:00,S0012,traffic,residential,edge_residential,2,34.84730616018384,39.398052798995856,0,0
2026-01-01 02:40:00,S0013,air_quality,downtown,edge_downtown,1,18.336777142945397,56.67886410545881,0,0
2026-01-01 02:40:00,S0014,air_quality,industrial,edge_industrial,1,17.744453839158965,84.8744592032414,0,0
2026-01-01 02:40:00,S0015,air_quality,residential,edge_residential,1,17.872753400075727,58.85850903890836,0,0
2026-01-01 02:40:00,S0016,structure,transit,edge_transit,2,0.2618612717048999,33.16953301809094,0,0
2026-01-01 02:40:00,S0017,energy,residential,edge_residential,1,85.63258901940675,62.984821086095444,0,0
2026-01-01 02:40:00,S0018,energy,transit,edge_transit,1,86.18889560038484,58.849656585733584,0,0
2026-01-01 02:40:00,S0019,structure,waterfront,edge_waterfront,2,0.17625561299409254,26.61202186055687,0,0
2026-01-01 02:40:00,S0020,traffic,transit,edge_transit,2,36.12259983651668,44.78793655673442,0,0
2026-01-01 02:40:00,S0021,traffic,industrial,edge_industrial,2,36.91245623979126,54.54433120124075,0,0
2026-01-01 02:40:00,S0022,energy,transit,edge_transit,1,80.25430970118039,72.26377790977722,0,0
2026-01-01 02:40:00,S0023,traffic,residential,edge_residential,2,35.62793149009319,25.90570988612237,0,0
2026-01-01 02:40:00,S0024,traffic,downtown,edge_downtown,2,79.62140459722727,44.2786125302065,1,0
2026-01-01 02:40:00,S0025,air_quality,downtown,edge_downtown,1,20.945208906954377,48.67394758198979,0,0
2026-01-01 02:40:00,S0026,air_quality,transit,edge_transit,1,20.668578385418964,72.56793354925593,0,0
2026-01-01 02:40:00,S0027,structure,industrial,edge_industrial,2,0.32249865162056235,42.01590091977414,0,0
2026-01-01 02:40:00,S0028,energy,residential,edge_residential,1,72.45436492940352,87.73593088172953,0,0
2026-01-01 02:40:00,S0029,air_quality,industrial,edge_industrial,1,35.253609953434385,43.60020279659361,1,0
2026-01-01 02:40:00,S0030,air_quality,industrial,edge_industrial,1,22.675808411091367,92.5501427050958,0,0
2026-01-01 02:40:00,S0031,traffic,downtown,edge_downtown,2,28.731823558781016,48.141997886763036,0,0
2026-01-01 02:40:00,S0032,traffic,industrial,edge_industrial,2,35.281026946602715,38.240656996213794,0,0
2026-01-01 02:40:00,S0033,traffic,waterfront,edge_waterfront,2,36.61714845403802,40.25663549880278,0,0
2026-01-01 02:40:00,S0034,energy,residential,edge_residential,1,78.21897473979844,98.91324627140804,0,0
2026-01-01 02:40:00,S0035,traffic,industrial,edge_industrial,2,34.72607086555772,35.042223239767935,0,0
2026-01-01 02:40:00,S0036,air_quality,residential,edge_residential,1,20.831007366898902,60.413461880508656,0,0
2026-01-01 02:40:00,S0037,traffic,waterfront,edge_waterfront,2,42.22445785387832,36.871190821728426,0,0
2026-01-01 02:40:00,S0038,energy,industrial,edge_industrial,1,74.38994127355355,101.39829595697105,0,0
2026-01-01 02:40:00,S0039,traffic,residential,edge_residential,2,33.79495446921582,33.51181193297168,0,0
2026-01-01 02:41:00,S0000,energy,residential,edge_residential,1,78.6919305893634,47.1857876813669,0,0
2026-01-01 02:41:00,S0001,structure,industrial,edge_industrial,2,0.2540777806441879,26.869003968510256,0,0
2026-01-01 02:41:00,S0002,energy,waterfront,edge_waterfront,1,81.85983597193155,62.43299388846253,0,0
2026-01-01 02:41:00,S0003,traffic,waterfront,edge_waterfront,2,21.53102568130041,28.22989745071297,0,0
2026-01-01 02:41:00,S0004,traffic,downtown,edge_downtown,2,31.983483993037986,52.845114238960235,0,0
2026-01-01 02:41:00,S0005,structure,residential,edge_residential,2,0.27092332414997505,40.61132043797763,0,0
2026-01-01 02:41:00,S0006,traffic,waterfront,edge_waterfront,2,40.214276777711774,28.092211089113135,0,0
2026-01-01 02:41:00,S0007,energy,waterfront,edge_waterfront,1,78.25192280975884,90.58656528548238,0,0
2026-01-01 02:41:00,S0008,energy,transit,edge_transit,1,77.41658640021754,92.95229321616483,0,0
2026-01-01 02:41:00,S0009,air_quality,transit,edge_transit,1,20.601789586532277,60.70447692396657,0,0
2026-01-01 02:41:00,S0010,traffic,downtown,edge_downtown,2,38.524649546469995,40.212812697093405,0,0
2026-01-01 02:41:00,S0011,traffic,transit,edge_transit,2,38.21442982002426,39.69558919875369,0,0
2026-01-01 02:41:00,S0012,traffic,residential,edge_residential,2,27.890433814722734,40.68898638679049,0,0
2026-01-01 02:41:00,S0013,air_quality,downtown,edge_downtown,1,20.33712151315284,41.82308545768147,0,0
2026-01-01 02:41:00,S0014,air_quality,industrial,edge_industrial,1,21.499719752681322,74.66099049477891,0,0
2026-01-01 02:41:00,S0015,air_quality,residential,edge_residential,1,18.57004965119291,71.61711262724741,0,0
2026-01-01 02:41:00,S0016,structure,transit,edge_transit,2,0.21421366452146196,34.161800664846005,0,0
2026-01-01 02:41:00,S0017,energy,residential,edge_residential,1,87.8418023714969,59.598304770342416,0,0
2026-01-01 02:41:00,S0018,energy,transit,edge_transit,1,69.58739192802615,96.28713618999758,0,0
2026-01-01 02:41:00,S0019,structure,waterfront,edge_waterfront,2,0.2367454849149234,46.498698448718805,0,0
2026-01-01 02:41:00,S0020,traffic,transit,edge_transit,2,37.581694175253745,33.180039629110325,0,0
2026-01-01 02:41:00,S0021,traffic,industrial,edge_industrial,2,32.11837476005246,35.99525244927122,0,0
2026-01-01 02:41:00,S0022,energy,transit,edge_transit,1,82.07905391733283,82.84623156942521,0,0
2026-01-01 02:41:00,S0023,traffic,residential,edge_residential,2,38.317968308816575,35.11483348748811,0,0
2026-01-01 02:41:00,S0024,traffic,downtown,edge_downtown,2,36.99455441564112,27.429037166748472,0,0
2026-01-01 02:41:00,S0025,air_quality,downtown,edge_downtown,1,22.947470446653877,72.37729211115516,0,0
2026-01-01 02:41:00,S0026,air_quality,transit,edge_transit,1,19.211030834064164,74.44465892414463,0,0
2026-01-01 02:41:00,S0027,structure,industrial,edge_industrial,2,0.24869685674695322,29.432659322623643,0,0
2026-01-01 02:41:00,S0028,energy,residential,edge_residential,1,79.44846122028578,84.96673638851075,0,0
2026-01-01 02:41:00,S0029,air_quality,industrial,edge_industrial,1,19.148527467890958,48.90784459257998,0,0
2026-01-01 02:41:00,S0030,air_quality,industrial,edge_industrial,1,23.22688341982954,94.40256127193283,0,0
2026-01-01 02:41:00,S0031,traffic,downtown,edge_downtown,2,27.157433216163177,47.80481380131852,0,0
2026-01-01 02:41:00,S0032,traffic,industrial,edge_industrial,2,38.676565919035895,38.17285921201012,0,0
2026-01-01 02:41:00,S0033,traffic,waterfront,edge_waterfront,2,29.301016766714042,39.87134540528133,0,0
2026-01-01 02:41:00,S0034,energy,residential,edge_residential,1,70.97464723560316,116.42675618463761,0,0
2026-01-01 02:41:00,S0035,traffic,industrial,edge_industrial,2,26.79564237728648,29.28149860266556,0,0
2026-01-01 02:41:00,S0036,air_quality,residential,edge_residential,1,22.09889944784424,76.66400594134281,0,0
2026-01-01 02:41:00,S0037,traffic,waterfront,edge_waterfront,2,44.234009318128855,19.91181966131712,0,0
2026-01-01 02:41:00,S0038,energy,industrial,edge_industrial,1,74.70862679800732,86.7351574684645,0,0
2026-01-01 02:41:00,S0039,traffic,residential,edge_residential,2,34.916540709895486,48.98931766943811,0,0
2026-01-01 02:42:00,S0000,energy,residential,edge_residential,1,73.91146857865735,61.47591006394307,0,0
2026-01-01 02:42:00,S0001,structure,industrial,edge_industrial,2,0.2107583642656075,24.304250305678124,0,0
2026-01-01 02:42:00,S0002,energy,waterfront,edge_waterfront,1,78.64425207979181,56.66668080799127,0,0
2026-01-01 02:42:00,S0003,traffic,waterfront,edge_waterfront,2,32.027297519643874,36.15906965043351,0,0
2026-01-01 02:42:00,S0004,traffic,downtown,edge_downtown,2,31.48837550075013,52.000665785940264,0,0
2026-01-01 02:42:00,S0005,structure,residential,edge_residential,2,0.23039794309746137,25.91450466954611,0,0
2026-01-01 02:42:00,S0006,traffic,waterfront,edge_waterfront,2,,27.99333538538732,0,1
2026-01-01 02:42:00,S0007,energy,waterfront,edge_waterfront,1,78.99942902836827,89.16069245103304,0,0
2026-01-01 02:42:00,S0008,energy,transit,edge_transit,1,81.5729956245807,104.02558689516069,0,0
2026-01-01 02:42:00,S0009,air_quality,transit,edge_transit,1,16.459595365964155,39.13874674476148,0,0
2026-01-01 02:42:00,S0010,traffic,downtown,edge_downtown,2,46.802818611623394,49.83161634192964,0,0
2026-01-01 02:42:00,S0011,traffic,transit,edge_transit,2,28.17908772675294,32.9230961064311,0,0
2026-01-01 02:42:00,S0012,traffic,residential,edge_residential,2,42.45913794156753,32.974312802613866,0,0
2026-01-01 02:42:00,S0013,air_quality,downtown,edge_downtown,1,22.3582095964731,66.69281906632663,0,0
2026-01-01 02:42:00,S0014,air_quality,industrial,edge_industrial,1,24.482107617363823,53.79094198288253,0,0
2026-01-01 02:42:00,S0015,air_quality,residential,edge_residential,1,20.620025066325923,44.768788801533496,0,0
2026-01-01 02:42:00,S0016,structure,transit,edge_transit,2,0.2601374810200463,24.714312855773343,0,0
2026-01-01 02:42:00,S0017,energy,residential,edge_residential,1,78.45649621614976,106.31774740597274,0,0
2026-01-01 02:42:00,S0018,energy,transit,edge_transit,1,80.4671168222475,75.7876344079012,0,0
2026-01-01 02:42:00,S0019,structure,waterfront,edge_waterfront,2,0.2710556155879038,32.370614642163595,0,0
2026-01-01 02:42:00,S0020,traffic,transit,edge_transit,2,30.205592223364704,21.873117621146463,0,0
2026-01-01 02:42:00,S0021,traffic,industrial,edge_industrial,2,34.57671738673664,52.14487797951938,0,0
2026-01-01 02:42:00,S0022,energy,transit,edge_transit,1,73.46841155565764,100.81146802251479,0,0
2026-01-01 02:42:00,S0023,traffic,residential,edge_residential,2,37.516404698391774,38.514749183411844,0,0
2026-01-01 02:42:00,S0024,traffic,downtown,edge_downtown,2,37.60177308404964,31.59653468434008,0,0
2026-01-01 02:42:00,S0025,air_quality,downtown,edge_downtown,1,20.787809355594728,91.73106140130096,0,0
2026-01-01 02:42:00,S0026,air_quality,transit,edge_transit,1,22.2647366973932,71.07139301213157,0,0
2026-01-01 02:42:00,S0027,structure,industrial,edge_industrial,2,0.3154691217818879,19.92035651908804,0,0
2026-01-01 02:42:00,S0028,energy,residential,edge_residential,1,83.88567398529864,83.92711521868893,0,0
2026-01-01 02:42:00,S0029,air_quality,industrial,edge_industrial,1,18.358073732473002,96.71600066807541,0,0
2026-01-01 02:42:00,S0030,air_quality,industrial,edge_industrial,1,21.55896808901224,67.10732131743649,0,0
2026-01-01 02:42:00,S0031,traffic,downtown,edge_downtown,2,41.30432802252732,41.97835525144182,0,0
2026-01-01 02:42:00,S0032,traffic,industrial,edge_industrial,2,36.99902289291408,46.974525571188764,0,0
2026-01-01 02:42:00,S0033,traffic,waterfront,edge_waterfront,2,36.10953552299365,53.47539508075432,0,0
2026-01-01 02:42:00,S0034,energy,residential,edge_residential,1,78.07165518172869,52.785278637753834,0,0
2026-01-01 02:42:00,S0035,traffic,industrial,edge_industrial,2,28.294525921538057,43.94427335222966,0,0
2026-01-01 02:42:00,S0036,air_quality,residential,edge_residential,1,20.712077271409843,68.478148830689,0,0
2026-01-01 02:42:00,S0037,traffic,waterfront,edge_waterfront,2,33.56736936880392,38.102196235391254,0,0
2026-01-01 02:42:00,S0038,energy,industrial,edge_industrial,1,77.44595802577096,68.35499740124975,0,0
2026-01-01 02:42:00,S0039,traffic,residential,edge_residential,2,28.09157406777614,46.160083325047886,0,0
2026-01-01 02:43:00,S0000,energy,residential,edge_residential,1,69.93050835247519,90.72881669153189,0,0
2026-01-01 02:43:00,S0001,structure,industrial,edge_industrial,2,0.2438509505178837,34.88541868891672,0,0
2026-01-01 02:43:00,S0002,energy,waterfront,edge_waterfront,1,74.8793985400575,81.5381546393457,0,0
2026-01-01 02:43:00,S0003,traffic,waterfront,edge_waterfront,2,34.95084392477439,47.50736595193072,0,0
2026-01-01 02:43:00,S0004,traffic,downtown,edge_downtown,2,29.774771207716675,38.292710122227966,0,0
2026-01-01 02:43:00,S0005,structure,residential,edge_residential,2,0.20822431342202968,14.377071518290332,0,0
2026-01-01 02:43:00,S0006,traffic,waterfront,edge_waterfront,2,35.46598661590677,46.96964229394537,0,0
2026-01-01 02:43:00,S0007,energy,waterfront,edge_waterfront,1,65.93152591250852,112.52878074122557,0,0
2026-01-01 02:43:00,S0008,energy,transit,edge_transit,1,75.47468845846333,54.676106178477504,0,0
2026-01-01 02:43:00,S0009,air_quality,transit,edge_transit,1,25.403078472312455,49.32344324277213,0,0
2026-01-01 02:43:00,S0010,traffic,downtown,edge_downtown,2,33.09695243652041,34.76271727031386,0,0
2026-01-01 02:43:00,S0011,traffic,transit,edge_transit,2,42.453337166798946,56.70961461429911,0,0
2026-01-01 02:43:00,S0012,traffic,residential,edge_residential,2,42.1296819528527,48.12674536400396,0,0
2026-01-01 02:43:00,S0013,air_quality,downtown,edge_downtown,1,21.034880847995286,46.664153215888135,0,0
2026-01-01 02:43:00,S0014,air_quality,industrial,edge_industrial,1,58.52915176446184,47.838650626758174,1,0
2026-01-01 02:43:00,S0015,air_quality,residential,edge_residential,1,18.85771310213562,73.6138794524576,0,0
2026-01-01 02:43:00,S0016,structure,transit,edge_transit,2,0.3978621828747792,25.454624961525386,1,0
2026-01-01 02:43:00,S0017,energy,residential,edge_residential,1,78.86144939783749,75.22590805743489,0,0
2026-01-01 02:43:00,S0018,energy,transit,edge_transit,1,79.50924915756337,75.93127733526893,0,0
2026-01-01 02:43:00,S0019,structure,waterfront,edge_waterfront,2,0.3152611788871982,20.383459427178238,0,0
2026-01-01 02:43:00,S0020,traffic,transit,edge_transit,2,36.07270009907398,47.893774452670336,0,0
2026-01-01 02:43:00,S0021,traffic,industrial,edge_industrial,2,29.5279925675914,47.499780534780676,0,0
2026-01-01 02:43:00,S0022,energy,transit,edge_transit,1,175.84113924184675,85.26598170326174,1,0
2026-01-01 02:43:00,S0023,traffic,residential,edge_residential,2,30.642348603752225,51.47792803457613,0,0
2026-01-01 02:43:00,S0024,traffic,downtown,edge_downtown,2,30.628092968608193,56.69990346503612,0,0
2026-01-01 02:43:00,S0025,air_quality,downtown,edge_downtown,1,37.8181243844795,58.03110944848019,1,0
2026-01-01 02:43:00,S0026,air_quality,transit,edge_transit,1,21.126227559989342,45.48961327376611,0,0
2026-01-01 02:43:00,S0027,structure,industrial,edge_industrial,2,0.2543757214412809,33.41023871348503,0,0
2026-01-01 02:43:00,S0028,energy,residential,edge_residential,1,67.91655739507797,89.52673229752344,0,0
2026-01-01 02:43:00,S0029,air_quality,industrial,edge_industrial,1,23.844883046338463,96.4467822964364,0,0
2026-01-01 02:43:00,S0030,air_quality,industrial,edge_industrial,1,23.287586253348,53.12226410295896,0,0
2026-01-01 02:43:00,S0031,traffic,downtown,edge_downtown,2,32.10625150487861,47.99118495192648,0,0
2026-01-01 02:43:00,S0032,traffic,industrial,edge_industrial,2,37.60465153242174,48.60512114085304,0,0
2026-01-01 02:43:00,S0033,traffic,waterfront,edge_waterfront,2,38.186356151149525,34.09461526444851,0,0
2026-01-01 02:43:00,S0034,energy,residential,edge_residential,1,77.50308786221859,108.12627537850764,0,0
2026-01-01 02:43:00,S0035,traffic,industrial,edge_industrial,2,27.4070590860816,40.573661785921594,0,0
2026-01-01 02:43:00,S0036,air_quality,residential,edge_residential,1,21.605376097814112,59.58938890785142,0,0
2026-01-01 02:43:00,S0037,traffic,waterfront,edge_waterfront,2,35.85059684660823,43.763404699990346,0,0
2026-01-01 02:43:00,S0038,energy,industrial,edge_industrial,1,79.67827550942174,83.74139773825942,0,0
2026-01-01 02:43:00,S0039,traffic,residential,edge_residential,2,42.273762848479265,38.430092190722306,0,0
2026-01-01 02:44:00,S0000,energy,residential,edge_residential,1,82.87497186321832,80.91294083646406,0,0
2026-01-01 02:44:00,S0001,structure,industrial,edge_industrial,2,0.24608381736978036,24.16678464616602,0,0
2026-01-01 02:44:00,S0002,energy,waterfront,edge_waterfront,1,82.44660773674323,82.01967309798066,0,0
2026-01-01 02:44:00,S0003,traffic,waterfront,edge_waterfront,2,40.07072348931686,33.4471140980626,0,0
2026-01-01 02:44:00,S0004,traffic,downtown,edge_downtown,2,42.005262941088844,42.28489468498579,0,0
2026-01-01 02:44:00,S0005,structure,residential,edge_residential,2,0.6764570016225969,31.981353258596002,1,0
2026-01-01 02:44:00,S0006,traffic,waterfront,edge_waterfront,2,38.02317242319995,38.9117742696338,0,0
2026-01-01 02:44:00,S0007,energy,waterfront,edge_waterfront,1,80.98155234044091,97.46604330874138,0,0
2026-01-01 02:44:00,S0008,energy,transit,edge_transit,1,78.83805307628998,98.05487217494321,0,0
2026-01-01 02:44:00,S0009,air_quality,transit,edge_transit,1,19.505761003174353,58.562406058358974,0,0
2026-01-01 02:44:00,S0010,traffic,downtown,edge_downtown,2,30.376959900890295,45.57235429793347,0,0
2026-01-01 02:44:00,S0011,traffic,transit,edge_transit,2,29.627821273124013,43.303853982397875,0,0
2026-01-01 02:44:00,S0012,traffic,residential,edge_residential,2,32.388819809089355,28.835288072860386,0,0
2026-01-01 02:44:00,S0013,air_quality,downtown,edge_downtown,1,21.78069224559698,76.60100485956448,0,0
2026-01-01 02:44:00,S0014,air_quality,industrial,edge_industrial,1,19.279461083894873,84.02502662001672,0,0
2026-01-01 02:44:00,S0015,air_quality,residential,edge_residential,1,21.4443611062618,62.83602481356011,0,0
2026-01-01 02:44:00,S0016,structure,transit,edge_transit,2,0.29098000935300194,34.180630197309426,0,0
2026-01-01 02:44:00,S0017,energy,residential,edge_residential,1,75.77248040533628,104.42241527123414,0,0
2026-01-01 02:44:00,S0018,energy,transit,edge_transit,1,81.42966295796336,59.32520703671064,0,0
2026-01-01 02:44:00,S0019,structure,waterfront,edge_waterfront,2,0.31362995029280755,47.423140773792746,0,0
2026-01-01 02:44:00,S0020,traffic,transit,edge_transit,2,29.924116896586,36.99474039650313,0,0
2026-01-01 02:44:00,S0021,traffic,industrial,edge_industrial,2,41.628611316131625,41.690739792579706,0,0
2026-01-01 02:44:00,S0022,energy,transit,edge_transit,1,75.19667754719654,73.51460181651001,0,0
2026-01-01 02:44:00,S0023,traffic,residential,edge_residential,2,38.19619534541891,40.12096595293202,0,0
2026-01-01 02:44:00,S0024,traffic,downtown,edge_downtown,2,31.142796104132703,58.28254825159067,0,0
2026-01-01 02:44:00,S0025,air_quality,downtown,edge_downtown,1,22.308211490269322,77.42118950399768,0,0
2026-01-01 02:44:00,S0026,air_quality,transit,edge_transit,1,24.53652815157733,73.18025806630835,0,0
2026-01-01 02:44:00,S0027,structure,industrial,edge_industrial,2,0.2864587840135138,30.462933488149364,0,0
2026-01-01 02:44:00,S0028,energy,residential,edge_residential,1,83.83337271395224,91.73777403993142,0,0
2026-01-01 02:44:00,S0029,air_quality,industrial,edge_industrial,1,24.72887729883059,93.96014419003082,0,0
2026-01-01 02:44:00,S0030,air_quality,industrial,edge_industrial,1,21.570934665066993,88.38574509275284,0,0
2026-01-01 02:44:00,S0031,traffic,downtown,edge_downtown,2,36.89046598731375,39.51419706657407,0,0
2026-01-01 02:44:00,S0032,traffic,industrial,edge_industrial,2,39.24406083231922,46.043455207152974,0,0
2026-01-01 02:44:00,S0033,traffic,waterfront,edge_waterfront,2,33.722910423826946,59.30576407671687,0,0
2026-01-01 02:44:00,S0034,energy,residential,edge_residential,1,90.22523390870035,89.07774697522325,0,0
2026-01-01 02:44:00,S0035,traffic,industrial,edge_industrial,2,31.90707178281132,32.930589909356215,0,0
2026-01-01 02:44:00,S0036,air_quality,residential,edge_residential,1,17.46092900587249,54.101274356808275,0,0
2026-01-01 02:44:00,S0037,traffic,waterfront,edge_waterfront,2,34.073456383890395,35.96065670662585,0,0
2026-01-01 02:44:00,S0038,energy,industrial,edge_industrial,1,79.09580118433016,45.254474193630784,0,0
2026-01-01 02:44:00,S0039,traffic,residential,edge_residential,2,29.267324654912716,47.62128908561484,0,0
2026-01-01 02:45:00,S0000,energy,residential,edge_residential,1,79.5217954559691,59.691320101876826,0,0
2026-01-01 02:45:00,S0001,structure,industrial,edge_industrial,2,0.3276883456999002,46.53969569150469,0,0
2026-01-01 02:45:00,S0002,energy,waterfront,edge_waterfront,1,77.46315304156909,62.91493178006263,0,0
2026-01-01 02:45:00,S0003,traffic,waterfront,edge_waterfront,2,33.749000380200606,34.125890166071954,0,0
2026-01-01 02:45:00,S0004,traffic,downtown,edge_downtown,2,,45.56594263668122,0,1
2026-01-01 02:45:00,S0005,structure,residential,edge_residential,2,0.30833822012563905,35.580238200705935,0,0
2026-01-01 02:45:00,S0006,traffic,waterfront,edge_waterfront,2,38.26437614342567,32.307803394148586,0,0
2026-01-01 02:45:00,S0007,energy,waterfront,edge_waterfront,1,78.9862366489685,28.649384372468717,0,0
2026-01-01 02:45:00,S0008,energy,transit,edge_transit,1,77.29287741486223,96.97553084492935,0,0
2026-01-01 02:45:00,S0009,air_quality,transit,edge_transit,1,19.446724444616905,93.4323032506157,0,0
2026-01-01 02:45:00,S0010,traffic,downtown,edge_downtown,2,35.22658077465196,54.219635168813966,0,0
2026-01-01 02:45:00,S0011,traffic,transit,edge_transit,2,35.35701441303649,37.9312731813708,0,0
2026-01-01 02:45:00,S0012,traffic,residential,edge_residential,2,44.969590219531675,36.7132077698934,0,0
2026-01-01 02:45:00,S0013,air_quality,downtown,edge_downtown,1,24.59000928986936,78.15291059040274,0,0
2026-01-01 02:45:00,S0014,air_quality,industrial,edge_industrial,1,26.847074491123298,74.65588416338908,0,0
2026-01-01 02:45:00,S0015,air_quality,residential,edge_residential,1,22.634536761878383,61.198935743178446,0,0
2026-01-01 02:45:00,S0016,structure,transit,edge_transit,2,0.21543532005914703,29.277268253715988,0,0
2026-01-01 02:45:00,S0017,energy,residential,edge_residential,1,68.38768681840932,92.46380626912826,0,0
2026-01-01 02:45:00,S0018,energy,transit,edge_transit,1,74.01545885188374,86.27463212295676,0,0
2026-01-01 02:45:00,S0019,structure,waterfront,edge_waterfront,2,0.23422830546196263,42.155898034299035,0,0
2026-01-01 02:45:00,S0020,traffic,transit,edge_transit,2,35.792812654786545,48.54023980011143,0,0
2026-01-01 02:45:00,S0021,traffic,industrial,edge_industrial,2,36.57432557520214,43.67985663495158,0,0
2026-01-01 02:45:00,S0022,energy,transit,edge_transit,1,85.50351993518332,71.63834920442676,0,0
2026-01-01 02:45:00,S0023,traffic,residential,edge_residential,2,29.316271093348103,47.87182969901225,0,0
2026-01-01 02:45:00,S0024,traffic,downtown,edge_downtown,2,36.0004232805547,37.429838579815694,0,0
2026-01-01 02:45:00,S0025,air_quality,downtown,edge_downtown,1,21.038418876657737,105.14007070945391,0,0
2026-01-01 02:45:00,S0026,air_quality,transit,edge_transit,1,23.14336218334821,74.70393144545338,0,0
2026-01-01 02:45:00,S0027,structure,industrial,edge_industrial,2,0.29610658479553453,18.25468946359352,0,0
2026-01-01 02:45:00,S0028,energy,residential,edge_residential,1,82.16133654604444,61.454161758098024,0,0
2026-01-01 02:45:00,S0029,air_quality,industrial,edge_industrial,1,22.62699010116807,55.094888794330934,0,0
2026-01-01 02:45:00,S0030,air_quality,industrial,edge_industrial,1,19.170616807989365,39.67073545989457,0,0
2026-01-01 02:45:00,S0031,traffic,downtown,edge_downtown,2,29.64140244729011,55.44752931167461,0,0
2026-01-01 02:45:00,S0032,traffic,industrial,edge_industrial,2,37.83389830054443,46.16276580241236,0,0
2026-01-01 02:45:00,S0033,traffic,waterfront,edge_waterfront,2,34.83216232875646,58.456452640218004,0,0
2026-01-01 02:45:00,S0034,energy,residential,edge_residential,1,73.47461030605231,78.59223651534231,0,0
2026-01-01 02:45:00,S0035,traffic,industrial,edge_industrial,2,31.512736108218583,24.970637040366594,0,0
2026-01-01 02:45:00,S0036,air_quality,residential,edge_residential,1,19.95365427264464,51.76186679457665,0,0
2026-01-01 02:45:00,S0037,traffic,waterfront,edge_waterfront,2,29.072908566448646,34.8141757354112,0,0
2026-01-01 02:45:00,S0038,energy,industrial,edge_industrial,1,80.19079116695417,78.93501603853888,0,0
2026-01-01 02:45:00,S0039,traffic,residential,edge_residential,2,44.219150393479765,48.39488448204945,0,0
2026-01-01 02:46:00,S0000,energy,residential,edge_residential,1,82.37847194303413,72.54465047030286,0,0
2026-01-01 02:46:00,S0001,structure,industrial,edge_industrial,2,0.3023802696090643,48.950315427100534,0,0
2026-01-01 02:46:00,S0002,energy,waterfront,edge_waterfront,1,70.51636259216525,82.84351770731519,0,0
2026-01-01 02:46:00,S0003,traffic,waterfront,edge_waterfront,2,34.010935902426766,26.824136002294974,0,0
2026-01-01 02:46:00,S0004,traffic,downtown,edge_downtown,2,44.212404501528795,58.909358081122306,0,0
2026-01-01 02:46:00,S0005,structure,residential,edge_residential,2,0.2426103375811187,46.17160730318523,0,0
2026-01-01 02:46:00,S0006,traffic,waterfront,edge_waterfront,2,28.883521959920316,46.08705764916134,0,0
2026-01-01 02:46:00,S0007,energy,waterfront,edge_waterfront,1,65.47261216770437,73.1437102981518,0,0
2026-01-01 02:46:00,S0008,energy,transit,edge_transit,1,76.28629895293241,78.30136203322336,0,0
2026-01-01 02:46:00,S0009,air_quality,transit,edge_transit,1,24.083680766476775,68.05782285876371,0,0
2026-01-01 02:46:00,S0010,traffic,downtown,edge_downtown,2,45.58439020365728,43.97416210936035,0,0
2026-01-01 02:46:00,S0011,traffic,transit,edge_transit,2,37.56980621760409,41.96071227266078,0,0
2026-01-01 02:46:00,S0012,traffic,residential,edge_residential,2,35.51637519523506,46.81582007992822,0,0
2026-01-01 02:46:00,S0013,air_quality,downtown,edge_downtown,1,20.616501276762914,86.22448612060074,0,0
2026-01-01 02:46:00,S0014,air_quality,industrial,edge_industrial,1,19.6695972185224,54.0350147372921,0,0
2026-01-01 02:46:00,S0015,air_quality,residential,edge_residential,1,21.318583916377268,73.65369516652818,0,0
2026-01-01 02:46:00,S0016,structure,transit,edge_transit,2,0.2855271799684801,40.46937696405331,0,0
2026-01-01 02:46:00,S0017,energy,residential,edge_residential,1,79.94884799457965,79.29292695297865,0,0
2026-01-01 02:46:00,S0018,energy,transit,edge_transit,1,77.40097933732493,85.44248950121768,0,0
2026-01-01 02:46:00,S0019,structure,waterfront,edge_waterfront,2,0.23566035423625886,40.773831206968644,0,0
2026-01-01 02:46:00,S0020,traffic,transit,edge_transit,2,34.98436893144955,35.42081174935029,0,0
2026-01-01 02:46:00,S0021,traffic,industrial,edge_industrial,2,33.29288345453825,42.960192111690574,0,0
2026-01-01 02:46:00,S0022,energy,transit,edge_transit,1,90.50304753670689,90.85395166135577,0,0
2026-01-01 02:46:00,S0023,traffic,residential,edge_residential,2,31.68411669556065,29.628559611299345,0,0
2026-01-01 02:46:00,S0024,traffic,downtown,edge_downtown,2,33.453612625990715,50.88089772070208,0,0
2026-01-01 02:46:00,S0025,air_quality,downtown,edge_downtown,1,21.69562794881167,32.5161551723094,0,0
2026-01-01 02:46:00,S0026,air_quality,transit,edge_transit,1,20.456239313145794,52.97789524651607,0,0
2026-01-01 02:46:00,S0027,structure,industrial,edge_industrial,2,0.23151909957289737,50.938454991081464,0,0
2026-01-01 02:46:00,S0028,energy,residential,edge_residential,1,90.6545244776731,79.56587280179568,0,0
2026-01-01 02:46:00,S0029,air_quality,industrial,edge_industrial,1,17.379572245140135,49.47876246722927,0,0
2026-01-01 02:46:00,S0030,air_quality,industrial,edge_industrial,1,22.254282694874448,90.00439878440953,0,0
2026-01-01 02:46:00,S0031,traffic,downtown,edge_downtown,2,39.02593834288492,30.201143885617398,0,0
2026-01-01 02:46:00,S0032,traffic,industrial,edge_industrial,2,32.99876710213545,44.696220683976776,0,0
2026-01-01 02:46:00,S0033,traffic,waterfront,edge_waterfront,2,40.87466167476638,50.92451003639934,0,0
2026-01-01 02:46:00,S0034,energy,residential,edge_residential,1,76.0714445365319,80.70852051887756,0,0
2026-01-01 02:46:00,S0035,traffic,industrial,edge_industrial,2,38.86609975390468,59.722384963072926,0,0
2026-01-01 02:46:00,S0036,air_quality,residential,edge_residential,1,20.202978974482573,73.9341470973435,0,0
2026-01-01 02:46:00,S0037,traffic,waterfront,edge_waterfront,2,39.853351049764086,35.14975224707978,0,0
2026-01-01 02:46:00,S0038,energy,industrial,edge_industrial,1,89.83491854385193,100.90572058394,0,0
2026-01-01 02:46:00,S0039,traffic,residential,edge_residential,2,36.02338598132333,61.80148520938609,0,0
2026-01-01 02:47:00,S0000,energy,residential,edge_residential,1,163.4936454996234,80.6294589558053,1,0
2026-01-01 02:47:00,S0001,structure,industrial,edge_industrial,2,0.24869674661559374,64.87582454938644,0,0
2026-01-01 02:47:00,S0002,energy,waterfront,edge_waterfront,1,73.32129331798457,92.89136101435375,0,0
2026-01-01 02:47:00,S0003,traffic,waterfront,edge_waterfront,2,31.95632618107675,29.25863861540624,0,0
2026-01-01 02:47:00,S0004,traffic,downtown,edge_downtown,2,34.27539407048058,46.96130362366299,0,0
2026-01-01 02:47:00,S0005,structure,residential,edge_residential,2,0.30584735605995605,33.170937788912184,0,0
2026-01-01 02:47:00,S0006,traffic,waterfront,edge_waterfront,2,40.67582879337202,34.36830082623438,0,0
2026-01-01 02:47:00,S0007,energy,waterfront,edge_waterfront,1,83.6344558669151,41.45580066557561,0,0
2026-01-01 02:47:00,S0008,energy,transit,edge_transit,1,84.73475874878721,131.52960474245856,0,0
2026-01-01 02:47:00,S0009,air_quality,transit,edge_transit,1,21.637527534309353,60.75777471842698,0,0
2026-01-01 02:47:00,S0010,traffic,downtown,edge_downtown,2,35.62408505724701,43.05428806060464,0,0
2026-01-01 02:47:00,S0011,traffic,transit,edge_transit,2,40.64097788086233,55.013640341363654,0,0
2026-01-01 02:47:00,S0012,traffic,residential,edge_residential,2,49.91351562434352,36.70061817271984,1,0
2026-01-01 02:47:00,S0013,air_quality,downtown,edge_downtown,1,22.182607945915123,48.624532315525215,0,0
2026-01-01 02:47:00,S0014,air_quality,industrial,edge_industrial,1,19.70486095902577,65.36062864239176,0,0
2026-01-01 02:47:00,S0015,air_quality,residential,edge_residential,1,21.621795234461633,51.89269464572584,0,0
2026-01-01 02:47:00,S0016,structure,transit,edge_transit,2,0.32566588337587343,45.13553658133092,0,0
2026-01-01 02:47:00,S0017,energy,residential,edge_residential,1,84.17798893408784,75.97032580311962,0,0
2026-01-01 02:47:00,S0018,energy,transit,edge_transit,1,79.39084912005295,97.67784080823381,0,0
2026-01-01 02:47:00,S0019,structure,waterfront,edge_waterfront,2,0.22986714596721727,35.07220923388286,0,0
2026-01-01 02:47:00,S0020,traffic,transit,edge_transit,2,34.47669745284033,25.760534678393938,0,0
2026-01-01 02:47:00,S0021,traffic,industrial,edge_industrial,2,27.87899635671203,35.37426892676921,0,0
2026-01-01 02:47:00,S0022,energy,transit,edge_transit,1,81.3400246527317,74.5734343033175,0,0
2026-01-01 02:47:00,S0023,traffic,residential,edge_residential,2,31.062632055702792,25.4803298094693,0,0
2026-01-01 02:47:00,S0024,traffic,downtown,edge_downtown,2,34.19451620597694,49.668098466167265,0,0
2026-01-01 02:47:00,S0025,air_quality,downtown,edge_downtown,1,18.457355973081405,60.88089480288735,0,0
2026-01-01 02:47:00,S0026,air_quality,transit,edge_transit,1,24.84024056186151,72.55839601411344,0,0
2026-01-01 02:47:00,S0027,structure,industrial,edge_industrial,2,0.3078629406265203,31.144668707272565,0,0
2026-01-01 02:47:00,S0028,energy,residential,edge_residential,1,74.25637694189113,74.79783315518188,0,0
2026-01-01 02:47:00,S0029,air_quality,industrial,edge_industrial,1,21.44556047188301,71.1432184911692,0,0
2026-01-01 02:47:00,S0030,air_quality,industrial,edge_industrial,1,21.71056003662991,85.62678898069711,0,0
2026-01-01 02:47:00,S0031,traffic,downtown,edge_downtown,2,31.093807678770766,57.88506201940062,0,0
2026-01-01 02:47:00,S0032,traffic,industrial,edge_industrial,2,33.1210439937212,58.79400820862037,0,0
2026-01-01 02:47:00,S0033,traffic,waterfront,edge_waterfront,2,45.85316923830071,39.7039432103754,0,0
2026-01-01 02:47:00,S0034,energy,residential,edge_residential,1,91.09436445425195,100.44061314558817,0,0
2026-01-01 02:47:00,S0035,traffic,industrial,edge_industrial,2,34.60964915077581,51.25168074589707,0,0
2026-01-01 02:47:00,S0036,air_quality,residential,edge_residential,1,17.224622681201232,40.816418963002434,0,0
2026-01-01 02:47:00,S0037,traffic,waterfront,edge_waterfront,2,47.57387376992493,32.198635788004,0,0
2026-01-01 02:47:00,S0038,energy,industrial,edge_industrial,1,75.86258506036079,89.29350243895678,0,0
2026-01-01 02:47:00,S0039,traffic,residential,edge_residential,2,45.56737909172152,35.43698442818306,0,0
2026-01-01 02:48:00,S0000,energy,residential,edge_residential,1,76.08860634436425,90.07357863217861,0,0
2026-01-01 02:48:00,S0001,structure,industrial,edge_industrial,2,0.29886458828987533,46.34401579147405,0,0
2026-01-01 02:48:00,S0002,energy,waterfront,edge_waterfront,1,90.65197955464632,84.56031557180081,0,0
2026-01-01 02:48:00,S0003,traffic,waterfront,edge_waterfront,2,38.60750046419027,50.42020298804656,0,0
2026-01-01 02:48:00,S0004,traffic,downtown,edge_downtown,2,23.52827130684327,42.87614988645861,0,0
2026-01-01 02:48:00,S0005,structure,residential,edge_residential,2,0.3048848920654753,51.493568405885014,0,0
2026-01-01 02:48:00,S0006,traffic,waterfront,edge_waterfront,2,30.039504195297397,19.523878027190246,0,0
2026-01-01 02:48:00,S0007,energy,waterfront,edge_waterfront,1,79.72759718939722,73.47505416013438,0,0
2026-01-01 02:48:00,S0008,energy,transit,edge_transit,1,78.25969233186211,80.85719507978366,0,0
2026-01-01 02:48:00,S0009,air_quality,transit,edge_transit,1,26.212786662423923,77.93311894879932,0,0
2026-01-01 02:48:00,S0010,traffic,downtown,edge_downtown,2,36.6345704017252,38.29928411318488,0,0
2026-01-01 02:48:00,S0011,traffic,transit,edge_transit,2,39.40764856925958,32.40409268672688,0,0
2026-01-01 02:48:00,S0012,traffic,residential,edge_residential,2,33.2634106438436,45.643866836114306,0,0
2026-01-01 02:48:00,S0013,air_quality,downtown,edge_downtown,1,23.543676968918945,90.08800175309189,0,0
2026-01-01 02:48:00,S0014,air_quality,industrial,edge_industrial,1,20.227564103269717,88.74000991669035,0,0
2026-01-01 02:48:00,S0015,air_quality,residential,edge_residential,1,22.400503083727635,37.939241772090455,0,0
2026-01-01 02:48:00,S0016,structure,transit,edge_transit,2,,39.28406483148367,0,1
2026-01-01 02:48:00,S0017,energy,residential,edge_residential,1,86.12935043437537,112.75788623365364,0,0
2026-01-01 02:48:00,S0018,energy,transit,edge_transit,1,84.37641683352749,62.332643559564694,0,0
2026-01-01 02:48:00,S0019,structure,waterfront,edge_waterfront,2,0.25773003784937376,37.84317198804876,0,0
2026-01-01 02:48:00,S0020,traffic,transit,edge_transit,2,36.963521019171665,32.38033536658209,0,0
2026-01-01 02:48:00,S0021,traffic,industrial,edge_industrial,2,45.43669851798087,43.077916713226536,0,0
2026-01-01 02:48:00,S0022,energy,transit,edge_transit,1,82.7137259128328,99.80537467962303,0,0
2026-01-01 02:48:00,S0023,traffic,residential,edge_residential,2,32.3107060206827,39.315127550754,0,0
2026-01-01 02:48:00,S0024,traffic,downtown,edge_downtown,2,33.61341699382857,38.27018021079821,0,0
2026-01-01 02:48:00,S0025,air_quality,downtown,edge_downtown,1,21.282397717137076,95.73522161292183,0,0
2026-01-01 02:48:00,S0026,air_quality,transit,edge_transit,1,15.632344399840175,52.718275077295615,0,0
2026-01-01 02:48:00,S0027,structure,industrial,edge_industrial,2,0.3050889609271691,46.63786350030793,0,0
2026-01-01 02:48:00,S0028,energy,residential,edge_residential,1,90.96841358412613,73.64292782614046,0,0
2026-01-01 02:48:00,S0029,air_quality,industrial,edge_industrial,1,22.64834414645804,59.49793618646622,0,0
2026-01-01 02:48:00,S0030,air_quality,industrial,edge_industrial,1,23.685704423451398,56.95670555288952,0,0
2026-01-01 02:48:00,S0031,traffic,downtown,edge_downtown,2,29.980234762440645,40.39040238741997,0,0
2026-01-01 02:48:00,S0032,traffic,industrial,edge_industrial,2,34.6435546124262,39.53375615783139,0,0
2026-01-01 02:48:00,S0033,traffic,waterfront,edge_waterfront,2,30.054314196089457,51.04494495517011,0,0
2026-01-01 02:48:00,S0034,energy,residential,edge_residential,1,78.38698197022022,48.15364569015885,0,0
2026-01-01 02:48:00,S0035,traffic,industrial,edge_industrial,2,38.91112583421983,37.47107317454916,0,0
2026-01-01 02:48:00,S0036,air_quality,residential,edge_residential,1,22.076944712064044,28.721116881440118,0,0
2026-01-01 02:48:00,S0037,traffic,waterfront,edge_waterfront,2,39.72503214527462,36.85500885705832,0,0
2026-01-01 02:48:00,S0038,energy,industrial,edge_industrial,1,80.61862077867424,73.98174677752915,0,0
2026-01-01 02:48:00,S0039,traffic,residential,edge_residential,2,40.379316962777445,61.12626982485058,0,0
2026-01-01 02:49:00,S0000,energy,residential,edge_residential,1,74.09124394820044,68.13211294322949,0,0
2026-01-01 02:49:00,S0001,structure,industrial,edge_industrial,2,0.21933756583137945,32.36792875379065,0,0
2026-01-01 02:49:00,S0002,energy,waterfront,edge_waterfront,1,70.9959286147558,59.21240926634703,0,0
2026-01-01 02:49:00,S0003,traffic,waterfront,edge_waterfront,2,59.26895723251934,46.322061840162384,1,0
2026-01-01 02:49:00,S0004,traffic,downtown,edge_downtown,2,39.511520097919906,37.0881701919177,0,0
2026-01-01 02:49:00,S0005,structure,residential,edge_residential,2,0.20774967067425304,51.169635270195855,0,0
2026-01-01 02:49:00,S0006,traffic,waterfront,edge_waterfront,2,35.785866145332726,42.028793579310786,0,0
2026-01-01 02:49:00,S0007,energy,waterfront,edge_waterfront,1,81.15138984726914,93.53892680231486,0,0
2026-01-01 02:49:00,S0008,energy,transit,edge_transit,1,74.0726085356526,62.70076695583883,0,0
2026-01-01 02:49:00,S0009,air_quality,transit,edge_transit,1,25.682529559507998,85.68688446354591,0,0
2026-01-01 02:49:00,S0010,traffic,downtown,edge_downtown,2,44.38848135367341,42.35474408961746,0,0
2026-01-01 02:49:00,S0011,traffic,transit,edge_transit,2,39.26795167637848,47.11273021932439,0,0
2026-01-01 02:49:00,S0012,traffic,residential,edge_residential,2,26.05067648537926,61.162325357125866,0,0
2026-01-01 02:49:00,S0013,air_quality,downtown,edge_downtown,1,22.775009459255685,80.35239844087353,0,0
2026-01-01 02:49:00,S0014,air_quality,industrial,edge_industrial,1,25.020268882227573,37.06437710171656,0,0
2026-01-01 02:49:00,S0015,air_quality,residential,edge_residential,1,23.342179955432613,65.52579496394117,0,0
2026-01-01 02:49:00,S0016,structure,transit,edge_transit,2,0.2771013395960209,40.20007338766894,0,0
2026-01-01 02:49:00,S0017,energy,residential,edge_residential,1,80.01824871772237,68.02399252228702,0,0
2026-01-01 02:49:00,S0018,energy,transit,edge_transit,1,75.8061426822395,80.73279243780144,0,0
2026-01-01 02:49:00,S0019,structure,waterfront,edge_waterfront,2,,31.995457517461617,0,1
2026-01-01 02:49:00,S0020,traffic,transit,edge_transit,2,32.83699806427534,38.712471700607296,0,0
2026-01-01 02:49:00,S0021,traffic,industrial,edge_industrial,2,35.69862331486554,45.877191372644006,0,0
2026-01-01 02:49:00,S0022,energy,transit,edge_transit,1,78.66903857184796,52.880420410700154,0,0
2026-01-01 02:49:00,S0023,traffic,residential,edge_residential,2,34.7423027130121,57.08166762986494,0,0
2026-01-01 02:49:00,S0024,traffic,downtown,edge_downtown,2,37.647611777491896,52.70224582515984,1,0
2026-01-01 02:49:00,S0025,air_quality,downtown,edge_downtown,1,20.505798586109897,61.93558759194205,0,0
2026-01-01 02:49:00,S0026,air_quality,transit,edge_transit,1,17.807801965796294,48.171885151454894,0,0
2026-01-01 02:49:00,S0027,structure,industrial,edge_industrial,2,0.24120311453334436,30.414356141048643,0,0
2026-01-01 02:49:00,S0028,energy,residential,edge_residential,1,80.47997556301677,81.61030668656426,0,0
2026-01-01 02:49:00,S0029,air_quality,industrial,edge_industrial,1,48.81581639347765,46.22755140865577,1,0
2026-01-01 02:49:00,S0030,air_quality,industrial,edge_industrial,1,24.336324060159562,62.67458520005077,0,0
2026-01-01 02:49:00,S0031,traffic,downtown,edge_downtown,2,40.60143888522909,33.511687935884794,0,0
2026-01-01 02:49:00,S0032,traffic,industrial,edge_industrial,2,29.92876454652473,36.61914023615901,0,0
2026-01-01 02:49:00,S0033,traffic,waterfront,edge_waterfront,2,33.201391388287085,41.17184671205106,0,0
2026-01-01 02:49:00,S0034,energy,residential,edge_residential,1,76.72686011458225,100.21309972747315,0,0
2026-01-01 02:49:00,S0035,traffic,industrial,edge_industrial,2,34.88345110158845,33.96379022577657,0,0
2026-01-01 02:49:00,S0036,air_quality,residential,edge_residential,1,21.80738679708034,42.20884421403285,0,0
2026-01-01 02:49:00,S0037,traffic,waterfront,edge_waterfront,2,31.656396325550702,26.339980539504683,0,0
2026-01-01 02:49:00,S0038,energy,industrial,edge_industrial,1,88.20416756042475,77.56686365555767,0,0
2026-01-01 02:49:00,S0039,traffic,residential,edge_residential,2,28.712925860776764,55.7820917761342,0,0
2026-01-01 02:50:00,S0000,energy,residential,edge_residential,1,,74.99119884684252,0,1
2026-01-01 02:50:00,S0001,structure,industrial,edge_industrial,2,0.43637273554885253,29.719182633901568,1,0
2026-01-01 02:50:00,S0002,energy,waterfront,edge_waterfront,1,81.47066623671934,37.746756769733864,0,0
2026-01-01 02:50:00,S0003,traffic,waterfront,edge_waterfront,2,32.28201388853614,29.28245680510532,0,0
2026-01-01 02:50:00,S0004,traffic,downtown,edge_downtown,2,33.45828763011651,26.650555146489175,0,0
2026-01-01 02:50:00,S0005,structure,residential,edge_residential,2,0.36015756462630616,47.93791884671996,0,0
2026-01-01 02:50:00,S0006,traffic,waterfront,edge_waterfront,2,47.28991320706291,43.51479657765506,0,0
2026-01-01 02:50:00,S0007,energy,waterfront,edge_waterfront,1,82.10534197738129,54.49733121598178,0,0
2026-01-01 02:50:00,S0008,energy,transit,edge_transit,1,76.39102008983996,89.60688702787398,0,0
2026-01-01 02:50:00,S0009,air_quality,transit,edge_transit,1,23.27106435701956,52.077468384909096,0,0
2026-01-01 02:50:00,S0010,traffic,downtown,edge_downtown,2,24.347032902934824,48.76491001650364,0,0
2026-01-01 02:50:00,S0011,traffic,transit,edge_transit,2,79.91918584171458,28.50451998854185,1,0
2026-01-01 02:50:00,S0012,traffic,residential,edge_residential,2,33.57670160451739,31.658185224924075,0,0
2026-01-01 02:50:00,S0013,air_quality,downtown,edge_downtown,1,22.471329950495647,36.126847639619086,0,0
2026-01-01 02:50:00,S0014,air_quality,industrial,edge_industrial,1,22.501821852911426,50.26452438079736,0,0
2026-01-01 02:50:00,S0015,air_quality,residential,edge_residential,1,19.772743917588276,53.52864430052584,0,0
2026-01-01 02:50:00,S0016,structure,transit,edge_transit,2,0.15414804853776104,29.073008229602344,0,0
2026-01-01 02:50:00,S0017,energy,residential,edge_residential,1,90.72508060481012,73.00492530578029,0,0
2026-01-01 02:50:00,S0018,energy,transit,edge_transit,1,83.76183747712271,52.5842417693719,0,0
2026-01-01 02:50:00,S0019,structure,waterfront,edge_waterfront,2,0.20676753608485643,50.878344679205675,0,0
2026-01-01 02:50:00,S0020,traffic,transit,edge_transit,2,58.02814133945706,34.65229123079742,1,0
2026-01-01 02:50:00,S0021,traffic,industrial,edge_industrial,2,24.243480222477718,34.07732882237168,0,0
2026-01-01 02:50:00,S0022,energy,transit,edge_transit,1,83.26696504444448,96.52733063071653,0,0
2026-01-01 02:50:00,S0023,traffic,residential,edge_residential,2,38.78668769321475,46.292618553385964,0,0
2026-01-01 02:50:00,S0024,traffic,downtown,edge_downtown,2,57.20139547148087,32.622052799089914,1,0
2026-01-01 02:50:00,S0025,air_quality,downtown,edge_downtown,1,17.8305466007716,62.250895084013614,0,0
2026-01-01 02:50:00,S0026,air_quality,transit,edge_transit,1,19.92765869557026,51.5990030322605,0,0
2026-01-01 02:50:00,S0027,structure,industrial,edge_industrial,2,,40.57297082311325,0,1
2026-01-01 02:50:00,S0028,energy,residential,edge_residential,1,82.25512267393566,80.31303967553114,0,0
2026-01-01 02:50:00,S0029,air_quality,industrial,edge_industrial,1,21.3192780134421,73.19032891461994,0,0
2026-01-01 02:50:00,S0030,air_quality,industrial,edge_industrial,1,24.999859978524107,47.79134580832474,0,0
2026-01-01 02:50:00,S0031,traffic,downtown,edge_downtown,2,38.578676597791905,49.006224958756256,0,0
2026-01-01 02:50:00,S0032,traffic,industrial,edge_industrial,2,56.10948133186182,31.59662667066295,1,0
2026-01-01 02:50:00,S0033,traffic,waterfront,edge_waterfront,2,31.3173585391105,25.24648857652092,0,0
2026-01-01 02:50:00,S0034,energy,residential,edge_residential,1,85.22391104548038,88.89356414798371,0,0
2026-01-01 02:50:00,S0035,traffic,industrial,edge_industrial,2,25.886790606884638,49.79960044600057,0,0
2026-01-01 02:50:00,S0036,air_quality,residential,edge_residential,1,18.292581503932716,65.08133334927122,0,0
2026-01-01 02:50:00,S0037,traffic,waterfront,edge_waterfront,2,38.93758107432187,44.03660987521841,0,0
2026-01-01 02:50:00,S0038,energy,industrial,edge_industrial,1,72.1089998906572,73.44103914604348,0,0
2026-01-01 02:50:00,S0039,traffic,residential,edge_residential,2,34.02096139785006,36.7302757336948,0,0
2026-01-01 02:51:00,S0000,energy,residential,edge_residential,1,81.35445868949213,43.63130533319582,0,0
2026-01-01 02:51:00,S0001,structure,industrial,edge_industrial,2,0.28697167412503094,5.2085831552004365,0,0
2026-01-01 02:51:00,S0002,energy,waterfront,edge_waterfront,1,83.8423466688456,74.82240105886935,0,0
2026-01-01 02:51:00,S0003,traffic,waterfront,edge_waterfront,2,31.59870632992421,30.139422948727656,0,0
2026-01-01 02:51:00,S0004,traffic,downtown,edge_downtown,2,34.12409754833398,36.17988866329545,0,0
2026-01-01 02:51:00,S0005,structure,residential,edge_residential,2,0.21546599821748585,50.09487012163293,0,0
2026-01-01 02:51:00,S0006,traffic,waterfront,edge_waterfront,2,35.205301011710354,48.645216251882,0,0
2026-01-01 02:51:00,S0007,energy,waterfront,edge_waterfront,1,77.64975645942842,57.61451090875923,0,0
2026-01-01 02:51:00,S0008,energy,transit,edge_transit,1,80.97532899285719,42.49255099120306,0,0
2026-01-01 02:51:00,S0009,air_quality,transit,edge_transit,1,22.149818054626696,87.82084134476301,0,0
2026-01-01 02:51:00,S0010,traffic,downtown,edge_downtown,2,24.198167648859098,39.203937382229796,0,0
2026-01-01 02:51:00,S0011,traffic,transit,edge_transit,2,34.42485105732717,39.970518896462984,0,0
2026-01-01 02:51:00,S0012,traffic,residential,edge_residential,2,27.34216977646558,56.73814981311378,0,0
2026-01-01 02:51:00,S0013,air_quality,downtown,edge_downtown,1,21.720039973588626,100.35365817860685,0,0
2026-01-01 02:51:00,S0014,air_quality,industrial,edge_industrial,1,23.754612198094666,76.28332301387209,0,0
2026-01-01 02:51:00,S0015,air_quality,residential,edge_residential,1,19.767597928595283,61.87272473470155,0,0
2026-01-01 02:51:00,S0016,structure,transit,edge_transit,2,0.30287250211551836,32.00309908147186,0,0
2026-01-01 02:51:00,S0017,energy,residential,edge_residential,1,77.2529567020252,64.4364430079992,0,0
2026-01-01 02:51:00,S0018,energy,transit,edge_transit,1,67.66232955114117,86.01885651523509,0,0
2026-01-01 02:51:00,S0019,structure,waterfront,edge_waterfront,2,0.24155515208129236,51.17619546534049,0,0
2026-01-01 02:51:00,S0020,traffic,transit,edge_transit,2,38.97269516638673,38.859782211170476,0,0
2026-01-01 02:51:00,S0021,traffic,industrial,edge_industrial,2,32.31005072201294,14.92477213396593,0,0
2026-01-01 02:51:00,S0022,energy,transit,edge_transit,1,79.13746673118112,64.76841446930511,0,0
2026-01-01 02:51:00,S0023,traffic,residential,edge_residential,2,40.73408116200866,36.469254258492185,0,0
2026-01-01 02:51:00,S0024,traffic,downtown,edge_downtown,2,36.15870841727161,47.95855288622384,0,0
2026-01-01 02:51:00,S0025,air_quality,downtown,edge_downtown,1,25.30816464790357,47.116694891877366,0,0
2026-01-01 02:51:00,S0026,air_quality,transit,edge_transit,1,22.779384457191558,83.56683477759765,0,0
2026-01-01 02:51:00,S0027,structure,industrial,edge_industrial,2,0.2055744789542518,40.86830130249976,0,0
2026-01-01 02:51:00,S0028,energy,residential,edge_residential,1,85.22539029819517,54.48970373361104,0,0
2026-01-01 02:51:00,S0029,air_quality,industrial,edge_industrial,1,19.36813499002836,47.74128707614234,0,0
2026-01-01 02:51:00,S0030,air_quality,industrial,edge_industrial,1,19.234528507657398,67.7435213726881,0,0
2026-01-01 02:51:00,S0031,traffic,downtown,edge_downtown,2,34.424390901161,37.4048111696152,0,0
2026-01-01 02:51:00,S0032,traffic,industrial,edge_industrial,2,29.953785934960155,42.82803496906565,0,0
2026-01-01 02:51:00,S0033,traffic,waterfront,edge_waterfront,2,29.660532541181034,34.24235373543249,0,0
2026-01-01 02:51:00,S0034,energy,residential,edge_residential,1,76.15932710490705,100.54740084275672,0,0
2026-01-01 02:51:00,S0035,traffic,industrial,edge_industrial,2,37.03582432489428,36.15847911168755,0,0
2026-01-01 02:51:00,S0036,air_quality,residential,edge_residential,1,20.89872347236684,86.93420156508103,0,0
2026-01-01 02:51:00,S0037,traffic,waterfront,edge_waterfront,2,36.140064502500344,15.491235563152067,0,0
2026-01-01 02:51:00,S0038,energy,industrial,edge_industrial,1,73.9547426598073,76.36207052026192,0,0
2026-01-01 02:51:00,S0039,traffic,residential,edge_residential,2,32.11224559249244,49.997589154261036,0,0
2026-01-01 02:52:00,S0000,energy,residential,edge_residential,1,75.5321277029295,56.97228395524113,0,0
2026-01-01 02:52:00,S0001,structure,industrial,edge_industrial,2,0.20091543352652225,32.34855318423192,0,0
2026-01-01 02:52:00,S0002,energy,waterfront,edge_waterfront,1,84.06510967874105,83.28709821978977,0,0
2026-01-01 02:52:00,S0003,traffic,waterfront,edge_waterfront,2,38.10292851883964,35.602403400614165,0,0
2026-01-01 02:52:00,S0004,traffic,downtown,edge_downtown,2,43.15638798793342,43.19425204125258,0,0
2026-01-01 02:52:00,S0005,structure,residential,edge_residential,2,0.2424233857898001,40.99354768421206,0,0
2026-01-01 02:52:00,S0006,traffic,waterfront,edge_waterfront,2,42.96866829428235,51.68166090372128,0,0
2026-01-01 02:52:00,S0007,energy,waterfront,edge_waterfront,1,73.87775949966613,83.99665558672858,0,0
2026-01-01 02:52:00,S0008,energy,transit,edge_transit,1,93.52447426763989,112.96822837529304,0,0
2026-01-01 02:52:00,S0009,air_quality,transit,edge_transit,1,23.44078963737343,78.45609194523482,0,0
2026-01-01 02:52:00,S0010,traffic,downtown,edge_downtown,2,39.97038559516115,24.28626266548078,0,0
2026-01-01 02:52:00,S0011,traffic,transit,edge_transit,2,38.726534806019764,35.312385734284824,0,0
2026-01-01 02:52:00,S0012,traffic,residential,edge_residential,2,41.00184099520962,34.828713657780774,0,0
2026-01-01 02:52:00,S0013,air_quality,downtown,edge_downtown,1,26.378680645685577,91.84629452940061,0,0
2026-01-01 02:52:00,S0014,air_quality,industrial,edge_industrial,1,16.194250740495377,78.32728176971648,0,0
2026-01-01 02:52:00,S0015,air_quality,residential,edge_residential,1,24.4412442078231,47.430536172787015,0,0
2026-01-01 02:52:00,S0016,structure,transit,edge_transit,2,0.3256412892281131,41.12909594503963,0,0
2026-01-01 02:52:00,S0017,energy,residential,edge_residential,1,80.15389313799965,77.61133660296615,0,0
2026-01-01 02:52:00,S0018,energy,transit,edge_transit,1,82.73698198926323,81.56930613172604,0,0
2026-01-01 02:52:00,S0019,structure,waterfront,edge_waterfront,2,0.22503595286200775,37.654266115487346,0,0
2026-01-01 02:52:00,S0020,traffic,transit,edge_transit,2,43.13294565071505,47.5184639125159,0,0
2026-01-01 02:52:00,S0021,traffic,industrial,edge_industrial,2,34.99550031134724,48.16208869547464,0,0
2026-01-01 02:52:00,S0022,energy,transit,edge_transit,1,72.84659755435071,79.66300220705301,0,0
2026-01-01 02:52:00,S0023,traffic,residential,edge_residential,2,58.75622442700271,34.45495070965138,1,0
2026-01-01 02:52:00,S0024,traffic,downtown,edge_downtown,2,37.81959830986418,48.13285073178934,0,0
2026-01-01 02:52:00,S0025,air_quality,downtown,edge_downtown,1,21.84550266249197,18.509099287659858,0,0
2026-01-01 02:52:00,S0026,air_quality,transit,edge_transit,1,26.210421589980964,80.32236409446094,0,0
2026-01-01 02:52:00,S0027,structure,industrial,edge_industrial,2,0.31671019186016836,41.108294756115924,0,0
2026-01-01 02:52:00,S0028,energy,residential,edge_residential,1,93.9377456529676,75.14253811778408,0,0
2026-01-01 02:52:00,S0029,air_quality,industrial,edge_industrial,1,26.67578061122994,83.10690375442542,0,0
2026-01-01 02:52:00,S0030,air_quality,industrial,edge_industrial,1,22.27229731099322,46.84274492014431,0,0
2026-01-01 02:52:00,S0031,traffic,downtown,edge_downtown,2,40.59187860270887,60.219721833284666,0,0
2026-01-01 02:52:00,S0032,traffic,industrial,edge_industrial,2,31.86784039576404,50.15028175830859,0,0
2026-01-01 02:52:00,S0033,traffic,waterfront,edge_waterfront,2,37.795490324153995,55.90767557775754,0,0
2026-01-01 02:52:00,S0034,energy,residential,edge_residential,1,79.81298061321172,38.537076555499816,0,0
2026-01-01 02:52:00,S0035,traffic,industrial,edge_industrial,2,25.497935280765812,45.064733925495865,0,0
2026-01-01 02:52:00,S0036,air_quality,residential,edge_residential,1,35.08727114440559,49.14481733302467,1,0
2026-01-01 02:52:00,S0037,traffic,waterfront,edge_waterfront,2,40.13769866326256,22.420843132363977,0,0
2026-01-01 02:52:00,S0038,energy,industrial,edge_industrial,1,86.86667521193147,77.66618758869487,0,0
2026-01-01 02:52:00,S0039,traffic,residential,edge_residential,2,31.70233920348589,38.79377094085325,0,0
2026-01-01 02:53:00,S0000,energy,residential,edge_residential,1,82.41414258781883,112.3543131635769,0,0
2026-01-01 02:53:00,S0001,structure,industrial,edge_industrial,2,0.23944236917681344,36.31874816590871,0,0
2026-01-01 02:53:00,S0002,energy,waterfront,edge_waterfront,1,72.92491490306547,74.79832399578572,0,0
2026-01-01 02:53:00,S0003,traffic,waterfront,edge_waterfront,2,32.666005771897964,47.3092583505287,0,0
2026-01-01 02:53:00,S0004,traffic,downtown,edge_downtown,2,34.01393931004612,39.800210923323704,0,0
2026-01-01 02:53:00,S0005,structure,residential,edge_residential,2,0.20912765587779297,32.50557794645957,0,0
2026-01-01 02:53:00,S0006,traffic,waterfront,edge_waterfront,2,33.13764029711233,44.082680771268265,0,0
2026-01-01 02:53:00,S0007,energy,waterfront,edge_waterfront,1,77.57422407377666,75.38365103691976,0,0
2026-01-01 02:53:00,S0008,energy,transit,edge_transit,1,82.40282239715512,101.18812097204365,0,0
2026-01-01 02:53:00,S0009,air_quality,transit,edge_transit,1,18.273506038171817,71.78428152063006,0,0
2026-01-01 02:53:00,S0010,traffic,downtown,edge_downtown,2,39.301080263022726,43.44794308792673,0,0
2026-01-01 02:53:00,S0011,traffic,transit,edge_transit,2,42.502460251166355,45.335186697851725,0,0
2026-01-01 02:53:00,S0012,traffic,residential,edge_residential,2,36.95443910701981,32.191023382646414,0,0
2026-01-01 02:53:00,S0013,air_quality,downtown,edge_downtown,1,21.368009682838476,48.20342728213238,0,0
2026-01-01 02:53:00,S0014,air_quality,industrial,edge_industrial,1,21.46195440935406,45.887615828849206,0,0
2026-01-01 02:53:00,S0015,air_quality,residential,edge_residential,1,20.627852836831202,50.02872096805066,0,0
2026-01-01 02:53:00,S0016,structure,transit,edge_transit,2,0.29832029300046037,42.80879645847873,0,0
2026-01-01 02:53:00,S0017,energy,residential,edge_residential,1,77.23999235357807,62.19514102865011,0,0
2026-01-01 02:53:00,S0018,energy,transit,edge_transit,1,84.84799290545868,73.91708390183554,0,0
2026-01-01 02:53:00,S0019,structure,waterfront,edge_waterfront,2,0.2175845271755601,38.21981795361722,0,0
2026-01-01 02:53:00,S0020,traffic,transit,edge_transit,2,37.50567442935961,41.61692238670393,0,0
2026-01-01 02:53:00,S0021,traffic,industrial,edge_industrial,2,35.88673029703661,34.641139278397574,0,0
2026-01-01 02:53:00,S0022,energy,transit,edge_transit,1,87.92833608410415,123.81856415653303,0,0
2026-01-01 02:53:00,S0023,traffic,residential,edge_residential,2,31.69057442634922,54.80760907927494,0,0
2026-01-01 02:53:00,S0024,traffic,downtown,edge_downtown,2,38.55169184763899,40.3165155860459,0,0
2026-01-01 02:53:00,S0025,air_quality,downtown,edge_downtown,1,22.124075467859456,77.27955738207945,0,0
2026-01-01 02:53:00,S0026,air_quality,transit,edge_transit,1,23.480778279333222,68.26481840184137,0,0
2026-01-01 02:53:00,S0027,structure,industrial,edge_industrial,2,0.21443659468999765,36.177365857706484,0,0
2026-01-01 02:53:00,S0028,energy,residential,edge_residential,1,86.24557918714629,99.79149022151816,0,0
2026-01-01 02:53:00,S0029,air_quality,industrial,edge_industrial,1,21.5120327990675,68.72091227024288,0,0
2026-01-01 02:53:00,S0030,air_quality,industrial,edge_industrial,1,25.86213439698,41.87302894720144,0,0
2026-01-01 02:53:00,S0031,traffic,downtown,edge_downtown,2,28.606152217578096,37.157785154300214,0,0
2026-01-01 02:53:00,S0032,traffic,industrial,edge_industrial,2,26.481603403571665,60.57635562776537,0,0
2026-01-01 02:53:00,S0033,traffic,waterfront,edge_waterfront,2,32.03316368916599,42.20425896885533,0,0
2026-01-01 02:53:00,S0034,energy,residential,edge_residential,1,78.3832773180522,29.734217505927127,0,0
2026-01-01 02:53:00,S0035,traffic,industrial,edge_industrial,2,38.177324917608054,17.7408373011756,0,0
2026-01-01 02:53:00,S0036,air_quality,residential,edge_residential,1,19.851206112551704,57.920397956837355,0,0
2026-01-01 02:53:00,S0037,traffic,waterfront,edge_waterfront,2,31.831375762370847,38.845429995827025,0,0
2026-01-01 02:53:00,S0038,energy,industrial,edge_industrial,1,73.70810655112247,52.36308147534883,0,0
2026-01-01 02:53:00,S0039,traffic,residential,edge_residential,2,35.99708574400724,56.30789007271994,0,0
2026-01-01 02:54:00,S0000,energy,residential,edge_residential,1,82.36385418791751,36.23718654610309,0,0
2026-01-01 02:54:00,S0001,structure,industrial,edge_industrial,2,0.19778810790693194,47.19416894183263,0,0
2026-01-01 02:54:00,S0002,energy,waterfront,edge_waterfront,1,78.39608961927632,71.4329972688997,0,0
2026-01-01 02:54:00,S0003,traffic,waterfront,edge_waterfront,2,26.962581052939733,29.208950497746606,0,0
2026-01-01 02:54:00,S0004,traffic,downtown,edge_downtown,2,41.15203446479136,43.245720190049305,0,0
2026-01-01 02:54:00,S0005,structure,residential,edge_residential,2,0.2560537030777221,43.7803780555133,0,0
2026-01-01 02:54:00,S0006,traffic,waterfront,edge_waterfront,2,37.84678899320395,39.88276005712597,0,0
2026-01-01 02:54:00,S0007,energy,waterfront,edge_waterfront,1,77.72339824145384,112.66112302399199,0,0
2026-01-01 02:54:00,S0008,energy,transit,edge_transit,1,89.83737732423427,72.61180635637423,0,0
2026-01-01 02:54:00,S0009,air_quality,transit,edge_transit,1,22.002942695372557,25.876301923205602,0,0
2026-01-01 02:54:00,S0010,traffic,downtown,edge_downtown,2,28.232258199896705,40.192487918968595,0,0
2026-01-01 02:54:00,S0011,traffic,transit,edge_transit,2,31.585034804923545,43.68824082006096,0,0
2026-01-01 02:54:00,S0012,traffic,residential,edge_residential,2,28.4306021798724,44.367079451749106,0,0
2026-01-01 02:54:00,S0013,air_quality,downtown,edge_downtown,1,20.605427857972888,70.10618438096616,0,0
2026-01-01 02:54:00,S0014,air_quality,industrial,edge_industrial,1,21.336778380420355,48.74599765890422,0,0
2026-01-01 02:54:00,S0015,air_quality,residential,edge_residential,1,38.007968704260065,48.56559371329375,1,0
2026-01-01 02:54:00,S0016,structure,transit,edge_transit,2,0.2702586923437688,36.71801359361408,0,0
2026-01-01 02:54:00,S0017,energy,residential,edge_residential,1,77.87184475405411,82.95628336697922,0,0
2026-01-01 02:54:00,S0018,energy,transit,edge_transit,1,74.9754750042804,99.72982209253834,0,0
2026-01-01 02:54:00,S0019,structure,waterfront,edge_waterfront,2,0.22811001019237284,40.8693374421616,0,0
2026-01-01 02:54:00,S0020,traffic,transit,edge_transit,2,39.61113136568776,46.67049450947537,0,0
2026-01-01 02:54:00,S0021,traffic,industrial,edge_industrial,2,29.82293318103782,47.297512448425216,0,0
2026-01-01 02:54:00,S0022,energy,transit,edge_transit,1,93.9906374829998,102.16729782896257,0,0
2026-01-01 02:54:00,S0023,traffic,residential,edge_residential,2,39.17851503338055,47.482415741340716,0,0
2026-01-01 02:54:00,S0024,traffic,downtown,edge_downtown,2,44.070581196771116,36.03292139435209,0,0
2026-01-01 02:54:00,S0025,air_quality,downtown,edge_downtown,1,23.69304702649502,75.39075957048252,0,0
2026-01-01 02:54:00,S0026,air_quality,transit,edge_transit,1,22.237371732115513,92.50538754881279,0,0
2026-01-01 02:54:00,S0027,structure,industrial,edge_industrial,2,0.25471750969079116,35.378896659409776,0,0
2026-01-01 02:54:00,S0028,energy,residential,edge_residential,1,91.40874292319054,92.835175375403,0,0
2026-01-01 02:54:00,S0029,air_quality,industrial,edge_industrial,1,19.558307194782955,58.89170828142401,0,0
2026-01-01 02:54:00,S0030,air_quality,industrial,edge_industrial,1,20.182983159458406,67.58610695125657,0,0
2026-01-01 02:54:00,S0031,traffic,downtown,edge_downtown,2,40.360601060564534,28.680888494951958,0,0
2026-01-01 02:54:00,S0032,traffic,industrial,edge_industrial,2,28.23059655621624,39.0488288934772,0,0
2026-01-01 02:54:00,S0033,traffic,waterfront,edge_waterfront,2,41.12884912965106,38.58065038519649,0,0
2026-01-01 02:54:00,S0034,energy,residential,edge_residential,1,84.04205669679554,91.04882603076658,0,0
2026-01-01 02:54:00,S0035,traffic,industrial,edge_industrial,2,39.87980937019109,44.64386496045805,0,0
2026-01-01 02:54:00,S0036,air_quality,residential,edge_residential,1,22.549917091893647,43.17943863347335,0,0
2026-01-01 02:54:00,S0037,traffic,waterfront,edge_waterfront,2,30.12641953831524,46.2835238610649,0,0
2026-01-01 02:54:00,S0038,energy,industrial,edge_industrial,1,82.88537190725323,61.93998453325636,0,0
2026-01-01 02:54:00,S0039,traffic,residential,edge_residential,2,36.42176993217236,48.28146762591854,0,0
2026-01-01 02:55:00,S0000,energy,residential,edge_residential,1,92.52366175801667,73.24394894731947,0,0
2026-01-01 02:55:00,S0001,structure,industrial,edge_industrial,2,0.2553418008265185,43.81020145527661,0,0
2026-01-01 02:55:00,S0002,energy,waterfront,edge_waterfront,1,81.2177761875077,66.17109607224229,0,0
2026-01-01 02:55:00,S0003,traffic,waterfront,edge_waterfront,2,38.46688126826539,39.75220315379622,0,0
2026-01-01 02:55:00,S0004,traffic,downtown,edge_downtown,2,35.32863908331376,50.28251619082748,0,0
2026-01-01 02:55:00,S0005,structure,residential,edge_residential,2,0.20035568370277995,46.770787554617144,0,0
2026-01-01 02:55:00,S0006,traffic,waterfront,edge_waterfront,2,56.180358396688135,35.57272448575597,1,0
2026-01-01 02:55:00,S0007,energy,waterfront,edge_waterfront,1,93.10753283823855,87.55082235709177,0,0
2026-01-01 02:55:00,S0008,energy,transit,edge_transit,1,83.92074092207011,93.49219372424503,0,0
2026-01-01 02:55:00,S0009,air_quality,transit,edge_transit,1,21.960900324916718,67.673905568502,0,0
2026-01-01 02:55:00,S0010,traffic,downtown,edge_downtown,2,38.006234741872355,46.61157704609947,0,0
2026-01-01 02:55:00,S0011,traffic,transit,edge_transit,2,28.545212007266358,54.41129252761927,0,0
2026-01-01 02:55:00,S0012,traffic,residential,edge_residential,2,38.24665662040131,52.799375839499575,0,0
2026-01-01 02:55:00,S0013,air_quality,downtown,edge_downtown,1,23.07914258224955,43.32057795513573,0,0
2026-01-01 02:55:00,S0014,air_quality,industrial,edge_industrial,1,23.31691784844271,67.62586752707567,0,0
2026-01-01 02:55:00,S0015,air_quality,residential,edge_residential,1,22.22217053732969,44.5285602669578,0,0
2026-01-01 02:55:00,S0016,structure,transit,edge_transit,2,0.28305153438623004,42.537770110459626,0,0
2026-01-01 02:55:00,S0017,energy,residential,edge_residential,1,78.85676489798581,55.92762731934448,0,0
2026-01-01 02:55:00,S0018,energy,transit,edge_transit,1,78.6533407172113,55.58575589318743,0,0
2026-01-01 02:55:00,S0019,structure,waterfront,edge_waterfront,2,0.32257559890598775,46.78850015536127,0,0
2026-01-01 02:55:00,S0020,traffic,transit,edge_transit,2,87.37743052541182,40.18693574247104,1,0
2026-01-01 02:55:00,S0021,traffic,industrial,edge_industrial,2,40.801822330462656,32.842353886584256,0,0
2026-01-01 02:55:00,S0022,energy,transit,edge_transit,1,84.34781967281553,70.84960646238277,0,0
2026-01-01 02:55:00,S0023,traffic,residential,edge_residential,2,40.370600163200955,26.141722092616313,0,0
2026-01-01 02:55:00,S0024,traffic,downtown,edge_downtown,2,33.17830794635591,57.941259169340945,0,0
2026-01-01 02:55:00,S0025,air_quality,downtown,edge_downtown,1,25.024647581687187,86.15455921715078,0,0
2026-01-01 02:55:00,S0026,air_quality,transit,edge_transit,1,21.494259819245965,53.52268372687652,0,0
2026-01-01 02:55:00,S0027,structure,industrial,edge_industrial,2,0.22996764934698177,37.344398776769815,0,0
2026-01-01 02:55:00,S0028,energy,residential,edge_residential,1,80.73172366244586,43.107511991458935,0,0
2026-01-01 02:55:00,S0029,air_quality,industrial,edge_industrial,1,22.558456776941846,43.01134309637276,0,0
2026-01-01 02:55:00,S0030,air_quality,industrial,edge_industrial,1,19.834442724680528,54.33043658745052,0,0
2026-01-01 02:55:00,S0031,traffic,downtown,edge_downtown,2,42.47053801384025,20.470590641028544,0,0
2026-01-01 02:55:00,S0032,traffic,industrial,edge_industrial,2,41.61663089521481,50.803307729490996,0,0
2026-01-01 02:55:00,S0033,traffic,waterfront,edge_waterfront,2,41.29577985006388,58.00740133648936,0,0
2026-01-01 02:55:00,S0034,energy,residential,edge_residential,1,78.39624675064886,53.16337163269712,0,0
2026-01-01 02:55:00,S0035,traffic,industrial,edge_industrial,2,31.089374912482395,51.43100233586057,0,0
2026-01-01 02:55:00,S0036,air_quality,residential,edge_residential,1,22.89382334811474,65.19212923520355,0,0
2026-01-01 02:55:00,S0037,traffic,waterfront,edge_waterfront,2,30.96135169711505,38.5269351059321,0,0
2026-01-01 02:55:00,S0038,energy,industrial,edge_industrial,1,75.02198891030598,80.41511903632853,0,0
2026-01-01 02:55:00,S0039,traffic,residential,edge_residential,2,32.49035424098121,39.37816067805039,0,0
2026-01-01 02:56:00,S0000,energy,residential,edge_residential,1,72.06314128168623,84.3839645868851,0,0
2026-01-01 02:56:00,S0001,structure,industrial,edge_industrial,2,0.3159651313518521,43.589322533607806,0,0
2026-01-01 02:56:00,S0002,energy,waterfront,edge_waterfront,1,85.2211311197601,94.31276023297887,0,0
2026-01-01 02:56:00,S0003,traffic,waterfront,edge_waterfront,2,31.8587947476644,18.912575579888692,0,0
2026-01-01 02:56:00,S0004,traffic,downtown,edge_downtown,2,31.60556933542306,47.03130997997877,0,0
2026-01-01 02:56:00,S0005,structure,residential,edge_residential,2,0.252665595681338,39.95021984844386,0,0
2026-01-01 02:56:00,S0006,traffic,waterfront,edge_waterfront,2,36.9114200110791,25.735741330047034,0,0
2026-01-01 02:56:00,S0007,energy,waterfront,edge_waterfront,1,90.97429020934732,91.73436205729395,0,0
2026-01-01 02:56:00,S0008,energy,transit,edge_transit,1,68.03071746085544,91.88283859400705,0,0
2026-01-01 02:56:00,S0009,air_quality,transit,edge_transit,1,20.436417936406396,87.22945843868284,0,0
2026-01-01 02:56:00,S0010,traffic,downtown,edge_downtown,2,35.575091559894126,42.15649257298687,0,0
2026-01-01 02:56:00,S0011,traffic,transit,edge_transit,2,30.43534052881831,49.15136198710631,0,0
2026-01-01 02:56:00,S0012,traffic,residential,edge_residential,2,26.815214923787217,34.505948721163875,0,0
2026-01-01 02:56:00,S0013,air_quality,downtown,edge_downtown,1,52.81880989503055,62.67398094835913,1,0
2026-01-01 02:56:00,S0014,air_quality,industrial,edge_industrial,1,20.513992453992266,87.7841818314808,0,0
2026-01-01 02:56:00,S0015,air_quality,residential,edge_residential,1,20.650507145303486,51.9781042087752,0,0
2026-01-01 02:56:00,S0016,structure,transit,edge_transit,2,0.3686586705700398,35.2175708504144,0,0
2026-01-01 02:56:00,S0017,energy,residential,edge_residential,1,76.55994725425765,90.90863033847518,0,0
2026-01-01 02:56:00,S0018,energy,transit,edge_transit,1,80.40519846481621,113.15287660955951,0,0
2026-01-01 02:56:00,S0019,structure,waterfront,edge_waterfront,2,,40.316551171152845,0,1
2026-01-01 02:56:00,S0020,traffic,transit,edge_transit,2,43.97684692364026,34.649822558430955,0,0
2026-01-01 02:56:00,S0021,traffic,industrial,edge_industrial,2,38.03453515833161,45.54477173311029,0,0
2026-01-01 02:56:00,S0022,energy,transit,edge_transit,1,,73.48965472352955,0,1
2026-01-01 02:56:00,S0023,traffic,residential,edge_residential,2,31.609821921038375,20.651265987660747,0,0
2026-01-01 02:56:00,S0024,traffic,downtown,edge_downtown,2,36.15545657608261,33.63798113802524,0,0
2026-01-01 02:56:00,S0025,air_quality,downtown,edge_downtown,1,24.11626777218548,74.23953795365618,0,0
2026-01-01 02:56:00,S0026,air_quality,transit,edge_transit,1,17.089589630807914,80.17440295122266,0,0
2026-01-01 02:56:00,S0027,structure,industrial,edge_industrial,2,0.23511177968073785,64.13871211477097,0,0
2026-01-01 02:56:00,S0028,energy,residential,edge_residential,1,84.62353584839158,68.37644877081117,0,0
2026-01-01 02:56:00,S0029,air_quality,industrial,edge_industrial,1,24.402799142195516,63.79021579336437,0,0
2026-01-01 02:56:00,S0030,air_quality,industrial,edge_industrial,1,20.394745091981992,62.67833486401907,0,0
2026-01-01 02:56:00,S0031,traffic,downtown,edge_downtown,2,38.583407701375634,43.81600360197338,0,0
2026-01-01 02:56:00,S0032,traffic,industrial,edge_industrial,2,27.78244319583435,39.4553226508976,0,0
2026-01-01 02:56:00,S0033,traffic,waterfront,edge_waterfront,2,34.65113296607323,49.65866229294721,0,0
2026-01-01 02:56:00,S0034,energy,residential,edge_residential,1,81.83998607733942,88.99927713725145,0,0
2026-01-01 02:56:00,S0035,traffic,industrial,edge_industrial,2,42.31659192436249,54.38333059349442,0,0
2026-01-01 02:56:00,S0036,air_quality,residential,edge_residential,1,18.249604578440508,60.95966577871592,0,0
2026-01-01 02:56:00,S0037,traffic,waterfront,edge_waterfront,2,37.80034160675291,26.615256680848056,0,0
2026-01-01 02:56:00,S0038,energy,industrial,edge_industrial,1,84.95180532249331,81.79705363534477,0,0
2026-01-01 02:56:00,S0039,traffic,residential,edge_residential,2,31.883504504747787,56.13245580242294,0,0
2026-01-01 02:57:00,S0000,energy,residential,edge_residential,1,85.79427116463775,72.51301509345926,0,0
2026-01-01 02:57:00,S0001,structure,industrial,edge_industrial,2,0.4884650860653502,40.029462230547715,1,0
2026-01-01 02:57:00,S0002,energy,waterfront,edge_waterfront,1,76.59709191034378,78.95250643578973,0,0
2026-01-01 02:57:00,S0003,traffic,waterfront,edge_waterfront,2,37.16272542957726,28.273689345246993,0,0
2026-01-01 02:57:00,S0004,traffic,downtown,edge_downtown,2,37.914285662225744,45.35380681952508,0,0
2026-01-01 02:57:00,S0005,structure,residential,edge_residential,2,0.2962511141468328,35.421644920844535,0,0
2026-01-01 02:57:00,S0006,traffic,waterfront,edge_waterfront,2,30.707002227124082,37.85253843197271,0,0
2026-01-01 02:57:00,S0007,energy,waterfront,edge_waterfront,1,77.5066435680576,115.98683308647921,0,0
2026-01-01 02:57:00,S0008,energy,transit,edge_transit,1,166.65431204490696,120.67923648673542,1,0
2026-01-01 02:57:00,S0009,air_quality,transit,edge_transit,1,22.262248513129236,60.016431449107706,0,0
2026-01-01 02:57:00,S0010,traffic,downtown,edge_downtown,2,36.49014661262706,58.0619302487638,0,0
2026-01-01 02:57:00,S0011,traffic,transit,edge_transit,2,41.95294499816049,35.88167430505014,0,0
2026-01-01 02:57:00,S0012,traffic,residential,edge_residential,2,36.18547313484465,34.34841491069139,0,0
2026-01-01 02:57:00,S0013,air_quality,downtown,edge_downtown,1,25.18477980403845,67.80069601758291,0,0
2026-01-01 02:57:00,S0014,air_quality,industrial,edge_industrial,1,24.555153592656524,65.12925220534483,0,0
2026-01-01 02:57:00,S0015,air_quality,residential,edge_residential,1,21.846393958241386,52.447524449827746,0,0
2026-01-01 02:57:00,S0016,structure,transit,edge_transit,2,0.22239837819309777,26.789110157055234,0,0
2026-01-01 02:57:00,S0017,energy,residential,edge_residential,1,78.13828856630772,87.2994400727136,0,0
2026-01-01 02:57:00,S0018,energy,transit,edge_transit,1,117.4389701466013,89.83647617132772,1,0
2026-01-01 02:57:00,S0019,structure,waterfront,edge_waterfront,2,0.30806847352833144,33.78720643440102,0,0
2026-01-01 02:57:00,S0020,traffic,transit,edge_transit,2,46.176788251155585,31.54826796834061,0,0
2026-01-01 02:57:00,S0021,traffic,industrial,edge_industrial,2,35.40689617140021,39.261571130319886,0,0
2026-01-01 02:57:00,S0022,energy,transit,edge_transit,1,83.54636592856292,99.26532379735272,0,0
2026-01-01 02:57:00,S0023,traffic,residential,edge_residential,2,29.462354543715815,60.912317873882195,0,0
2026-01-01 02:57:00,S0024,traffic,downtown,edge_downtown,2,41.85806107630862,32.65845174122441,0,0
2026-01-01 02:57:00,S0025,air_quality,downtown,edge_downtown,1,19.886768002646892,47.555624555561266,0,0
2026-01-01 02:57:00,S0026,air_quality,transit,edge_transit,1,20.060510568918005,58.253386091730135,0,0
2026-01-01 02:57:00,S0027,structure,industrial,edge_industrial,2,0.29010260346732936,50.8271317230045,0,0
2026-01-01 02:57:00,S0028,energy,residential,edge_residential,1,85.75040956683158,87.3342554797517,0,0
2026-01-01 02:57:00,S0029,air_quality,industrial,edge_industrial,1,20.677637642497572,64.40192326112691,0,0
2026-01-01 02:57:00,S0030,air_quality,industrial,edge_industrial,1,20.10698622793533,59.686325507118426,0,0
2026-01-01 02:57:00,S0031,traffic,downtown,edge_downtown,2,33.89917182675237,64.85471531029484,0,0
2026-01-01 02:57:00,S0032,traffic,industrial,edge_industrial,2,37.14204723973042,50.77770856357601,0,0
2026-01-01 02:57:00,S0033,traffic,waterfront,edge_waterfront,2,29.768263739780345,51.60401096995183,0,0
2026-01-01 02:57:00,S0034,energy,residential,edge_residential,1,73.88849682929808,76.12271226400371,0,0
2026-01-01 02:57:00,S0035,traffic,industrial,edge_industrial,2,38.71125891920871,47.43843527457552,0,0
2026-01-01 02:57:00,S0036,air_quality,residential,edge_residential,1,23.46306436708893,76.75039394679258,0,0
2026-01-01 02:57:00,S0037,traffic,waterfront,edge_waterfront,2,25.359831002590678,39.20343426023132,0,0
2026-01-01 02:57:00,S0038,energy,industrial,edge_industrial,1,91.3720971836269,96.41617255227479,0,0
2026-01-01 02:57:00,S0039,traffic,residential,edge_residential,2,39.24310060621577,46.77598153989981,0,0
2026-01-01 02:58:00,S0000,energy,residential,edge_residential,1,79.97671119316965,63.83684953269205,0,0
2026-01-01 02:58:00,S0001,structure,industrial,edge_industrial,2,0.2597448439542368,44.27864528910888,0,0
2026-01-01 02:58:00,S0002,energy,waterfront,edge_waterfront,1,73.53279193674692,82.46441150752003,0,0
2026-01-01 02:58:00,S0003,traffic,waterfront,edge_waterfront,2,37.25924103618512,45.96722325699381,0,0
2026-01-01 02:58:00,S0004,traffic,downtown,edge_downtown,2,32.386903065849026,49.35764466307109,0,0
2026-01-01 02:58:00,S0005,structure,residential,edge_residential,2,0.26149669485456717,23.039105605187917,0,0
2026-01-01 02:58:00,S0006,traffic,waterfront,edge_waterfront,2,30.411441174347786,52.239048140480364,0,0
2026-01-01 02:58:00,S0007,energy,waterfront,edge_waterfront,1,77.9804736959197,71.14917233507079,0,0
2026-01-01 02:58:00,S0008,energy,transit,edge_transit,1,75.94222669647493,68.16152564503845,0,0
2026-01-01 02:58:00,S0009,air_quality,transit,edge_transit,1,18.007877342898574,102.2018926622432,0,0
2026-01-01 02:58:00,S0010,traffic,downtown,edge_downtown,2,31.26493483715913,29.268356614009072,0,0
2026-01-01 02:58:00,S0011,traffic,transit,edge_transit,2,41.15761742208788,28.491458990570088,0,0
2026-01-01 02:58:00,S0012,traffic,residential,edge_residential,2,37.80325067467043,37.38564835414569,0,0
2026-01-01 02:58:00,S0013,air_quality,downtown,edge_downtown,1,21.73367678467961,74.74462264605245,0,0
2026-01-01 02:58:00,S0014,air_quality,industrial,edge_industrial,1,20.020719694270397,27.174381045601578,0,0
2026-01-01 02:58:00,S0015,air_quality,residential,edge_residential,1,21.40649197449548,65.42190838506146,0,0
2026-01-01 02:58:00,S0016,structure,transit,edge_transit,2,0.23456783553227256,40.36614889400851,0,0
2026-01-01 02:58:00,S0017,energy,residential,edge_residential,1,82.1897752126359,84.82211584099697,0,0
2026-01-01 02:58:00,S0018,energy,transit,edge_transit,1,,93.2685758727781,0,1
2026-01-01 02:58:00,S0019,structure,waterfront,edge_waterfront,2,0.18195684534061263,35.92548708976844,0,0
2026-01-01 02:58:00,S0020,traffic,transit,edge_transit,2,32.228882267915104,18.887821208074023,0,0
2026-01-01 02:58:00,S0021,traffic,industrial,edge_industrial,2,31.97912686505616,38.309424485554146,0,0
2026-01-01 02:58:00,S0022,energy,transit,edge_transit,1,90.81158484413467,100.18169723742643,0,0
2026-01-01 02:58:00,S0023,traffic,residential,edge_residential,2,34.675160962745075,42.587401620752814,0,0
2026-01-01 02:58:00,S0024,traffic,downtown,edge_downtown,2,33.352116661442565,27.3666960704792,0,0
2026-01-01 02:58:00,S0025,air_quality,downtown,edge_downtown,1,22.1659464605736,32.28295836274958,0,0
2026-01-01 02:58:00,S0026,air_quality,transit,edge_transit,1,24.27564161685531,31.808135791258046,0,0
2026-01-01 02:58:00,S0027,structure,industrial,edge_industrial,2,0.2598696967433612,30.705067744529895,0,0
2026-01-01 02:58:00,S0028,energy,residential,edge_residential,1,72.5239409192599,53.88301555932283,0,0
2026-01-01 02:58:00,S0029,air_quality,industrial,edge_industrial,1,22.919544179575567,74.80856305160589,0,0
2026-01-01 02:58:00,S0030,air_quality,industrial,edge_industrial,1,19.594919069568633,52.01397595516268,0,0
2026-01-01 02:58:00,S0031,traffic,downtown,edge_downtown,2,30.806139146798813,49.7904209650855,0,0
2026-01-01 02:58:00,S0032,traffic,industrial,edge_industrial,2,37.9734073895808,29.159331189881748,0,0
2026-01-01 02:58:00,S0033,traffic,waterfront,edge_waterfront,2,35.65586849771817,47.78206206213609,0,0
2026-01-01 02:58:00,S0034,energy,residential,edge_residential,1,77.7860106937196,55.56099145579462,0,0
2026-01-01 02:58:00,S0035,traffic,industrial,edge_industrial,2,34.85675590659176,50.89827368150556,0,0
2026-01-01 02:58:00,S0036,air_quality,residential,edge_residential,1,24.943858981472395,50.06066164484453,0,0
2026-01-01 02:58:00,S0037,traffic,waterfront,edge_waterfront,2,24.74565321027804,26.750602772383466,0,0
2026-01-01 02:58:00,S0038,energy,industrial,edge_industrial,1,76.40737089581707,88.1033304024244,0,0
2026-01-01 02:58:00,S0039,traffic,residential,edge_residential,2,34.784947771140665,35.16709587048315,0,0
2026-01-01 02:59:00,S0000,energy,residential,edge_residential,1,80.47604248605609,78.77842935225335,0,0
2026-01-01 02:59:00,S0001,structure,industrial,edge_industrial,2,0.21484038854125148,51.75220001390772,0,0
2026-01-01 02:59:00,S0002,energy,waterfront,edge_waterfront,1,86.57566516180513,60.569527604254034,0,0
2026-01-01 02:59:00,S0003,traffic,waterfront,edge_waterfront,2,41.421330410615795,50.99885482370775,0,0
2026-01-01 02:59:00,S0004,traffic,downtown,edge_downtown,2,41.5447702991173,44.426633033336074,0,0
2026-01-01 02:59:00,S0005,structure,residential,edge_residential,2,0.24238764356252301,44.042311666513456,0,0
2026-01-01 02:59:00,S0006,traffic,waterfront,edge_waterfront,2,36.54838433526186,48.77139924750395,0,0
2026-01-01 02:59:00,S0007,energy,waterfront,edge_waterfront,1,82.29255233586778,81.10741588536938,0,0
2026-01-01 02:59:00,S0008,energy,transit,edge_transit,1,72.95996558127847,54.25645135055395,0,0
2026-01-01 02:59:00,S0009,air_quality,transit,edge_transit,1,23.913238271988234,65.70102400949388,0,0
2026-01-01 02:59:00,S0010,traffic,downtown,edge_downtown,2,33.078561254198284,31.680074643317646,0,0
2026-01-01 02:59:00,S0011,traffic,transit,edge_transit,2,33.56014620265267,33.71998221681751,0,0
2026-01-01 02:59:00,S0012,traffic,residential,edge_residential,2,35.76575919033171,34.43888158361926,0,0
2026-01-01 02:59:00,S0013,air_quality,downtown,edge_downtown,1,23.760182337397357,51.60564765698058,0,0
2026-01-01 02:59:00,S0014,air_quality,industrial,edge_industrial,1,18.330894133180163,81.67312641599644,0,0
2026-01-01 02:59:00,S0015,air_quality,residential,edge_residential,1,23.16453173426891,115.59488155568391,0,0
2026-01-01 02:59:00,S0016,structure,transit,edge_transit,2,0.43128156729852357,33.610836328684556,1,0
2026-01-01 02:59:00,S0017,energy,residential,edge_residential,1,81.2595634384654,68.77774377283195,0,0
2026-01-01 02:59:00,S0018,energy,transit,edge_transit,1,81.68113599914359,87.19414675502858,0,0
2026-01-01 02:59:00,S0019,structure,waterfront,edge_waterfront,2,0.26136945424326125,40.852695826590804,0,0
2026-01-01 02:59:00,S0020,traffic,transit,edge_transit,2,39.03500891575662,47.86717434665543,0,0
2026-01-01 02:59:00,S0021,traffic,industrial,edge_industrial,2,26.514986159150304,41.069454329961424,0,0
2026-01-01 02:59:00,S0022,energy,transit,edge_transit,1,78.01014412638636,80.68773518851174,0,0
2026-01-01 02:59:00,S0023,traffic,residential,edge_residential,2,99.20827148550636,41.11767531854579,1,0
2026-01-01 02:59:00,S0024,traffic,downtown,edge_downtown,2,40.85360537580647,39.56186753618617,0,0
2026-01-01 02:59:00,S0025,air_quality,downtown,edge_downtown,1,20.136092307034524,68.73814755375471,0,0
2026-01-01 02:59:00,S0026,air_quality,transit,edge_transit,1,22.406479489241423,78.95609146537373,0,0
2026-01-01 02:59:00,S0027,structure,industrial,edge_industrial,2,0.29877103608524713,36.31899636974668,0,0
2026-01-01 02:59:00,S0028,energy,residential,edge_residential,1,81.9673437541957,83.14091228367175,0,0
2026-01-01 02:59:00,S0029,air_quality,industrial,edge_industrial,1,22.161396571687867,66.07499054657983,0,0
2026-01-01 02:59:00,S0030,air_quality,industrial,edge_industrial,1,25.637410897840923,67.64322672899848,0,0
2026-01-01 02:59:00,S0031,traffic,downtown,edge_downtown,2,35.885118196742006,41.36924462459554,0,0
2026-01-01 02:59:00,S0032,traffic,industrial,edge_industrial,2,40.22198361917225,46.58405085762368,0,0
2026-01-01 02:59:00,S0033,traffic,waterfront,edge_waterfront,2,35.09270393682822,30.573810840585818,0,0
2026-01-01 02:59:00,S0034,energy,residential,edge_residential,1,80.85334984691144,47.217077486502255,0,0
2026-01-01 02:59:00,S0035,traffic,industrial,edge_industrial,2,35.61684303347012,45.78005470556063,0,0
2026-01-01 02:59:00,S0036,air_quality,residential,edge_residential,1,19.321468954006942,53.26081389560141,0,0
2026-01-01 02:59:00,S0037,traffic,waterfront,edge_waterfront,2,32.5732527809323,45.81281046519887,0,0
2026-01-01 02:59:00,S0038,energy,industrial,edge_industrial,1,74.91007942813832,83.26551606599455,0,0
2026-01-01 02:59:00,S0039,traffic,residential,edge_residential,2,34.30219968146611,43.31345887979563,0,0
2026-01-01 03:00:00,S0000,energy,residential,edge_residential,1,71.90741878636125,79.90069196995441,0,0
2026-01-01 03:00:00,S0001,structure,industrial,edge_industrial,2,0.20477561001481126,27.88366955596308,0,0
2026-01-01 03:00:00,S0002,energy,waterfront,edge_waterfront,1,87.23752359373907,67.59156653303941,0,0
2026-01-01 03:00:00,S0003,traffic,waterfront,edge_waterfront,2,40.63931435552066,29.33733992570459,0,0
2026-01-01 03:00:00,S0004,traffic,downtown,edge_downtown,2,40.216094827079885,42.14879978242294,0,0
2026-01-01 03:00:00,S0005,structure,residential,edge_residential,2,0.3147921201936532,41.007121698536075,0,0
2026-01-01 03:00:00,S0006,traffic,waterfront,edge_waterfront,2,27.289693734814577,62.8071869365262,0,0
2026-01-01 03:00:00,S0007,energy,waterfront,edge_waterfront,1,83.7440219237029,61.365867407441854,0,0
2026-01-01 03:00:00,S0008,energy,transit,edge_transit,1,74.67356004569598,38.94956473489557,0,0
2026-01-01 03:00:00,S0009,air_quality,transit,edge_transit,1,24.890728577216024,47.90062550566772,0,0
2026-01-01 03:00:00,S0010,traffic,downtown,edge_downtown,2,55.41823188216223,48.4992285243964,1,0
2026-01-01 03:00:00,S0011,traffic,transit,edge_transit,2,36.44210004635259,37.69591723009474,0,0
2026-01-01 03:00:00,S0012,traffic,residential,edge_residential,2,29.819864395674763,43.98063420618134,0,0
2026-01-01 03:00:00,S0013,air_quality,downtown,edge_downtown,1,22.942390894080688,64.38502085389922,0,0
2026-01-01 03:00:00,S0014,air_quality,industrial,edge_industrial,1,17.75510678508887,64.5850442527193,0,0
2026-01-01 03:00:00,S0015,air_quality,residential,edge_residential,1,23.88943300672489,55.09132644378782,0,0
2026-01-01 03:00:00,S0016,structure,transit,edge_transit,2,0.2606211010135055,21.84845413897402,0,0
2026-01-01 03:00:00,S0017,energy,residential,edge_residential,1,74.72235360650713,105.88343462947506,0,0
2026-01-01 03:00:00,S0018,energy,transit,edge_transit,1,79.2816071789119,67.29415229465005,0,0
2026-01-01 03:00:00,S0019,structure,waterfront,edge_waterfront,2,0.34579252201031174,36.79382614095843,0,0
2026-01-01 03:00:00,S0020,traffic,transit,edge_transit,2,37.05439184719929,53.189241162606734,0,0
2026-01-01 03:00:00,S0021,traffic,industrial,edge_industrial,2,32.97698900757668,45.24644665595433,0,0
2026-01-01 03:00:00,S0022,energy,transit,edge_transit,1,85.27356333099537,96.34266274798495,0,0
2026-01-01 03:00:00,S0023,traffic,residential,edge_residential,2,33.953229018589425,44.683301516206065,0,0
2026-01-01 03:00:00,S0024,traffic,downtown,edge_downtown,2,32.799959196200206,39.95298590515113,0,0
2026-01-01 03:00:00,S0025,air_quality,downtown,edge_downtown,1,48.95394604142749,89.0266809995727,1,0
2026-01-01 03:00:00,S0026,air_quality,transit,edge_transit,1,20.128536372633064,70.25777130520433,0,0
2026-01-01 03:00:00,S0027,structure,industrial,edge_industrial,2,0.25266393443037044,26.59051882513883,0,0
2026-01-01 03:00:00,S0028,energy,residential,edge_residential,1,81.87533513757819,110.18657742533375,0,0
2026-01-01 03:00:00,S0029,air_quality,industrial,edge_industrial,1,21.098721981646783,63.995449526864675,0,0
2026-01-01 03:00:00,S0030,air_quality,industrial,edge_industrial,1,20.32613830296838,49.227922412042965,0,0
2026-01-01 03:00:00,S0031,traffic,downtown,edge_downtown,2,29.77770505104705,16.859160037235448,0,0
2026-01-01 03:00:00,S0032,traffic,industrial,edge_industrial,2,33.29291175132968,48.57785197450469,0,0
2026-01-01 03:00:00,S0033,traffic,waterfront,edge_waterfront,2,31.85424807147878,43.0602416106092,0,0
2026-01-01 03:00:00,S0034,energy,residential,edge_residential,1,76.32494183673373,99.63978017960383,0,0
2026-01-01 03:00:00,S0035,traffic,industrial,edge_industrial,2,34.036407058830825,43.17951341855995,0,0
2026-01-01 03:00:00,S0036,air_quality,residential,edge_residential,1,23.002861326364254,71.20325303419298,0,0
2026-01-01 03:00:00,S0037,traffic,waterfront,edge_waterfront,2,36.431759366097765,58.88230163107353,0,0
2026-01-01 03:00:00,S0038,energy,industrial,edge_industrial,1,80.86059960761769,56.44747567045499,0,0
2026-01-01 03:00:00,S0039,traffic,residential,edge_residential,2,46.26253634273999,54.72875732726836,0,0
2026-01-01 03:01:00,S0000,energy,residential,edge_residential,1,77.89161775800423,78.357651901362,0,0
2026-01-01 03:01:00,S0001,structure,industrial,edge_industrial,2,0.20134861064434173,33.65564634507289,0,0
2026-01-01 03:01:00,S0002,energy,waterfront,edge_waterfront,1,82.87321597064624,83.27595789295894,0,0
2026-01-01 03:01:00,S0003,traffic,waterfront,edge_waterfront,2,32.5552772976082,33.37448619510171,0,0
2026-01-01 03:01:00,S0004,traffic,downtown,edge_downtown,2,35.74409483177287,47.40799605809179,0,0
2026-01-01 03:01:00,S0005,structure,residential,edge_residential,2,0.2171186945463866,25.52797758390907,0,0
2026-01-01 03:01:00,S0006,traffic,waterfront,edge_waterfront,2,30.81463700219338,40.71254417725066,0,0
2026-01-01 03:01:00,S0007,energy,waterfront,edge_waterfront,1,76.49640885930295,86.28304558906522,0,0
2026-01-01 03:01:00,S0008,energy,transit,edge_transit,1,92.00512229175543,74.75555669323747,0,0
2026-01-01 03:01:00,S0009,air_quality,transit,edge_transit,1,18.475833290535537,74.20111758221249,0,0
2026-01-01 03:01:00,S0010,traffic,downtown,edge_downtown,2,35.69094184997863,31.075178460325084,0,0
2026-01-01 03:01:00,S0011,traffic,transit,edge_transit,2,37.54957870841146,39.73401864544772,0,0
2026-01-01 03:01:00,S0012,traffic,residential,edge_residential,2,34.90028603714209,34.52024324038242,0,0
2026-01-01 03:01:00,S0013,air_quality,downtown,edge_downtown,1,21.895601345176786,49.878879199473886,0,0
2026-01-01 03:01:00,S0014,air_quality,industrial,edge_industrial,1,24.80369716437416,57.4764889624398,0,0
2026-01-01 03:01:00,S0015,air_quality,residential,edge_residential,1,19.54671647452433,39.56041943960647,0,0
2026-01-01 03:01:00,S0016,structure,transit,edge_transit,2,0.1653623473609765,45.231534504168415,0,0
2026-01-01 03:01:00,S0017,energy,residential,edge_residential,1,83.61587337061307,120.15299210225035,0,0
2026-01-01 03:01:00,S0018,energy,transit,edge_transit,1,79.5026651643368,70.16975689595695,0,0
2026-01-01 03:01:00,S0019,structure,waterfront,edge_waterfront,2,0.26585947759646233,34.46735162825484,0,0
2026-01-01 03:01:00,S0020,traffic,transit,edge_transit,2,43.6189717204303,31.419057142272806,0,0
2026-01-01 03:01:00,S0021,traffic,industrial,edge_industrial,2,34.21771722171384,23.636404349277115,0,0
2026-01-01 03:01:00,S0022,energy,transit,edge_transit,1,81.96063977585808,72.8296795522188,0,0
2026-01-01 03:01:00,S0023,traffic,residential,edge_residential,2,34.61132333596491,40.06375365519987,0,0
2026-01-01 03:01:00,S0024,traffic,downtown,edge_downtown,2,33.01095659084064,33.45944013044321,0,0
2026-01-01 03:01:00,S0025,air_quality,downtown,edge_downtown,1,40.59386697653664,71.40882677806594,1,0
2026-01-01 03:01:00,S0026,air_quality,transit,edge_transit,1,21.548845214480057,42.24436408955316,0,0
2026-01-01 03:01:00,S0027,structure,industrial,edge_industrial,2,0.2981583537070509,53.80995655170184,0,0
2026-01-01 03:01:00,S0028,energy,residential,edge_residential,1,84.13858452027937,88.77048138845782,0,0
2026-01-01 03:01:00,S0029,air_quality,industrial,edge_industrial,1,20.842964857518382,43.07459775173652,0,0
2026-01-01 03:01:00,S0030,air_quality,industrial,edge_industrial,1,21.93374293086936,71.92215376477564,0,0
2026-01-01 03:01:00,S0031,traffic,downtown,edge_downtown,2,85.4672566263197,27.335474950729804,1,0
2026-01-01 03:01:00,S0032,traffic,industrial,edge_industrial,2,36.56298788804936,22.397981664372665,0,0
2026-01-01 03:01:00,S0033,traffic,waterfront,edge_waterfront,2,41.843657217320946,27.838701603304205,0,0
2026-01-01 03:01:00,S0034,energy,residential,edge_residential,1,84.13465999843723,79.9464574830037,0,0
2026-01-01 03:01:00,S0035,traffic,industrial,edge_industrial,2,41.765452976545255,38.99827707461677,0,0
2026-01-01 03:01:00,S0036,air_quality,residential,edge_residential,1,16.528399106714005,52.162258940353595,0,0
2026-01-01 03:01:00,S0037,traffic,waterfront,edge_waterfront,2,37.887041517369624,45.410306582587246,0,0
2026-01-01 03:01:00,S0038,energy,industrial,edge_industrial,1,74.30728801527148,94.91591918043056,0,0
2026-01-01 03:01:00,S0039,traffic,residential,edge_residential,2,36.58029075464377,46.68644284543464,0,0
2026-01-01 03:02:00,S0000,energy,residential,edge_residential,1,85.15794031797948,42.44575757695769,0,0
2026-01-01 03:02:00,S0001,structure,industrial,edge_industrial,2,0.3089984372857777,24.808950134263718,0,0
2026-01-01 03:02:00,S0002,energy,waterfront,edge_waterfront,1,77.04603379712994,59.891643276903785,0,0
2026-01-01 03:02:00,S0003,traffic,waterfront,edge_waterfront,2,34.61267179069553,49.944988035399994,0,0
2026-01-01 03:02:00,S0004,traffic,downtown,edge_downtown,2,38.49407992917443,24.337450187958783,0,0
2026-01-01 03:02:00,S0005,structure,residential,edge_residential,2,0.2917080004326801,38.64574169262035,0,0
2026-01-01 03:02:00,S0006,traffic,waterfront,edge_waterfront,2,38.08571884673984,24.353223726229178,0,0
2026-01-01 03:02:00,S0007,energy,waterfront,edge_waterfront,1,74.74812278711092,101.7660988402113,0,0
2026-01-01 03:02:00,S0008,energy,transit,edge_transit,1,71.740624771625,48.53458306323479,0,0
2026-01-01 03:02:00,S0009,air_quality,transit,edge_transit,1,22.08146758977643,69.32208338131696,0,0
2026-01-01 03:02:00,S0010,traffic,downtown,edge_downtown,2,34.25837038592742,45.106903710965675,0,0
2026-01-01 03:02:00,S0011,traffic,transit,edge_transit,2,40.30856816709345,34.28662385437241,0,0
2026-01-01 03:02:00,S0012,traffic,residential,edge_residential,2,34.55205613696311,39.328541193225206,0,0
2026-01-01 03:02:00,S0013,air_quality,downtown,edge_downtown,1,23.363927043082764,70.95445784803285,0,0
2026-01-01 03:02:00,S0014,air_quality,industrial,edge_industrial,1,23.59644264119585,46.05798580998705,0,0
2026-01-01 03:02:00,S0015,air_quality,residential,edge_residential,1,18.60069410457001,74.20680615676042,0,0
2026-01-01 03:02:00,S0016,structure,transit,edge_transit,2,0.2593994801272681,41.0249883897843,0,0
2026-01-01 03:02:00,S0017,energy,residential,edge_residential,1,76.11532198933557,78.04367048860144,0,0
2026-01-01 03:02:00,S0018,energy,transit,edge_transit,1,82.29916668875369,101.00154127078923,0,0
2026-01-01 03:02:00,S0019,structure,waterfront,edge_waterfront,2,0.22039995210929947,49.96700656300144,0,0
2026-01-01 03:02:00,S0020,traffic,transit,edge_transit,2,23.049460947268248,31.81987649497693,0,0
2026-01-01 03:02:00,S0021,traffic,industrial,edge_industrial,2,29.453917562240758,54.317207701932546,0,0
2026-01-01 03:02:00,S0022,energy,transit,edge_transit,1,67.9268829622013,25.83128916255214,0,0
2026-01-01 03:02:00,S0023,traffic,residential,edge_residential,2,39.04736736826145,39.433977142179494,0,0
2026-01-01 03:02:00,S0024,traffic,downtown,edge_downtown,2,29.912165530816395,53.5419638662646,0,0
2026-01-01 03:02:00,S0025,air_quality,downtown,edge_downtown,1,24.659185177868903,73.55936277719043,0,0
2026-01-01 03:02:00,S0026,air_quality,transit,edge_transit,1,19.99764909425425,59.269654388900015,0,0
2026-01-01 03:02:00,S0027,structure,industrial,edge_industrial,2,0.20982613385275872,45.712643203064715,0,0
2026-01-01 03:02:00,S0028,energy,residential,edge_residential,1,90.42557817191712,61.734166602351074,0,0
2026-01-01 03:02:00,S0029,air_quality,industrial,edge_industrial,1,22.401657739151084,54.645661503366114,0,0
2026-01-01 03:02:00,S0030,air_quality,industrial,edge_industrial,1,19.091073697770447,55.19517281353463,0,0
2026-01-01 03:02:00,S0031,traffic,downtown,edge_downtown,2,33.79555395216407,46.261668430105594,0,0
2026-01-01 03:02:00,S0032,traffic,industrial,edge_industrial,2,47.35448645121623,39.41818605907894,1,0
2026-01-01 03:02:00,S0033,traffic,waterfront,edge_waterfront,2,34.50221810596695,55.005625629052595,0,0
2026-01-01 03:02:00,S0034,energy,residential,edge_residential,1,115.18750208595888,54.193124166546056,1,0
2026-01-01 03:02:00,S0035,traffic,industrial,edge_industrial,2,35.49431437575274,22.044723196847094,0,0
2026-01-01 03:02:00,S0036,air_quality,residential,edge_residential,1,24.409582714417244,52.04160268411255,1,0
2026-01-01 03:02:00,S0037,traffic,waterfront,edge_waterfront,2,33.54031432332772,31.440293203322646,0,0
2026-01-01 03:02:00,S0038,energy,industrial,edge_industrial,1,73.28941960037018,49.08741917305751,0,0
2026-01-01 03:02:00,S0039,traffic,residential,edge_residential,2,33.686654250036874,38.34568801148026,0,0
2026-01-01 03:03:00,S0000,energy,residential,edge_residential,1,80.24965891926921,77.05192744089207,0,0
2026-01-01 03:03:00,S0001,structure,industrial,edge_industrial,2,0.3453322929236033,53.37727294405953,0,0
2026-01-01 03:03:00,S0002,energy,waterfront,edge_waterfront,1,83.18509908390588,54.81402049043636,0,0
2026-01-01 03:03:00,S0003,traffic,waterfront,edge_waterfront,2,29.00715038296042,37.41722853717462,0,0
2026-01-01 03:03:00,S0004,traffic,downtown,edge_downtown,2,38.282191843935564,55.635898117490804,0,0
2026-01-01 03:03:00,S0005,structure,residential,edge_residential,2,0.24090498975526373,44.479126843575294,0,0
2026-01-01 03:03:00,S0006,traffic,waterfront,edge_waterfront,2,31.961315996447517,50.52410729431216,0,0
2026-01-01 03:03:00,S0007,energy,waterfront,edge_waterfront,1,91.82022965990542,108.41914044100989,0,0
2026-01-01 03:03:00,S0008,energy,transit,edge_transit,1,77.56906736406442,77.26116502310553,0,0
2026-01-01 03:03:00,S0009,air_quality,transit,edge_transit,1,25.5867512591342,78.13589844944207,0,0
2026-01-01 03:03:00,S0010,traffic,downtown,edge_downtown,2,44.084559920292534,41.56058196407726,0,0
2026-01-01 03:03:00,S0011,traffic,transit,edge_transit,2,26.364192778564835,53.19723293082692,0,0
2026-01-01 03:03:00,S0012,traffic,residential,edge_residential,2,57.42832669274003,45.718317108798566,1,0
2026-01-01 03:03:00,S0013,air_quality,downtown,edge_downtown,1,23.299348475528266,75.46697686599957,0,0
2026-01-01 03:03:00,S0014,air_quality,industrial,edge_industrial,1,19.891864589967085,84.36326465031719,0,0
2026-01-01 03:03:00,S0015,air_quality,residential,edge_residential,1,25.64748954975743,45.2289103390726,0,0
2026-01-01 03:03:00,S0016,structure,transit,edge_transit,2,0.264311367349921,44.19065911807101,0,0
2026-01-01 03:03:00,S0017,energy,residential,edge_residential,1,190.3958585931948,65.43028236423781,1,0
2026-01-01 03:03:00,S0018,energy,transit,edge_transit,1,85.32576620723762,81.27855899808453,0,0
2026-01-01 03:03:00,S0019,structure,waterfront,edge_waterfront,2,0.2731906147944728,42.21516732178013,0,0
2026-01-01 03:03:00,S0020,traffic,transit,edge_transit,2,32.26258497090692,32.79713758425544,0,0
2026-01-01 03:03:00,S0021,traffic,industrial,edge_industrial,2,36.70285714747815,51.98100483755521,0,0
2026-01-01 03:03:00,S0022,energy,transit,edge_transit,1,78.86382002587617,103.26684932138204,0,0
2026-01-01 03:03:00,S0023,traffic,residential,edge_residential,2,29.590615952056627,40.30371965141173,0,0
2026-01-01 03:03:00,S0024,traffic,downtown,edge_downtown,2,34.575579831140516,43.221714167867624,0,0
2026-01-01 03:03:00,S0025,air_quality,downtown,edge_downtown,1,19.03703552169517,93.87475440276796,0,0
2026-01-01 03:03:00,S0026,air_quality,transit,edge_transit,1,16.849961963407114,73.31432992813862,0,0
2026-01-01 03:03:00,S0027,structure,industrial,edge_industrial,2,0.22299628750040382,36.09724847013779,0,0
2026-01-01 03:03:00,S0028,energy,residential,edge_residential,1,84.81922266866201,86.89505473857996,0,0
2026-01-01 03:03:00,S0029,air_quality,industrial,edge_industrial,1,14.28842060366081,64.94445620843182,0,0
2026-01-01 03:03:00,S0030,air_quality,industrial,edge_industrial,1,26.971906232535527,83.78735707381638,0,0
2026-01-01 03:03:00,S0031,traffic,downtown,edge_downtown,2,34.40311593989043,36.04511222547911,0,0
2026-01-01 03:03:00,S0032,traffic,industrial,edge_industrial,2,36.47904138429259,31.337228154870147,0,0
2026-01-01 03:03:00,S0033,traffic,waterfront,edge_waterfront,2,29.7104028011913,35.01180581878913,0,0
2026-01-01 03:03:00,S0034,energy,residential,edge_residential,1,67.83427459407469,90.34646098008162,0,0
2026-01-01 03:03:00,S0035,traffic,industrial,edge_industrial,2,41.22670167178039,31.1825259899287,0,0
2026-01-01 03:03:00,S0036,air_quality,residential,edge_residential,1,21.291320387033014,81.30696473003705,0,0
2026-01-01 03:03:00,S0037,traffic,waterfront,edge_waterfront,2,31.036001861516322,47.837143503888974,0,0
2026-01-01 03:03:00,S0038,energy,industrial,edge_industrial,1,75.85662972492027,69.8919631977252,0,0
2026-01-01 03:03:00,S0039,traffic,residential,edge_residential,2,37.77004999343118,41.90494308133633,0,0
2026-01-01 03:04:00,S0000,energy,residential,edge_residential,1,81.27642322755077,62.89774619416888,0,0
2026-01-01 03:04:00,S0001,structure,industrial,edge_industrial,2,0.2701839188810541,50.32025667066641,0,0
2026-01-01 03:04:00,S0002,energy,waterfront,edge_waterfront,1,81.44596122467836,73.4169799660931,0,0
2026-01-01 03:04:00,S0003,traffic,waterfront,edge_waterfront,2,43.86085715354627,35.82330788893005,0,0
2026-01-01 03:04:00,S0004,traffic,downtown,edge_downtown,2,34.09610778723633,28.94847122308126,0,0
2026-01-01 03:04:00,S0005,structure,residential,edge_residential,2,0.26163169397969,36.69130817278006,0,0
2026-01-01 03:04:00,S0006,traffic,waterfront,edge_waterfront,2,30.64218686544784,52.631378672499,0,0
2026-01-01 03:04:00,S0007,energy,waterfront,edge_waterfront,1,86.77328621336328,80.42562540897632,0,0
2026-01-01 03:04:00,S0008,energy,transit,edge_transit,1,88.3432955970728,89.28156448479004,0,0
2026-01-01 03:04:00,S0009,air_quality,transit,edge_transit,1,22.798764868485343,60.89590113560008,0,0
2026-01-01 03:04:00,S0010,traffic,downtown,edge_downtown,2,38.69312222581938,21.392566025587833,0,0
2026-01-01 03:04:00,S0011,traffic,transit,edge_transit,2,32.68267925091042,51.67298978413424,0,0
2026-01-01 03:04:00,S0012,traffic,residential,edge_residential,2,42.92248115325055,37.617360507770165,0,0
2026-01-01 03:04:00,S0013,air_quality,downtown,edge_downtown,1,22.116903629149178,65.97378605353927,0,0
2026-01-01 03:04:00,S0014,air_quality,industrial,edge_industrial,1,24.472649556640896,69.28539872812789,0,0
2026-01-01 03:04:00,S0015,air_quality,residential,edge_residential,1,19.961509789981438,50.68242330027138,0,0
2026-01-01 03:04:00,S0016,structure,transit,edge_transit,2,0.21380754387703804,33.16270134884284,0,0
2026-01-01 03:04:00,S0017,energy,residential,edge_residential,1,81.27967126521756,93.27477913068287,0,0
2026-01-01 03:04:00,S0018,energy,transit,edge_transit,1,82.2952170022829,88.07959198735729,0,0
2026-01-01 03:04:00,S0019,structure,waterfront,edge_waterfront,2,,46.95604846256025,0,1
2026-01-01 03:04:00,S0020,traffic,transit,edge_transit,2,26.71002668378921,45.232209876590346,0,0
2026-01-01 03:04:00,S0021,traffic,industrial,edge_industrial,2,39.16908962108189,44.90610639911121,0,0
2026-01-01 03:04:00,S0022,energy,transit,edge_transit,1,84.46053627536064,71.35400645735373,0,0
2026-01-01 03:04:00,S0023,traffic,residential,edge_residential,2,30.08492835242924,20.34350328234339,0,0
2026-01-01 03:04:00,S0024,traffic,downtown,edge_downtown,2,45.47956351217819,48.016180094643246,0,0
2026-01-01 03:04:00,S0025,air_quality,downtown,edge_downtown,1,23.650941970977605,56.04188235534032,0,0
2026-01-01 03:04:00,S0026,air_quality,transit,edge_transit,1,21.11516106488165,59.58431212813886,0,0
2026-01-01 03:04:00,S0027,structure,industrial,edge_industrial,2,0.11429468732596784,27.214748150211065,0,0
2026-01-01 03:04:00,S0028,energy,residential,edge_residential,1,82.55931169686711,45.02537440929881,0,0
2026-01-01 03:04:00,S0029,air_quality,industrial,edge_industrial,1,49.64218047225892,71.62949607804951,1,0
2026-01-01 03:04:00,S0030,air_quality,industrial,edge_industrial,1,19.156206989932507,56.443486970499464,0,0
2026-01-01 03:04:00,S0031,traffic,downtown,edge_downtown,2,36.58397443950928,41.37598809160118,0,0
2026-01-01 03:04:00,S0032,traffic,industrial,edge_industrial,2,36.98815033107185,43.08792642893798,0,0
2026-01-01 03:04:00,S0033,traffic,waterfront,edge_waterfront,2,38.48332485931945,66.45036286462697,0,0
2026-01-01 03:04:00,S0034,energy,residential,edge_residential,1,91.30054046811917,55.29691405072242,0,0
2026-01-01 03:04:00,S0035,traffic,industrial,edge_industrial,2,40.08840904123441,45.6842946163383,0,0
2026-01-01 03:04:00,S0036,air_quality,residential,edge_residential,1,18.546551992204385,56.786773077835946,0,0
2026-01-01 03:04:00,S0037,traffic,waterfront,edge_waterfront,2,39.299152051598504,55.488968795787315,0,0
2026-01-01 03:04:00,S0038,energy,industrial,edge_industrial,1,79.14715073183943,82.97748171055851,0,0
2026-01-01 03:04:00,S0039,traffic,residential,edge_residential,2,40.04181829903892,51.51730787701392,0,0
2026-01-01 03:05:00,S0000,energy,residential,edge_residential,1,79.09115934729671,69.04528250372921,0,0
2026-01-01 03:05:00,S0001,structure,industrial,edge_industrial,2,0.2222385443414642,45.14669955306743,0,0
2026-01-01 03:05:00,S0002,energy,waterfront,edge_waterfront,1,85.86123148804832,104.01941545066117,0,0
2026-01-01 03:05:00,S0003,traffic,waterfront,edge_waterfront,2,37.69778078278766,47.00504007507719,0,0
2026-01-01 03:05:00,S0004,traffic,downtown,edge_downtown,2,39.96537689709821,51.27685271317219,0,0
2026-01-01 03:05:00,S0005,structure,residential,edge_residential,2,0.2542651640749333,45.05210953717033,0,0
2026-01-01 03:05:00,S0006,traffic,waterfront,edge_waterfront,2,29.58663058220192,30.52046889229013,0,0
2026-01-01 03:05:00,S0007,energy,waterfront,edge_waterfront,1,71.66694736592471,66.98077842356743,0,0
2026-01-01 03:05:00,S0008,energy,transit,edge_transit,1,85.41050973670959,71.72987125759681,0,0
2026-01-01 03:05:00,S0009,air_quality,transit,edge_transit,1,19.207618587821333,85.82913186737979,0,0
2026-01-01 03:05:00,S0010,traffic,downtown,edge_downtown,2,27.41977208608042,48.628233307150744,0,0
2026-01-01 03:05:00,S0011,traffic,transit,edge_transit,2,34.119785913336464,39.29392156326779,0,0
2026-01-01 03:05:00,S0012,traffic,residential,edge_residential,2,,54.11702754254356,0,1
2026-01-01 03:05:00,S0013,air_quality,downtown,edge_downtown,1,26.10907025098299,83.24438528364968,0,0
2026-01-01 03:05:00,S0014,air_quality,industrial,edge_industrial,1,21.408768102425526,71.51134901382453,0,0
2026-01-01 03:05:00,S0015,air_quality,residential,edge_residential,1,17.813818063766035,59.437682120812354,0,0
2026-01-01 03:05:00,S0016,structure,transit,edge_transit,2,0.26565941212258565,51.12779147292807,0,0
2026-01-01 03:05:00,S0017,energy,residential,edge_residential,1,69.96798246759516,76.45222118743659,0,0
2026-01-01 03:05:00,S0018,energy,transit,edge_transit,1,77.62037021440032,74.56386612761516,0,0
2026-01-01 03:05:00,S0019,structure,waterfront,edge_waterfront,2,0.23297890629253787,29.75830432133496,0,0
2026-01-01 03:05:00,S0020,traffic,transit,edge_transit,2,42.63127567653852,42.70293341199948,0,0
2026-01-01 03:05:00,S0021,traffic,industrial,edge_industrial,2,32.977223739309004,24.866661577504892,0,0
2026-01-01 03:05:00,S0022,energy,transit,edge_transit,1,83.23409466718837,93.28513992077119,0,0
2026-01-01 03:05:00,S0023,traffic,residential,edge_residential,2,34.945651538143814,37.5164516959077,0,0
2026-01-01 03:05:00,S0024,traffic,downtown,edge_downtown,2,44.32372696951152,27.55195222271513,0,0
2026-01-01 03:05:00,S0025,air_quality,downtown,edge_downtown,1,22.701302289150163,61.5595589099955,0,0
2026-01-01 03:05:00,S0026,air_quality,transit,edge_transit,1,20.087195695097694,78.0132442346533,0,0
2026-01-01 03:05:00,S0027,structure,industrial,edge_industrial,2,0.30117948232819985,28.43361951971806,0,0
2026-01-01 03:05:00,S0028,energy,residential,edge_residential,1,81.50540828302955,77.8204316590141,0,0
2026-01-01 03:05:00,S0029,air_quality,industrial,edge_industrial,1,18.60217515313341,60.026346585721754,0,0
2026-01-01 03:05:00,S0030,air_quality,industrial,edge_industrial,1,18.44056117964456,75.00678740602811,0,0
2026-01-01 03:05:00,S0031,traffic,downtown,edge_downtown,2,30.546030436325093,41.42045870074788,0,0
2026-01-01 03:05:00,S0032,traffic,industrial,edge_industrial,2,39.719453411428525,45.96132937987844,0,0
2026-01-01 03:05:00,S0033,traffic,waterfront,edge_waterfront,2,27.653996143761272,29.93888801904486,0,0
2026-01-01 03:05:00,S0034,energy,residential,edge_residential,1,154.83455058217706,89.82347787137873,1,0
2026-01-01 03:05:00,S0035,traffic,industrial,edge_industrial,2,32.45603801647329,20.799039857417306,0,0
2026-01-01 03:05:00,S0036,air_quality,residential,edge_residential,1,23.57030205030158,79.13083550455111,0,0
2026-01-01 03:05:00,S0037,traffic,waterfront,edge_waterfront,2,35.41862192435484,30.995287106856193,0,0
2026-01-01 03:05:00,S0038,energy,industrial,edge_industrial,1,90.44323497686752,63.19246318549585,0,0
2026-01-01 03:05:00,S0039,traffic,residential,edge_residential,2,40.047459430891905,59.219621751185244,0,0
2026-01-01 03:06:00,S0000,energy,residential,edge_residential,1,87.80803404710588,84.53949526682906,0,0
2026-01-01 03:06:00,S0001,structure,industrial,edge_industrial,2,0.2791148365236516,26.613761514524544,0,0
2026-01-01 03:06:00,S0002,energy,waterfront,edge_waterfront,1,73.38593776972272,83.81903556521861,0,0
2026-01-01 03:06:00,S0003,traffic,waterfront,edge_waterfront,2,42.47763774377389,43.599959141382435,0,0
2026-01-01 03:06:00,S0004,traffic,downtown,edge_downtown,2,34.369086200037565,42.62755444448559,0,0
2026-01-01 03:06:00,S0005,structure,residential,edge_residential,2,0.2581362799193683,44.779462423541375,0,0
2026-01-01 03:06:00,S0006,traffic,waterfront,edge_waterfront,2,35.7316208724534,26.055189066836398,0,0
2026-01-01 03:06:00,S0007,energy,waterfront,edge_waterfront,1,70.47875029800593,65.88549090050296,0,0
2026-01-01 03:06:00,S0008,energy,transit,edge_transit,1,71.1196144702358,61.38123849654483,0,0
2026-01-01 03:06:00,S0009,air_quality,transit,edge_transit,1,19.33396725852141,55.453661758936285,0,0
2026-01-01 03:06:00,S0010,traffic,downtown,edge_downtown,2,75.33422951525176,55.90103864617236,1,0
2026-01-01 03:06:00,S0011,traffic,transit,edge_transit,2,36.89798466648431,36.98677723797718,0,0
2026-01-01 03:06:00,S0012,traffic,residential,edge_residential,2,43.42236583318936,34.89456272894247,0,0
2026-01-01 03:06:00,S0013,air_quality,downtown,edge_downtown,1,20.855084320393043,76.93168510051741,0,0
2026-01-01 03:06:00,S0014,air_quality,industrial,edge_industrial,1,21.548730106647078,70.63423734265146,0,0
2026-01-01 03:06:00,S0015,air_quality,residential,edge_residential,1,16.967975016743836,65.57822744569329,0,0
2026-01-01 03:06:00,S0016,structure,transit,edge_transit,2,0.2604118443908794,41.90064946305119,0,0
2026-01-01 03:06:00,S0017,energy,residential,edge_residential,1,75.0536480683228,83.42980719491561,0,0
2026-01-01 03:06:00,S0018,energy,transit,edge_transit,1,78.90725757899565,98.80124623186502,0,0
2026-01-01 03:06:00,S0019,structure,waterfront,edge_waterfront,2,0.25956709415556595,46.21266668054518,0,0
2026-01-01 03:06:00,S0020,traffic,transit,edge_transit,2,37.03202037020845,39.273562110164725,0,0
2026-01-01 03:06:00,S0021,traffic,industrial,edge_industrial,2,33.32062036279247,50.23181502624052,0,0
2026-01-01 03:06:00,S0022,energy,transit,edge_transit,1,80.45076853006901,77.7601914543115,0,0
2026-01-01 03:06:00,S0023,traffic,residential,edge_residential,2,39.79300788992602,36.097103205145515,0,0
2026-01-01 03:06:00,S0024,traffic,downtown,edge_downtown,2,35.76229813283899,38.621280160053836,0,0
2026-01-01 03:06:00,S0025,air_quality,downtown,edge_downtown,1,19.191195946280367,80.47481131664219,0,0
2026-01-01 03:06:00,S0026,air_quality,transit,edge_transit,1,18.595606370531772,40.39523813799089,0,0
2026-01-01 03:06:00,S0027,structure,industrial,edge_industrial,2,0.29382169088257687,33.9847980036312,0,0
2026-01-01 03:06:00,S0028,energy,residential,edge_residential,1,81.34445356481513,40.41870846553715,0,0
2026-01-01 03:06:00,S0029,air_quality,industrial,edge_industrial,1,18.96188308513798,40.76597773955761,0,0
2026-01-01 03:06:00,S0030,air_quality,industrial,edge_industrial,1,24.114473967066687,78.56347415258693,0,0
2026-01-01 03:06:00,S0031,traffic,downtown,edge_downtown,2,82.4477566912326,47.81584793086217,1,0
2026-01-01 03:06:00,S0032,traffic,industrial,edge_industrial,2,35.16731131730092,42.86715972083092,0,0
2026-01-01 03:06:00,S0033,traffic,waterfront,edge_waterfront,2,41.03742395753993,31.698581386089565,0,0
2026-01-01 03:06:00,S0034,energy,residential,edge_residential,1,85.94576229429532,56.12315253045854,0,0
2026-01-01 03:06:00,S0035,traffic,industrial,edge_industrial,2,37.34692536558378,54.806885522367594,0,0
2026-01-01 03:06:00,S0036,air_quality,residential,edge_residential,1,25.940797183829517,42.15236646358211,0,0
2026-01-01 03:06:00,S0037,traffic,waterfront,edge_waterfront,2,27.444405685934303,50.078689983963976,0,0
2026-01-01 03:06:00,S0038,energy,industrial,edge_industrial,1,85.78975958057276,100.94414342981277,0,0
2026-01-01 03:06:00,S0039,traffic,residential,edge_residential,2,36.50947955837948,38.537165459462464,0,0
2026-01-01 03:07:00,S0000,energy,residential,edge_residential,1,80.7967291459791,92.81457500961133,0,0
2026-01-01 03:07:00,S0001,structure,industrial,edge_industrial,2,0.23757597385284274,39.64297563320811,0,0
2026-01-01 03:07:00,S0002,energy,waterfront,edge_waterfront,1,81.623129181074,109.19199016455478,0,0
2026-01-01 03:07:00,S0003,traffic,waterfront,edge_waterfront,2,33.92692228277771,53.258282024242625,0,0
2026-01-01 03:07:00,S0004,traffic,downtown,edge_downtown,2,38.602931559875,54.1305641922482,0,0
2026-01-01 03:07:00,S0005,structure,residential,edge_residential,2,0.2508960097381001,23.881882418313584,0,0
2026-01-01 03:07:00,S0006,traffic,waterfront,edge_waterfront,2,33.25257249807791,43.755242847275234,0,0
2026-01-01 03:07:00,S0007,energy,waterfront,edge_waterfront,1,75.97456988277422,53.35928169285499,0,0
2026-01-01 03:07:00,S0008,energy,transit,edge_transit,1,80.8169741822831,105.38139191986106,0,0
2026-01-01 03:07:00,S0009,air_quality,transit,edge_transit,1,23.93340253543851,66.70007950976759,0,0
2026-01-01 03:07:00,S0010,traffic,downtown,edge_downtown,2,42.863856474892174,43.86243220674447,0,0
2026-01-01 03:07:00,S0011,traffic,transit,edge_transit,2,35.75882855200543,39.63875522999492,0,0
2026-01-01 03:07:00,S0012,traffic,residential,edge_residential,2,32.37687715824606,33.897555425264,0,0
2026-01-01 03:07:00,S0013,air_quality,downtown,edge_downtown,1,25.319156706225694,70.77303598718284,0,0
2026-01-01 03:07:00,S0014,air_quality,industrial,edge_industrial,1,18.324209154165345,72.02855794953702,0,0
2026-01-01 03:07:00,S0015,air_quality,residential,edge_residential,1,21.63782797564068,66.02380092813598,0,0
2026-01-01 03:07:00,S0016,structure,transit,edge_transit,2,0.17962710307138435,46.47186729241355,0,0
2026-01-01 03:07:00,S0017,energy,residential,edge_residential,1,86.42084095561448,93.32303658432492,0,0
2026-01-01 03:07:00,S0018,energy,transit,edge_transit,1,76.29710435148341,94.91683400967878,0,0
2026-01-01 03:07:00,S0019,structure,waterfront,edge_waterfront,2,0.26850933009330835,38.48736085803233,0,0
2026-01-01 03:07:00,S0020,traffic,transit,edge_transit,2,39.02354509628006,41.16195090144121,0,0
2026-01-01 03:07:00,S0021,traffic,industrial,edge_industrial,2,35.22976364957678,41.632054980985785,0,0
2026-01-01 03:07:00,S0022,energy,transit,edge_transit,1,73.70803634406798,75.51052577788268,0,0
2026-01-01 03:07:00,S0023,traffic,residential,edge_residential,2,34.01269472734692,51.98510990775544,0,0
2026-01-01 03:07:00,S0024,traffic,downtown,edge_downtown,2,37.876701085204715,58.249362914515935,0,0
2026-01-01 03:07:00,S0025,air_quality,downtown,edge_downtown,1,29.04611150711851,57.406150186332376,0,0
2026-01-01 03:07:00,S0026,air_quality,transit,edge_transit,1,21.22771530057735,100.85549577056723,0,0
2026-01-01 03:07:00,S0027,structure,industrial,edge_industrial,2,0.19818666457376244,33.510293517796384,0,0
2026-01-01 03:07:00,S0028,energy,residential,edge_residential,1,72.75842841713799,69.13161254040114,0,0
2026-01-01 03:07:00,S0029,air_quality,industrial,edge_industrial,1,22.600268071557174,46.388983333465504,0,0
2026-01-01 03:07:00,S0030,air_quality,industrial,edge_industrial,1,20.123836032747526,62.55189651283809,0,0
2026-01-01 03:07:00,S0031,traffic,downtown,edge_downtown,2,35.89863867344646,35.1028820143074,0,0
2026-01-01 03:07:00,S0032,traffic,industrial,edge_industrial,2,32.67397849438862,48.757979707162825,0,0
2026-01-01 03:07:00,S0033,traffic,waterfront,edge_waterfront,2,34.21867661233864,53.88206297528381,0,0
2026-01-01 03:07:00,S0034,energy,residential,edge_residential,1,84.49770714994865,80.08214571477022,0,0
2026-01-01 03:07:00,S0035,traffic,industrial,edge_industrial,2,35.09496312167839,51.21059704039721,0,0
2026-01-01 03:07:00,S0036,air_quality,residential,edge_residential,1,20.618949351516733,70.37621806576823,0,0
2026-01-01 03:07:00,S0037,traffic,waterfront,edge_waterfront,2,35.579084471003064,37.77018533240057,0,0
2026-01-01 03:07:00,S0038,energy,industrial,edge_industrial,1,87.55335093626526,103.08366953239836,0,0
2026-01-01 03:07:00,S0039,traffic,residential,edge_residential,2,29.238507446937213,50.22657733303432,0,0
2026-01-01 03:08:00,S0000,energy,residential,edge_residential,1,67.76781148939949,97.93554668483746,0,0
2026-01-01 03:08:00,S0001,structure,industrial,edge_industrial,2,0.2830354487626126,35.770926082312926,0,0
2026-01-01 03:08:00,S0002,energy,waterfront,edge_waterfront,1,80.01592243229517,77.36954692402172,0,0
2026-01-01 03:08:00,S0003,traffic,waterfront,edge_waterfront,2,25.293011038800906,49.908808175919816,0,0
2026-01-01 03:08:00,S0004,traffic,downtown,edge_downtown,2,30.78700571643801,42.869887772477135,0,0
2026-01-01 03:08:00,S0005,structure,residential,edge_residential,2,0.22175321121967506,34.89143974726039,0,0
2026-01-01 03:08:00,S0006,traffic,waterfront,edge_waterfront,2,35.778300094983514,49.35837728679877,0,0
2026-01-01 03:08:00,S0007,energy,waterfront,edge_waterfront,1,82.09377686277112,83.5844251135094,0,0
2026-01-01 03:08:00,S0008,energy,transit,edge_transit,1,78.41644152705803,76.715162861667,0,0
2026-01-01 03:08:00,S0009,air_quality,transit,edge_transit,1,26.3912778448527,44.15592538209638,0,0
2026-01-01 03:08:00,S0010,traffic,downtown,edge_downtown,2,36.98148356003835,27.237682495159707,0,0
2026-01-01 03:08:00,S0011,traffic,transit,edge_transit,2,33.90671151262365,41.623618910555805,0,0
2026-01-01 03:08:00,S0012,traffic,residential,edge_residential,2,31.820209451999702,63.399369928086855,0,0
2026-01-01 03:08:00,S0013,air_quality,downtown,edge_downtown,1,,83.44605038046936,0,1
2026-01-01 03:08:00,S0014,air_quality,industrial,edge_industrial,1,20.552609057573232,78.54692418166493,0,0
2026-01-01 03:08:00,S0015,air_quality,residential,edge_residential,1,20.135979781804167,68.77999908054733,0,0
2026-01-01 03:08:00,S0016,structure,transit,edge_transit,2,0.2711261084737226,31.50439768104755,0,0
2026-01-01 03:08:00,S0017,energy,residential,edge_residential,1,77.38426257822806,53.83486348708355,0,0
2026-01-01 03:08:00,S0018,energy,transit,edge_transit,1,75.87172316515671,55.32687161597338,0,0
2026-01-01 03:08:00,S0019,structure,waterfront,edge_waterfront,2,0.2423708475952966,35.81676267439569,0,0
2026-01-01 03:08:00,S0020,traffic,transit,edge_transit,2,37.745406062913816,24.362554756773388,0,0
2026-01-01 03:08:00,S0021,traffic,industrial,edge_industrial,2,43.46528322234438,58.42715959220537,0,0
2026-01-01 03:08:00,S0022,energy,transit,edge_transit,1,82.7718386572678,63.29422734544055,0,0
2026-01-01 03:08:00,S0023,traffic,residential,edge_residential,2,32.3285312252128,51.07106820344475,0,0
2026-01-01 03:08:00,S0024,traffic,downtown,edge_downtown,2,41.023013740009205,53.01291425855028,0,0
2026-01-01 03:08:00,S0025,air_quality,downtown,edge_downtown,1,21.52916745799798,52.060898111853355,0,0
2026-01-01 03:08:00,S0026,air_quality,transit,edge_transit,1,20.943992481433757,63.12812567474594,0,0
2026-01-01 03:08:00,S0027,structure,industrial,edge_industrial,2,0.2134640698781656,34.618604793333134,0,0
2026-01-01 03:08:00,S0028,energy,residential,edge_residential,1,79.70124806073576,42.08178611922145,0,0
2026-01-01 03:08:00,S0029,air_quality,industrial,edge_industrial,1,20.809617430421454,56.47694568473132,0,0
2026-01-01 03:08:00,S0030,air_quality,industrial,edge_industrial,1,22.08005533800455,43.874352049570824,0,0
2026-01-01 03:08:00,S0031,traffic,downtown,edge_downtown,2,27.543543538687942,48.26829256971948,0,0
2026-01-01 03:08:00,S0032,traffic,industrial,edge_industrial,2,31.73876879673664,44.78802516287521,0,0
2026-01-01 03:08:00,S0033,traffic,waterfront,edge_waterfront,2,42.81473049087023,23.669948636315517,0,0
2026-01-01 03:08:00,S0034,energy,residential,edge_residential,1,81.27339102316789,95.89497874396116,0,0
2026-01-01 03:08:00,S0035,traffic,industrial,edge_industrial,2,44.294452525778084,28.62639103996019,0,0
2026-01-01 03:08:00,S0036,air_quality,residential,edge_residential,1,19.751560294286215,75.30271351428593,0,0
2026-01-01 03:08:00,S0037,traffic,waterfront,edge_waterfront,2,31.383982968021453,46.25227763048395,0,0
2026-01-01 03:08:00,S0038,energy,industrial,edge_industrial,1,86.69075794488622,59.6565999362691,0,0
2026-01-01 03:08:00,S0039,traffic,residential,edge_residential,2,36.85321702296071,52.23808981515914,0,0
2026-01-01 03:09:00,S0000,energy,residential,edge_residential,1,76.8624023386929,70.07173886042223,0,0
2026-01-01 03:09:00,S0001,structure,industrial,edge_industrial,2,0.26265073740432326,38.7678569615839,0,0
2026-01-01 03:09:00,S0002,energy,waterfront,edge_waterfront,1,,73.7986927828362,0,1
2026-01-01 03:09:00,S0003,traffic,waterfront,edge_waterfront,2,43.21460881897708,35.46396508045919,0,0
2026-01-01 03:09:00,S0004,traffic,downtown,edge_downtown,2,36.0661871869895,32.5889909733842,0,0
2026-01-01 03:09:00,S0005,structure,residential,edge_residential,2,0.2303028270401555,42.25289510188159,0,0
2026-01-01 03:09:00,S0006,traffic,waterfront,edge_waterfront,2,34.14591514520181,30.995185755554786,0,0
2026-01-01 03:09:00,S0007,energy,waterfront,edge_waterfront,1,84.03956120140975,108.26897024900187,0,0
2026-01-01 03:09:00,S0008,energy,transit,edge_transit,1,80.39613960888347,85.61831824703356,0,0
2026-01-01 03:09:00,S0009,air_quality,transit,edge_transit,1,19.146278404844587,51.473813675691794,0,0
2026-01-01 03:09:00,S0010,traffic,downtown,edge_downtown,2,41.123952090700605,49.86427011798199,0,0
2026-01-01 03:09:00,S0011,traffic,transit,edge_transit,2,36.81733118739421,41.84251341097453,0,0
2026-01-01 03:09:00,S0012,traffic,residential,edge_residential,2,76.13727656118623,57.81150911429626,1,0
2026-01-01 03:09:00,S0013,air_quality,downtown,edge_downtown,1,27.16228304113364,44.868921705901855,0,0
2026-01-01 03:09:00,S0014,air_quality,industrial,edge_industrial,1,22.163723407580836,92.8111141992491,0,0
2026-01-01 03:09:00,S0015,air_quality,residential,edge_residential,1,17.186307713316644,63.00443710266861,0,0
2026-01-01 03:09:00,S0016,structure,transit,edge_transit,2,0.33577855799885303,34.63797345694543,0,0
2026-01-01 03:09:00,S0017,energy,residential,edge_residential,1,105.14943469122939,94.88018806241408,1,0
2026-01-01 03:09:00,S0018,energy,transit,edge_transit,1,78.1624199813844,121.45664511917448,0,0
2026-01-01 03:09:00,S0019,structure,waterfront,edge_waterfront,2,0.24855806221165538,31.734988501249326,0,0
2026-01-01 03:09:00,S0020,traffic,transit,edge_transit,2,37.100924853546694,40.34798320915316,0,0
2026-01-01 03:09:00,S0021,traffic,industrial,edge_industrial,2,42.33513534477045,36.87960965675909,0,0
2026-01-01 03:09:00,S0022,energy,transit,edge_transit,1,82.3657926717319,96.64150423443036,0,0
2026-01-01 03:09:00,S0023,traffic,residential,edge_residential,2,,37.014322248308105,0,1
2026-01-01 03:09:00,S0024,traffic,downtown,edge_downtown,2,30.125932180012505,46.889567943556756,0,0
2026-01-01 03:09:00,S0025,air_quality,downtown,edge_downtown,1,,57.378034953442885,0,1
2026-01-01 03:09:00,S0026,air_quality,transit,edge_transit,1,22.153742091565846,53.322636746117425,0,0
2026-01-01 03:09:00,S0027,structure,industrial,edge_industrial,2,0.24836919160512164,35.863404023411164,0,0
2026-01-01 03:09:00,S0028,energy,residential,edge_residential,1,75.72280967800552,65.50047699299773,0,0
2026-01-01 03:09:00,S0029,air_quality,industrial,edge_industrial,1,20.999463161414955,73.6934127298701,0,0
2026-01-01 03:09:00,S0030,air_quality,industrial,edge_industrial,1,25.810928980778137,76.00340006013212,0,0
2026-01-01 03:09:00,S0031,traffic,downtown,edge_downtown,2,42.99270171600088,53.36274826007343,0,0
2026-01-01 03:09:00,S0032,traffic,industrial,edge_industrial,2,30.025611590014094,48.36427929796556,0,0
2026-01-01 03:09:00,S0033,traffic,waterfront,edge_waterfront,2,35.866475718164885,41.35657220448128,0,0
2026-01-01 03:09:00,S0034,energy,residential,edge_residential,1,83.73814941211353,61.57859877781459,0,0
2026-01-01 03:09:00,S0035,traffic,industrial,edge_industrial,2,54.23414437367833,51.31489990191463,1,0
2026-01-01 03:09:00,S0036,air_quality,residential,edge_residential,1,23.045470578684224,42.784874774755586,0,0
2026-01-01 03:09:00,S0037,traffic,waterfront,edge_waterfront,2,29.028994417702307,49.15363358646182,0,0
2026-01-01 03:09:00,S0038,energy,industrial,edge_industrial,1,79.38255335342639,60.312153507401305,0,0
2026-01-01 03:09:00,S0039,traffic,residential,edge_residential,2,,55.23264681962857,0,1
2026-01-01 03:10:00,S0000,energy,residential,edge_residential,1,69.24638040967525,98.48005553440234,0,0
2026-01-01 03:10:00,S0001,structure,industrial,edge_industrial,2,0.2622315332307394,36.21287776868593,0,0
2026-01-01 03:10:00,S0002,energy,waterfront,edge_waterfront,1,82.3530495486068,52.15525230622719,0,0
2026-01-01 03:10:00,S0003,traffic,waterfront,edge_waterfront,2,36.03944000194884,40.2836133698339,0,0
2026-01-01 03:10:00,S0004,traffic,downtown,edge_downtown,2,37.65431405876219,53.777995491327985,0,0
2026-01-01 03:10:00,S0005,structure,residential,edge_residential,2,0.27070700813594745,46.30037583607694,0,0
2026-01-01 03:10:00,S0006,traffic,waterfront,edge_waterfront,2,44.11869501647239,38.81817226846225,0,0
2026-01-01 03:10:00,S0007,energy,waterfront,edge_waterfront,1,78.92135826934283,33.89937964450197,0,0
2026-01-01 03:10:00,S0008,energy,transit,edge_transit,1,86.15809537738802,100.42854301837743,0,0
2026-01-01 03:10:00,S0009,air_quality,transit,edge_transit,1,21.958587242275748,67.88673271771484,0,0
2026-01-01 03:10:00,S0010,traffic,downtown,edge_downtown,2,35.39801064697013,30.953027744481155,0,0
2026-01-01 03:10:00,S0011,traffic,transit,edge_transit,2,23.20303176882863,25.45183769607301,0,0
2026-01-01 03:10:00,S0012,traffic,residential,edge_residential,2,37.76738860559304,42.74875819577979,0,0
2026-01-01 03:10:00,S0013,air_quality,downtown,edge_downtown,1,22.562038720365255,64.22115238282956,0,0
2026-01-01 03:10:00,S0014,air_quality,industrial,edge_industrial,1,22.41287499209019,47.64915078384896,0,0
2026-01-01 03:10:00,S0015,air_quality,residential,edge_residential,1,19.41362109449703,82.54631799191418,0,0
2026-01-01 03:10:00,S0016,structure,transit,edge_transit,2,0.3198702862161248,49.27248198400699,0,0
2026-01-01 03:10:00,S0017,energy,residential,edge_residential,1,78.66495261066544,59.9836345891068,0,0
2026-01-01 03:10:00,S0018,energy,transit,edge_transit,1,77.69640779378801,102.8814287041998,0,0
2026-01-01 03:10:00,S0019,structure,waterfront,edge_waterfront,2,0.20808027961660625,32.158362933304375,0,0
2026-01-01 03:10:00,S0020,traffic,transit,edge_transit,2,37.78142442428265,39.71092504081476,0,0
2026-01-01 03:10:00,S0021,traffic,industrial,edge_industrial,2,27.25858557668062,39.64143313543559,0,0
2026-01-01 03:10:00,S0022,energy,transit,edge_transit,1,84.61087686907443,98.14604913255125,0,0
2026-01-01 03:10:00,S0023,traffic,residential,edge_residential,2,43.58756059712168,39.61427486753272,0,0
2026-01-01 03:10:00,S0024,traffic,downtown,edge_downtown,2,33.34588931856789,54.037843023043465,0,0
2026-01-01 03:10:00,S0025,air_quality,downtown,edge_downtown,1,21.711392304129614,75.62672898603435,0,0
2026-01-01 03:10:00,S0026,air_quality,transit,edge_transit,1,21.82078934789942,56.67884817679904,0,0
2026-01-01 03:10:00,S0027,structure,industrial,edge_industrial,2,0.21031765457307866,26.487123126961816,0,0
2026-01-01 03:10:00,S0028,energy,residential,edge_residential,1,72.92743287692377,71.40042046176727,0,0
2026-01-01 03:10:00,S0029,air_quality,industrial,edge_industrial,1,21.532268897952957,59.19333488875596,0,0
2026-01-01 03:10:00,S0030,air_quality,industrial,edge_industrial,1,18.730640594289206,43.08219624986085,0,0
2026-01-01 03:10:00,S0031,traffic,downtown,edge_downtown,2,34.23148139882579,40.26054501914707,0,0
2026-01-01 03:10:00,S0032,traffic,industrial,edge_industrial,2,35.457330496942,39.359629454024166,0,0
2026-01-01 03:10:00,S0033,traffic,waterfront,edge_waterfront,2,27.626073651305937,45.097222305878915,0,0
2026-01-01 03:10:00,S0034,energy,residential,edge_residential,1,83.83490318302934,88.59564925685532,0,0
2026-01-01 03:10:00,S0035,traffic,industrial,edge_industrial,2,34.805483630874974,38.446795778430676,0,0
2026-01-01 03:10:00,S0036,air_quality,residential,edge_residential,1,51.07034423555982,60.750980460136894,1,0
2026-01-01 03:10:00,S0037,traffic,waterfront,edge_waterfront,2,35.88836267672317,32.30153135012155,0,0
2026-01-01 03:10:00,S0038,energy,industrial,edge_industrial,1,74.35975723057958,85.821967399644,0,0
2026-01-01 03:10:00,S0039,traffic,residential,edge_residential,2,35.97562476011887,59.73076717663649,0,0
2026-01-01 03:11:00,S0000,energy,residential,edge_residential,1,61.594641419328376,103.47455065247982,0,0
2026-01-01 03:11:00,S0001,structure,industrial,edge_industrial,2,0.27536770482540696,42.93955183537157,0,0
2026-01-01 03:11:00,S0002,energy,waterfront,edge_waterfront,1,81.31277892758125,68.47550907275594,0,0
2026-01-01 03:11:00,S0003,traffic,waterfront,edge_waterfront,2,36.258089865482496,40.905718632669604,0,0
2026-01-01 03:11:00,S0004,traffic,downtown,edge_downtown,2,31.649896502999148,44.44943444852813,0,0
2026-01-01 03:11:00,S0005,structure,residential,edge_residential,2,0.2487378150367687,50.925180926725616,0,0
2026-01-01 03:11:00,S0006,traffic,waterfront,edge_waterfront,2,32.96990346441227,34.437409742919385,0,0
2026-01-01 03:11:00,S0007,energy,waterfront,edge_waterfront,1,71.55324622627434,37.78601014518422,0,0
2026-01-01 03:11:00,S0008,energy,transit,edge_transit,1,78.18288455873288,53.96226479495793,0,0
2026-01-01 03:11:00,S0009,air_quality,transit,edge_transit,1,19.953170396058432,53.81864843901552,0,0
2026-01-01 03:11:00,S0010,traffic,downtown,edge_downtown,2,39.2041779055036,40.46183511642726,0,0
2026-01-01 03:11:00,S0011,traffic,transit,edge_transit,2,50.133797560070676,37.64950644181085,0,0
2026-01-01 03:11:00,S0012,traffic,residential,edge_residential,2,25.323254694351128,50.71798236083192,0,0
2026-01-01 03:11:00,S0013,air_quality,downtown,edge_downtown,1,21.435764918107083,36.35736764048842,0,0
2026-01-01 03:11:00,S0014,air_quality,industrial,edge_industrial,1,20.58003807230592,63.711968075862174,0,0
2026-01-01 03:11:00,S0015,air_quality,residential,edge_residential,1,,78.27051398542935,0,1
2026-01-01 03:11:00,S0016,structure,transit,edge_transit,2,0.20610711636018691,37.26006922725401,0,0
2026-01-01 03:11:00,S0017,energy,residential,edge_residential,1,81.83224333804328,55.988512721963495,0,0
2026-01-01 03:11:00,S0018,energy,transit,edge_transit,1,85.5961308737215,98.5853046189743,0,0
2026-01-01 03:11:00,S0019,structure,waterfront,edge_waterfront,2,0.24759634929913577,33.76145870874109,0,0
2026-01-01 03:11:00,S0020,traffic,transit,edge_transit,2,33.57399745047148,46.70993293516084,0,0
2026-01-01 03:11:00,S0021,traffic,industrial,edge_industrial,2,32.97231611965642,51.68444655849875,0,0
2026-01-01 03:11:00,S0022,energy,transit,edge_transit,1,92.15076173093675,106.69680474625704,0,0
2026-01-01 03:11:00,S0023,traffic,residential,edge_residential,2,29.30626251687815,41.76351791371775,0,0
2026-01-01 03:11:00,S0024,traffic,downtown,edge_downtown,2,34.47824846464349,49.76481080271391,0,0
2026-01-01 03:11:00,S0025,air_quality,downtown,edge_downtown,1,22.79693618078876,51.57148891171891,0,0
2026-01-01 03:11:00,S0026,air_quality,transit,edge_transit,1,22.233928106293174,54.37086605051734,0,0
2026-01-01 03:11:00,S0027,structure,industrial,edge_industrial,2,0.3050240942199526,39.80033355164842,0,0
2026-01-01 03:11:00,S0028,energy,residential,edge_residential,1,87.15759068733779,99.91310138416063,0,0
2026-01-01 03:11:00,S0029,air_quality,industrial,edge_industrial,1,16.92695537080072,46.435177200425585,0,0
2026-01-01 03:11:00,S0030,air_quality,industrial,edge_industrial,1,26.096176793931598,70.57504318501422,0,0
2026-01-01 03:11:00,S0031,traffic,downtown,edge_downtown,2,34.540659798999776,47.748249441656164,0,0
2026-01-01 03:11:00,S0032,traffic,industrial,edge_industrial,2,81.44002347371311,49.310470876354714,1,0
2026-01-01 03:11:00,S0033,traffic,waterfront,edge_waterfront,2,32.01068133891881,70.79515124135098,0,0
2026-01-01 03:11:00,S0034,energy,residential,edge_residential,1,75.81635915543455,58.157852115459846,0,0
2026-01-01 03:11:00,S0035,traffic,industrial,edge_industrial,2,35.553325664397214,59.17500350341578,0,0
2026-01-01 03:11:00,S0036,air_quality,residential,edge_residential,1,23.03341849610733,32.28049207706111,0,0
2026-01-01 03:11:00,S0037,traffic,waterfront,edge_waterfront,2,39.52627790286248,27.945547470068256,0,0
2026-01-01 03:11:00,S0038,energy,industrial,edge_industrial,1,85.2913731185474,79.83365126910864,0,0
2026-01-01 03:11:00,S0039,traffic,residential,edge_residential,2,36.030340358216684,33.45859636266994,0,0
2026-01-01 03:12:00,S0000,energy,residential,edge_residential,1,77.96648028353248,102.73275849092119,0,0
2026-01-01 03:12:00,S0001,structure,industrial,edge_industrial,2,0.22793115417473991,34.249021244735346,0,0
2026-01-01 03:12:00,S0002,energy,waterfront,edge_waterfront,1,78.68502037950034,108.70367474330645,0,0
2026-01-01 03:12:00,S0003,traffic,waterfront,edge_waterfront,2,35.888310634589246,27.240731198937983,0,0
2026-01-01 03:12:00,S0004,traffic,downtown,edge_downtown,2,33.53936030883472,43.758890075186436,0,0
2026-01-01 03:12:00,S0005,structure,residential,edge_residential,2,0.20654723791569832,19.73978009630843,0,0
2026-01-01 03:12:00,S0006,traffic,waterfront,edge_waterfront,2,25.56268457610428,30.36694855914113,0,0
2026-01-01 03:12:00,S0007,energy,waterfront,edge_waterfront,1,82.26053561104621,109.13573677252002,0,0
2026-01-01 03:12:00,S0008,energy,transit,edge_transit,1,79.77347414090093,61.8392661117494,0,0
2026-01-01 03:12:00,S0009,air_quality,transit,edge_transit,1,21.19429969583798,57.20759295842756,0,0
2026-01-01 03:12:00,S0010,traffic,downtown,edge_downtown,2,30.81638881326066,45.9807922880264,0,0
2026-01-01 03:12:00,S0011,traffic,transit,edge_transit,2,39.41815443074848,22.802545781702783,0,0
2026-01-01 03:12:00,S0012,traffic,residential,edge_residential,2,32.564873503907336,45.574268149300394,0,0
2026-01-01 03:12:00,S0013,air_quality,downtown,edge_downtown,1,17.904822755481288,64.51151924368476,0,0
2026-01-01 03:12:00,S0014,air_quality,industrial,edge_industrial,1,24.36228462851034,57.56283948016714,0,0
2026-01-01 03:12:00,S0015,air_quality,residential,edge_residential,1,40.93393260244603,56.185990071348726,1,0
2026-01-01 03:12:00,S0016,structure,transit,edge_transit,2,0.19864194741856678,37.72317993297891,0,0
2026-01-01 03:12:00,S0017,energy,residential,edge_residential,1,84.51527309442322,72.94743771233688,0,0
2026-01-01 03:12:00,S0018,energy,transit,edge_transit,1,74.17420563245366,88.3738655798897,0,0
2026-01-01 03:12:00,S0019,structure,waterfront,edge_waterfront,2,0.27826814184625603,39.380187126100076,0,0
2026-01-01 03:12:00,S0020,traffic,transit,edge_transit,2,25.289030535163874,34.252729521411275,0,0
2026-01-01 03:12:00,S0021,traffic,industrial,edge_industrial,2,47.89099748597747,19.671734915397202,0,0
2026-01-01 03:12:00,S0022,energy,transit,edge_transit,1,81.71273051329624,95.44099053405412,0,0
2026-01-01 03:12:00,S0023,traffic,residential,edge_residential,2,42.25237024183717,61.273960622207504,0,0
2026-01-01 03:12:00,S0024,traffic,downtown,edge_downtown,2,26.18175443158689,45.38991302556921,0,0
2026-01-01 03:12:00,S0025,air_quality,downtown,edge_downtown,1,24.112156838417143,58.66532319343791,0,0
2026-01-01 03:12:00,S0026,air_quality,transit,edge_transit,1,21.220691120743822,38.99442401027369,0,0
2026-01-01 03:12:00,S0027,structure,industrial,edge_industrial,2,0.32314775343139596,37.24289247841703,0,0
2026-01-01 03:12:00,S0028,energy,residential,edge_residential,1,75.54627770907496,87.31946497580194,0,0
2026-01-01 03:12:00,S0029,air_quality,industrial,edge_industrial,1,17.712374790610312,62.24911850292766,0,0
2026-01-01 03:12:00,S0030,air_quality,industrial,edge_industrial,1,20.559327661677013,39.51513073783944,0,0
2026-01-01 03:12:00,S0031,traffic,downtown,edge_downtown,2,40.31892144192974,39.76912264042739,0,0
2026-01-01 03:12:00,S0032,traffic,industrial,edge_industrial,2,33.5890861627911,28.916903401808206,0,0
2026-01-01 03:12:00,S0033,traffic,waterfront,edge_waterfront,2,36.95370496900282,46.49299033166893,0,0
2026-01-01 03:12:00,S0034,energy,residential,edge_residential,1,85.93858747140528,96.94286549167043,0,0
2026-01-01 03:12:00,S0035,traffic,industrial,edge_industrial,2,28.430504753498795,35.01072488770247,0,0
2026-01-01 03:12:00,S0036,air_quality,residential,edge_residential,1,19.151182642425923,90.48346466408421,0,0
2026-01-01 03:12:00,S0037,traffic,waterfront,edge_waterfront,2,26.986374490656473,67.0387244230544,0,0
2026-01-01 03:12:00,S0038,energy,industrial,edge_industrial,1,75.9032655307635,122.41698604898997,0,0
2026-01-01 03:12:00,S0039,traffic,residential,edge_residential,2,30.41861204335784,44.00820117647571,0,0
2026-01-01 03:13:00,S0000,energy,residential,edge_residential,1,89.19221972654759,107.79535877622867,0,0
2026-01-01 03:13:00,S0001,structure,industrial,edge_industrial,2,0.2349713882880568,46.11841980786091,0,0
2026-01-01 03:13:00,S0002,energy,waterfront,edge_waterfront,1,83.56703312524691,86.55100545003046,0,0
2026-01-01 03:13:00,S0003,traffic,waterfront,edge_waterfront,2,38.85372628430744,31.27660517769344,0,0
2026-01-01 03:13:00,S0004,traffic,downtown,edge_downtown,2,32.97513321165552,43.36951617318108,0,0
2026-01-01 03:13:00,S0005,structure,residential,edge_residential,2,0.2248606196430413,37.09165276147996,0,0
2026-01-01 03:13:00,S0006,traffic,waterfront,edge_waterfront,2,35.70701671889339,29.017000346126878,0,0
2026-01-01 03:13:00,S0007,energy,waterfront,edge_waterfront,1,84.52864619194494,49.07580007572981,0,0
2026-01-01 03:13:00,S0008,energy,transit,edge_transit,1,90.56253428105451,132.26786559387116,0,0
2026-01-01 03:13:00,S0009,air_quality,transit,edge_transit,1,22.688251649023236,61.19092503070971,0,0
2026-01-01 03:13:00,S0010,traffic,downtown,edge_downtown,2,39.66195025082123,33.65529790737935,0,0
2026-01-01 03:13:00,S0011,traffic,transit,edge_transit,2,39.73878662437935,42.43437564561325,0,0
2026-01-01 03:13:00,S0012,traffic,residential,edge_residential,2,44.602257101617006,36.64236826004964,0,0
2026-01-01 03:13:00,S0013,air_quality,downtown,edge_downtown,1,21.788750040005255,57.25522227899615,0,0
2026-01-01 03:13:00,S0014,air_quality,industrial,edge_industrial,1,25.45887427307652,92.30079351276,0,0
2026-01-01 03:13:00,S0015,air_quality,residential,edge_residential,1,22.424139025620338,61.43451305797999,0,0
2026-01-01 03:13:00,S0016,structure,transit,edge_transit,2,0.2532967911781621,51.17220434360235,0,0
2026-01-01 03:13:00,S0017,energy,residential,edge_residential,1,79.59771611744065,109.3234326048359,0,0
2026-01-01 03:13:00,S0018,energy,transit,edge_transit,1,146.94345670948132,80.6020060686604,1,0
2026-01-01 03:13:00,S0019,structure,waterfront,edge_waterfront,2,0.25325528890656046,37.47205231395736,0,0
2026-01-01 03:13:00,S0020,traffic,transit,edge_transit,2,37.404176899838426,36.1597007284198,0,0
2026-01-01 03:13:00,S0021,traffic,industrial,edge_industrial,2,33.81823868447164,37.585312813287615,0,0
2026-01-01 03:13:00,S0022,energy,transit,edge_transit,1,88.08937093058893,90.00568241063564,0,0
2026-01-01 03:13:00,S0023,traffic,residential,edge_residential,2,59.14158961613481,51.98127641296557,1,0
2026-01-01 03:13:00,S0024,traffic,downtown,edge_downtown,2,31.549725300586378,46.425960701263264,0,0
2026-01-01 03:13:00,S0025,air_quality,downtown,edge_downtown,1,22.043404707658684,69.413623460971,0,0
2026-01-01 03:13:00,S0026,air_quality,transit,edge_transit,1,19.95930355025812,46.788392450075065,0,0
2026-01-01 03:13:00,S0027,structure,industrial,edge_industrial,2,0.26281967246875393,43.948311727794646,0,0
2026-01-01 03:13:00,S0028,energy,residential,edge_residential,1,75.00556399115365,115.65412995057216,0,0
2026-01-01 03:13:00,S0029,air_quality,industrial,edge_industrial,1,25.402101799577014,61.53049259963113,0,0
2026-01-01 03:13:00,S0030,air_quality,industrial,edge_industrial,1,14.984808635947644,57.186552848089754,0,0
2026-01-01 03:13:00,S0031,traffic,downtown,edge_downtown,2,39.323347455933565,35.932483668922096,0,0
2026-01-01 03:13:00,S0032,traffic,industrial,edge_industrial,2,37.980599063635566,49.42167319751875,0,0
2026-01-01 03:13:00,S0033,traffic,waterfront,edge_waterfront,2,32.73090592862082,47.260555184672995,0,0
2026-01-01 03:13:00,S0034,energy,residential,edge_residential,1,74.84244153501582,64.3221847212049,0,0
2026-01-01 03:13:00,S0035,traffic,industrial,edge_industrial,2,33.41109660012287,54.656125697949506,0,0
2026-01-01 03:13:00,S0036,air_quality,residential,edge_residential,1,22.904066365138213,59.26352346941828,0,0
2026-01-01 03:13:00,S0037,traffic,waterfront,edge_waterfront,2,33.81039919195545,59.24098916310899,0,0
2026-01-01 03:13:00,S0038,energy,industrial,edge_industrial,1,89.27522584930318,95.29490571979616,0,0
2026-01-01 03:13:00,S0039,traffic,residential,edge_residential,2,32.77452197743794,46.93533761152748,0,0
2026-01-01 03:14:00,S0000,energy,residential,edge_residential,1,81.51705524862469,77.08634988162176,0,0
2026-01-01 03:14:00,S0001,structure,industrial,edge_industrial,2,0.1823324663225774,40.293251153405365,0,0
2026-01-01 03:14:00,S0002,energy,waterfront,edge_waterfront,1,72.72155374746434,94.66242204479276,0,0
2026-01-01 03:14:00,S0003,traffic,waterfront,edge_waterfront,2,38.31592588048301,51.78758174569191,0,0
2026-01-01 03:14:00,S0004,traffic,downtown,edge_downtown,2,39.3035093161327,53.03452103895899,0,0
2026-01-01 03:14:00,S0005,structure,residential,edge_residential,2,0.2253710821403635,44.420389174494524,0,0
2026-01-01 03:14:00,S0006,traffic,waterfront,edge_waterfront,2,35.17066049082099,43.612329753971466,0,0
2026-01-01 03:14:00,S0007,energy,waterfront,edge_waterfront,1,81.0622726225236,87.79285683491378,0,0
2026-01-01 03:14:00,S0008,energy,transit,edge_transit,1,70.66075808674672,77.57213740221243,0,0
2026-01-01 03:14:00,S0009,air_quality,transit,edge_transit,1,21.835726010845075,68.72158508676148,0,0
2026-01-01 03:14:00,S0010,traffic,downtown,edge_downtown,2,28.581589498934978,24.224001213541833,0,0
2026-01-01 03:14:00,S0011,traffic,transit,edge_transit,2,32.40409939507519,49.009749223521474,0,0
2026-01-01 03:14:00,S0012,traffic,residential,edge_residential,2,29.460974567549933,49.096574757654274,0,0
2026-01-01 03:14:00,S0013,air_quality,downtown,edge_downtown,1,28.076531419908545,78.07278524064957,0,0
2026-01-01 03:14:00,S0014,air_quality,industrial,edge_industrial,1,20.04082793025614,60.24879571769604,0,0
2026-01-01 03:14:00,S0015,air_quality,residential,edge_residential,1,21.824448662508665,43.22560316697282,0,0
2026-01-01 03:14:00,S0016,structure,transit,edge_transit,2,0.26208073196967824,48.11091879766311,0,0
2026-01-01 03:14:00,S0017,energy,residential,edge_residential,1,90.95312232919692,68.11492728481218,0,0
2026-01-01 03:14:00,S0018,energy,transit,edge_transit,1,74.3750761342429,99.15399702708872,0,0
2026-01-01 03:14:00,S0019,structure,waterfront,edge_waterfront,2,0.24248157839570383,57.45036181208416,0,0
2026-01-01 03:14:00,S0020,traffic,transit,edge_transit,2,35.44637061089818,43.86434487487077,0,0
2026-01-01 03:14:00,S0021,traffic,industrial,edge_industrial,2,44.03393976466266,39.796713948327906,0,0
2026-01-01 03:14:00,S0022,energy,transit,edge_transit,1,84.47808655280303,70.79374149775991,0,0
2026-01-01 03:14:00,S0023,traffic,residential,edge_residential,2,41.45120023084019,34.00712570485157,0,0
2026-01-01 03:14:00,S0024,traffic,downtown,edge_downtown,2,32.37481065490411,47.24949605529466,0,0
2026-01-01 03:14:00,S0025,air_quality,downtown,edge_downtown,1,21.95840689805674,49.87494970886094,0,0
2026-01-01 03:14:00,S0026,air_quality,transit,edge_transit,1,21.571879116970035,68.08932557096458,0,0
2026-01-01 03:14:00,S0027,structure,industrial,edge_industrial,2,0.2648627740092788,25.08495869482489,0,0
2026-01-01 03:14:00,S0028,energy,residential,edge_residential,1,71.30086034262692,105.35993633423634,0,0
2026-01-01 03:14:00,S0029,air_quality,industrial,edge_industrial,1,19.26821785153679,86.5406772457447,0,0
2026-01-01 03:14:00,S0030,air_quality,industrial,edge_industrial,1,22.186378335497807,61.828056224233734,0,0
2026-01-01 03:14:00,S0031,traffic,downtown,edge_downtown,2,25.724139371473385,43.841393126115264,0,0
2026-01-01 03:14:00,S0032,traffic,industrial,edge_industrial,2,41.5769220655665,35.14266214527044,0,0
2026-01-01 03:14:00,S0033,traffic,waterfront,edge_waterfront,2,34.318854786134,42.07407136717356,0,0
2026-01-01 03:14:00,S0034,energy,residential,edge_residential,1,88.22984870766187,80.28901464181024,0,0
2026-01-01 03:14:00,S0035,traffic,industrial,edge_industrial,2,36.177503690943155,27.93964974310343,0,0
2026-01-01 03:14:00,S0036,air_quality,residential,edge_residential,1,21.969855093289617,51.18890328799395,0,0
2026-01-01 03:14:00,S0037,traffic,waterfront,edge_waterfront,2,76.65341173120629,57.47681799621877,1,0
2026-01-01 03:14:00,S0038,energy,industrial,edge_industrial,1,79.33020951792284,126.15740134663199,0,0
2026-01-01 03:14:00,S0039,traffic,residential,edge_residential,2,34.48495445107045,50.6918282470535,0,0
2026-01-01 03:15:00,S0000,energy,residential,edge_residential,1,74.24232286776126,76.51736169853476,0,0
2026-01-01 03:15:00,S0001,structure,industrial,edge_industrial,2,0.23354471132502924,35.21577636389196,0,0
2026-01-01 03:15:00,S0002,energy,waterfront,edge_waterfront,1,80.95574635316197,94.10195664305297,0,0
2026-01-01 03:15:00,S0003,traffic,waterfront,edge_waterfront,2,27.71803618491259,24.80876416451809,0,0
2026-01-01 03:15:00,S0004,traffic,downtown,edge_downtown,2,32.08655302312992,51.11065542423996,0,0
2026-01-01 03:15:00,S0005,structure,residential,edge_residential,2,0.25088549066311083,49.18641653142687,0,0
2026-01-01 03:15:00,S0006,traffic,waterfront,edge_waterfront,2,82.69647182188017,38.47371531253518,1,0
2026-01-01 03:15:00,S0007,energy,waterfront,edge_waterfront,1,78.22834837436683,56.07894420705337,0,0
2026-01-01 03:15:00,S0008,energy,transit,edge_transit,1,79.58426798910406,59.36195282585706,0,0
2026-01-01 03:15:00,S0009,air_quality,transit,edge_transit,1,20.25314570341844,77.13189465245182,0,0
2026-01-01 03:15:00,S0010,traffic,downtown,edge_downtown,2,42.295471991061724,40.23413706524938,0,0
2026-01-01 03:15:00,S0011,traffic,transit,edge_transit,2,37.54334588217564,31.150413038744663,0,0
2026-01-01 03:15:00,S0012,traffic,residential,edge_residential,2,31.999331297397738,45.19643107098675,0,0
2026-01-01 03:15:00,S0013,air_quality,downtown,edge_downtown,1,18.038513612884476,57.70486166293456,0,0
2026-01-01 03:15:00,S0014,air_quality,industrial,edge_industrial,1,22.987791251437677,38.72925649902737,0,0
2026-01-01 03:15:00,S0015,air_quality,residential,edge_residential,1,40.988775530824995,75.37453231435286,1,0
2026-01-01 03:15:00,S0016,structure,transit,edge_transit,2,0.19805531642268553,39.61600709233527,0,0
2026-01-01 03:15:00,S0017,energy,residential,edge_residential,1,78.11453726257588,89.71570536342706,0,0
2026-01-01 03:15:00,S0018,energy,transit,edge_transit,1,85.91612238734169,134.24236042457284,0,0
2026-01-01 03:15:00,S0019,structure,waterfront,edge_waterfront,2,0.19129161352518875,42.86987992201072,0,0
2026-01-01 03:15:00,S0020,traffic,transit,edge_transit,2,32.88346253662773,69.52782018676109,0,0
2026-01-01 03:15:00,S0021,traffic,industrial,edge_industrial,2,37.94292752301203,17.9066541472316,0,0
2026-01-01 03:15:00,S0022,energy,transit,edge_transit,1,98.18354042044041,82.21503814712194,0,0
2026-01-01 03:15:00,S0023,traffic,residential,edge_residential,2,44.293925483025006,55.89757462972055,0,0
2026-01-01 03:15:00,S0024,traffic,downtown,edge_downtown,2,33.82781098983662,38.097926277905906,0,0
2026-01-01 03:15:00,S0025,air_quality,downtown,edge_downtown,1,25.08451493612475,55.10656328696628,0,0
2026-01-01 03:15:00,S0026,air_quality,transit,edge_transit,1,21.82539926129994,78.27075382411172,0,0
2026-01-01 03:15:00,S0027,structure,industrial,edge_industrial,2,0.2431321250331203,44.95843984682099,0,0
2026-01-01 03:15:00,S0028,energy,residential,edge_residential,1,88.14461472975071,81.38069324817786,0,0
2026-01-01 03:15:00,S0029,air_quality,industrial,edge_industrial,1,20.810505088142932,63.95997669218643,0,0
2026-01-01 03:15:00,S0030,air_quality,industrial,edge_industrial,1,32.988763732412636,54.26908111320844,1,0
2026-01-01 03:15:00,S0031,traffic,downtown,edge_downtown,2,45.00083772241187,38.537866127471794,0,0
2026-01-01 03:15:00,S0032,traffic,industrial,edge_industrial,2,31.98201704471999,38.979120545967106,0,0
2026-01-01 03:15:00,S0033,traffic,waterfront,edge_waterfront,2,38.15784821179846,41.012093742209984,0,0
2026-01-01 03:15:00,S0034,energy,residential,edge_residential,1,77.41726373038838,59.40473569604643,0,0
2026-01-01 03:15:00,S0035,traffic,industrial,edge_industrial,2,26.41840501012914,29.715556299156262,0,0
2026-01-01 03:15:00,S0036,air_quality,residential,edge_residential,1,17.80470778251134,48.3517641679866,0,0
2026-01-01 03:15:00,S0037,traffic,waterfront,edge_waterfront,2,43.772537760650394,46.93838403317822,0,0
2026-01-01 03:15:00,S0038,energy,industrial,edge_industrial,1,76.84666779352767,53.186461269284024,0,0
2026-01-01 03:15:00,S0039,traffic,residential,edge_residential,2,30.99205251305242,54.37440720432471,0,0
2026-01-01 03:16:00,S0000,energy,residential,edge_residential,1,75.67644449413389,96.50101558788697,0,0
2026-01-01 03:16:00,S0001,structure,industrial,edge_industrial,2,0.19436441437510574,36.937393014219154,0,0
2026-01-01 03:16:00,S0002,energy,waterfront,edge_waterfront,1,83.90912869802237,79.80909120061533,0,0
2026-01-01 03:16:00,S0003,traffic,waterfront,edge_waterfront,2,41.126214363396336,52.0307002450636,0,0
2026-01-01 03:16:00,S0004,traffic,downtown,edge_downtown,2,37.900418496111506,44.94535785405229,0,0
2026-01-01 03:16:00,S0005,structure,residential,edge_residential,2,0.260226380761042,53.530166761319315,0,0
2026-01-01 03:16:00,S0006,traffic,waterfront,edge_waterfront,2,27.367609723161554,35.47930311833174,0,0
2026-01-01 03:16:00,S0007,energy,waterfront,edge_waterfront,1,84.49820269696939,96.80951689408721,0,0
2026-01-01 03:16:00,S0008,energy,transit,edge_transit,1,84.71330167647463,75.57977604765568,0,0
2026-01-01 03:16:00,S0009,air_quality,transit,edge_transit,1,27.206398053401116,77.16655641537906,0,0
2026-01-01 03:16:00,S0010,traffic,downtown,edge_downtown,2,27.93216043675423,41.25240825044705,0,0
2026-01-01 03:16:00,S0011,traffic,transit,edge_transit,2,93.62053280021908,43.76376366200588,1,0
2026-01-01 03:16:00,S0012,traffic,residential,edge_residential,2,32.175952172301756,55.459450304172925,0,0
2026-01-01 03:16:00,S0013,air_quality,downtown,edge_downtown,1,18.111472095531365,54.52509604318523,0,0
2026-01-01 03:16:00,S0014,air_quality,industrial,edge_industrial,1,18.35101891072474,64.49011421701488,0,0
2026-01-01 03:16:00,S0015,air_quality,residential,edge_residential,1,21.43805233042026,61.53530992314603,0,0
2026-01-01 03:16:00,S0016,structure,transit,edge_transit,2,0.22171776692568393,54.997897299752054,0,0
2026-01-01 03:16:00,S0017,energy,residential,edge_residential,1,78.75810032189118,62.208029003461405,0,0
2026-01-01 03:16:00,S0018,energy,transit,edge_transit,1,83.0948439958689,79.9030418485852,0,0
2026-01-01 03:16:00,S0019,structure,waterfront,edge_waterfront,2,0.2951687024588817,40.616093667577,0,0
2026-01-01 03:16:00,S0020,traffic,transit,edge_transit,2,32.69912883754266,35.40854195509117,0,0
2026-01-01 03:16:00,S0021,traffic,industrial,edge_industrial,2,,31.91386521579226,0,1
2026-01-01 03:16:00,S0022,energy,transit,edge_transit,1,84.69010680952499,89.96425248689673,0,0
2026-01-01 03:16:00,S0023,traffic,residential,edge_residential,2,31.32344499841251,31.30266634604542,0,0
2026-01-01 03:16:00,S0024,traffic,downtown,edge_downtown,2,34.40656668848164,60.5848907213115,0,0
2026-01-01 03:16:00,S0025,air_quality,downtown,edge_downtown,1,24.740542451563975,67.7833518828754,0,0
2026-01-01 03:16:00,S0026,air_quality,transit,edge_transit,1,24.272615765355308,45.60225782229193,0,0
2026-01-01 03:16:00,S0027,structure,industrial,edge_industrial,2,0.19894602007767304,47.841736087712135,0,0
2026-01-01 03:16:00,S0028,energy,residential,edge_residential,1,89.76678784296472,92.9329608146906,0,0
2026-01-01 03:16:00,S0029,air_quality,industrial,edge_industrial,1,23.13041582969286,55.11973494963505,0,0
2026-01-01 03:16:00,S0030,air_quality,industrial,edge_industrial,1,18.455118199638,67.47831268016517,0,0
2026-01-01 03:16:00,S0031,traffic,downtown,edge_downtown,2,43.70754848950889,33.56479336625036,0,0
2026-01-01 03:16:00,S0032,traffic,industrial,edge_industrial,2,41.10553230400711,44.12384220422649,0,0
2026-01-01 03:16:00,S0033,traffic,waterfront,edge_waterfront,2,27.759965452890544,35.16883365370462,0,0
2026-01-01 03:16:00,S0034,energy,residential,edge_residential,1,83.41376243472259,99.41152297756955,0,0
2026-01-01 03:16:00,S0035,traffic,industrial,edge_industrial,2,40.40112554914579,18.22748053959793,0,0
2026-01-01 03:16:00,S0036,air_quality,residential,edge_residential,1,20.17774367874432,89.48976465676095,0,0
2026-01-01 03:16:00,S0037,traffic,waterfront,edge_waterfront,2,30.773897161308206,45.32184146046361,0,0
2026-01-01 03:16:00,S0038,energy,industrial,edge_industrial,1,,57.9788480098408,0,1
2026-01-01 03:16:00,S0039,traffic,residential,edge_residential,2,38.92146456424016,52.73317144456015,0,0
2026-01-01 03:17:00,S0000,energy,residential,edge_residential,1,88.14715414726804,52.66951369743934,0,0
2026-01-01 03:17:00,S0001,structure,industrial,edge_industrial,2,0.24550976493564045,33.814419596195876,0,0
2026-01-01 03:17:00,S0002,energy,waterfront,edge_waterfront,1,83.06758191452202,75.90388026872866,0,0
2026-01-01 03:17:00,S0003,traffic,waterfront,edge_waterfront,2,33.068588385023816,44.55370804229985,0,0
2026-01-01 03:17:00,S0004,traffic,downtown,edge_downtown,2,43.35723228015196,26.247292426940554,0,0
2026-01-01 03:17:00,S0005,structure,residential,edge_residential,2,0.2567387046443253,28.94937448744087,0,0
2026-01-01 03:17:00,S0006,traffic,waterfront,edge_waterfront,2,40.74616930085973,16.053169527885153,0,0
2026-01-01 03:17:00,S0007,energy,waterfront,edge_waterfront,1,135.03350899465838,96.82501893106362,1,0
2026-01-01 03:17:00,S0008,energy,transit,edge_transit,1,74.39115706498397,69.01318488465334,0,0
2026-01-01 03:17:00,S0009,air_quality,transit,edge_transit,1,,81.3616448227674,0,1
2026-01-01 03:17:00,S0010,traffic,downtown,edge_downtown,2,24.867662915533206,32.88339187075197,0,0
2026-01-01 03:17:00,S0011,traffic,transit,edge_transit,2,44.286342666814235,35.76698141117725,0,0
2026-01-01 03:17:00,S0012,traffic,residential,edge_residential,2,38.16996300357127,22.64877450379922,0,0
2026-01-01 03:17:00,S0013,air_quality,downtown,edge_downtown,1,24.10945542645777,63.281506688478856,0,0
2026-01-01 03:17:00,S0014,air_quality,industrial,edge_industrial,1,23.055681156923686,53.01386346286942,0,0
2026-01-01 03:17:00,S0015,air_quality,residential,edge_residential,1,23.56473632206691,95.20685306324762,0,0
2026-01-01 03:17:00,S0016,structure,transit,edge_transit,2,0.30489030044398585,23.89155934101825,0,0
2026-01-01 03:17:00,S0017,energy,residential,edge_residential,1,80.4058603663585,92.86246084405225,0,0
2026-01-01 03:17:00,S0018,energy,transit,edge_transit,1,88.7447331213304,59.44433944649945,0,0
2026-01-01 03:17:00,S0019,structure,waterfront,edge_waterfront,2,0.20272581997874228,37.42466914873357,0,0
2026-01-01 03:17:00,S0020,traffic,transit,edge_transit,2,42.49659852322366,62.87321847477325,0,0
2026-01-01 03:17:00,S0021,traffic,industrial,edge_industrial,2,33.77985351065854,44.00126613199527,0,0
2026-01-01 03:17:00,S0022,energy,transit,edge_transit,1,97.59102368990557,31.08783595301192,0,0
2026-01-01 03:17:00,S0023,traffic,residential,edge_residential,2,38.678301966281566,52.63068114235408,0,0
2026-01-01 03:17:00,S0024,traffic,downtown,edge_downtown,2,24.264849592453288,67.48832733165364,0,0
2026-01-01 03:17:00,S0025,air_quality,downtown,edge_downtown,1,55.49292777011909,68.49319214020065,1,0
2026-01-01 03:17:00,S0026,air_quality,transit,edge_transit,1,22.00136892165517,71.40727920080774,0,0
2026-01-01 03:17:00,S0027,structure,industrial,edge_industrial,2,0.19044119405150445,41.18824318163614,0,0
2026-01-01 03:17:00,S0028,energy,residential,edge_residential,1,83.68992138556044,60.592081093510814,0,0
2026-01-01 03:17:00,S0029,air_quality,industrial,edge_industrial,1,21.12283602209265,63.59421595641313,0,0
2026-01-01 03:17:00,S0030,air_quality,industrial,edge_industrial,1,28.067429292816023,73.05074042094662,0,0
2026-01-01 03:17:00,S0031,traffic,downtown,edge_downtown,2,33.132352819753734,39.716975705657816,0,0
2026-01-01 03:17:00,S0032,traffic,industrial,edge_industrial,2,36.78327562186661,44.93154184268188,0,0
2026-01-01 03:17:00,S0033,traffic,waterfront,edge_waterfront,2,32.887232094521174,47.583758897579884,0,0
2026-01-01 03:17:00,S0034,energy,residential,edge_residential,1,80.40788045281937,144.66460829739518,0,0
2026-01-01 03:17:00,S0035,traffic,industrial,edge_industrial,2,30.133495022012035,44.064604875384475,0,0
2026-01-01 03:17:00,S0036,air_quality,residential,edge_residential,1,23.97991353685644,69.90948036492269,0,0
2026-01-01 03:17:00,S0037,traffic,waterfront,edge_waterfront,2,36.95107785674079,48.61826939584045,0,0
2026-01-01 03:17:00,S0038,energy,industrial,edge_industrial,1,83.41302151489805,63.3300050142136,0,0
2026-01-01 03:17:00,S0039,traffic,residential,edge_residential,2,66.92838589242051,35.44598170967215,1,0
2026-01-01 03:18:00,S0000,energy,residential,edge_residential,1,82.35184922439893,84.18858094536682,0,0
2026-01-01 03:18:00,S0001,structure,industrial,edge_industrial,2,0.21303214815625526,45.731898449006316,0,0
2026-01-01 03:18:00,S0002,energy,waterfront,edge_waterfront,1,87.86465617575584,82.38367146363846,0,0
2026-01-01 03:18:00,S0003,traffic,waterfront,edge_waterfront,2,33.40032214141964,40.081808628577505,0,0
2026-01-01 03:18:00,S0004,traffic,downtown,edge_downtown,2,59.23349306265614,38.29217696954367,1,0
2026-01-01 03:18:00,S0005,structure,residential,edge_residential,2,0.22696055071630217,34.21833268848212,0,0
2026-01-01 03:18:00,S0006,traffic,waterfront,edge_waterfront,2,35.0922546936783,59.718722905183924,0,0
2026-01-01 03:18:00,S0007,energy,waterfront,edge_waterfront,1,74.70969597708901,84.58864872548459,0,0
2026-01-01 03:18:00,S0008,energy,transit,edge_transit,1,78.15097493664531,55.516252402075224,0,0
2026-01-01 03:18:00,S0009,air_quality,transit,edge_transit,1,21.562303542508243,67.95404991214919,0,0
2026-01-01 03:18:00,S0010,traffic,downtown,edge_downtown,2,38.45469129455224,33.64157841259141,0,0
2026-01-01 03:18:00,S0011,traffic,transit,edge_transit,2,35.99249681271356,34.91794301075096,0,0
2026-01-01 03:18:00,S0012,traffic,residential,edge_residential,2,35.428021059822356,50.47318708144906,0,0
2026-01-01 03:18:00,S0013,air_quality,downtown,edge_downtown,1,23.578639006995594,62.68073881060084,0,0
2026-01-01 03:18:00,S0014,air_quality,industrial,edge_industrial,1,19.74320183513096,52.89450526208253,0,0
2026-01-01 03:18:00,S0015,air_quality,residential,edge_residential,1,22.32451463158936,53.99835208178436,0,0
2026-01-01 03:18:00,S0016,structure,transit,edge_transit,2,0.2607585829380607,36.92665158098458,0,0
2026-01-01 03:18:00,S0017,energy,residential,edge_residential,1,82.45361103715723,86.83979792072032,0,0
2026-01-01 03:18:00,S0018,energy,transit,edge_transit,1,84.59843583627266,81.10265909471963,0,0
2026-01-01 03:18:00,S0019,structure,waterfront,edge_waterfront,2,0.27712465924113194,30.68381308168883,0,0
2026-01-01 03:18:00,S0020,traffic,transit,edge_transit,2,32.053232668933056,32.09325622765117,0,0
2026-01-01 03:18:00,S0021,traffic,industrial,edge_industrial,2,35.97608396861522,45.05941473499595,0,0
2026-01-01 03:18:00,S0022,energy,transit,edge_transit,1,75.76200725793758,57.86220896058437,0,0
2026-01-01 03:18:00,S0023,traffic,residential,edge_residential,2,39.47068196915555,42.028003676011195,0,0
2026-01-01 03:18:00,S0024,traffic,downtown,edge_downtown,2,37.65984844678164,44.1188864647051,0,0
2026-01-01 03:18:00,S0025,air_quality,downtown,edge_downtown,1,22.777060948123466,51.36414205011156,0,0
2026-01-01 03:18:00,S0026,air_quality,transit,edge_transit,1,20.177128347587093,58.36221752221477,0,0
2026-01-01 03:18:00,S0027,structure,industrial,edge_industrial,2,0.22257913888832143,30.011557469740687,0,0
2026-01-01 03:18:00,S0028,energy,residential,edge_residential,1,79.47665255693025,80.29534407483116,0,0
2026-01-01 03:18:00,S0029,air_quality,industrial,edge_industrial,1,21.607078040659115,71.9670313077991,0,0
2026-01-01 03:18:00,S0030,air_quality,industrial,edge_industrial,1,20.790573313879307,65.98916191966468,0,0
2026-01-01 03:18:00,S0031,traffic,downtown,edge_downtown,2,38.34259526118578,38.83869698673451,0,0
2026-01-01 03:18:00,S0032,traffic,industrial,edge_industrial,2,30.984032403059125,52.84698258427484,0,0
2026-01-01 03:18:00,S0033,traffic,waterfront,edge_waterfront,2,29.755928582707746,38.966680903641596,0,0
2026-01-01 03:18:00,S0034,energy,residential,edge_residential,1,85.19103550451979,70.85476904596536,0,0
2026-01-01 03:18:00,S0035,traffic,industrial,edge_industrial,2,44.306797401379725,29.024586801588377,0,0
2026-01-01 03:18:00,S0036,air_quality,residential,edge_residential,1,20.173468087420105,80.84416832549327,0,0
2026-01-01 03:18:00,S0037,traffic,waterfront,edge_waterfront,2,34.209661837889996,39.064471549110465,0,0
2026-01-01 03:18:00,S0038,energy,industrial,edge_industrial,1,84.663984893199,54.53758015365958,0,0
2026-01-01 03:18:00,S0039,traffic,residential,edge_residential,2,57.808312774536645,32.117030106157266,1,0
2026-01-01 03:19:00,S0000,energy,residential,edge_residential,1,81.73648249611843,69.38882015660171,0,0
2026-01-01 03:19:00,S0001,structure,industrial,edge_industrial,2,0.2554282432866661,35.42108739279355,0,0
2026-01-01 03:19:00,S0002,energy,waterfront,edge_waterfront,1,74.241811601654,93.42604181133592,0,0
2026-01-01 03:19:00,S0003,traffic,waterfront,edge_waterfront,2,44.395520276033366,47.221395358198514,0,0
2026-01-01 03:19:00,S0004,traffic,downtown,edge_downtown,2,27.72391344957078,43.648159224007244,0,0
2026-01-01 03:19:00,S0005,structure,residential,edge_residential,2,0.2538289036608937,27.831536200872975,0,0
2026-01-01 03:19:00,S0006,traffic,waterfront,edge_waterfront,2,35.059023149503346,32.73234586549142,0,0
2026-01-01 03:19:00,S0007,energy,waterfront,edge_waterfront,1,194.2204274171345,97.69592514187534,1,0
2026-01-01 03:19:00,S0008,energy,transit,edge_transit,1,74.06257600939328,72.40347842463129,0,0
2026-01-01 03:19:00,S0009,air_quality,transit,edge_transit,1,24.788865482110324,55.666830055781816,0,0
2026-01-01 03:19:00,S0010,traffic,downtown,edge_downtown,2,34.87311313420744,49.32858910182079,0,0
2026-01-01 03:19:00,S0011,traffic,transit,edge_transit,2,29.737935384965542,62.241642029288265,0,0
2026-01-01 03:19:00,S0012,traffic,residential,edge_residential,2,34.15389850509677,43.75102469527901,0,0
2026-01-01 03:19:00,S0013,air_quality,downtown,edge_downtown,1,17.46998407049954,73.07075323387464,0,0
2026-01-01 03:19:00,S0014,air_quality,industrial,edge_industrial,1,21.721968486364847,57.663474042000836,0,0
2026-01-01 03:19:00,S0015,air_quality,residential,edge_residential,1,24.586054036138936,89.01101582555061,0,0
2026-01-01 03:19:00,S0016,structure,transit,edge_transit,2,0.2922519847276427,32.47620264777558,0,0
2026-01-01 03:19:00,S0017,energy,residential,edge_residential,1,89.88477446293217,103.2990262805783,0,0
2026-01-01 03:19:00,S0018,energy,transit,edge_transit,1,176.62327504641164,83.214199944689,1,0
2026-01-01 03:19:00,S0019,structure,waterfront,edge_waterfront,2,0.23515069756571652,30.557645132814518,0,0
2026-01-01 03:19:00,S0020,traffic,transit,edge_transit,2,30.458243293929556,42.285584022964315,0,0
2026-01-01 03:19:00,S0021,traffic,industrial,edge_industrial,2,38.240838260097846,58.564796497869565,0,0
2026-01-01 03:19:00,S0022,energy,transit,edge_transit,1,74.51677659424293,77.64921619180596,0,0
2026-01-01 03:19:00,S0023,traffic,residential,edge_residential,2,42.099189226235666,28.839513427333966,0,0
2026-01-01 03:19:00,S0024,traffic,downtown,edge_downtown,2,33.03160711377441,42.116874294836485,0,0
2026-01-01 03:19:00,S0025,air_quality,downtown,edge_downtown,1,17.59178954950505,55.01804289949882,0,0
2026-01-01 03:19:00,S0026,air_quality,transit,edge_transit,1,23.95600520637895,101.32081222584802,0,0
2026-01-01 03:19:00,S0027,structure,industrial,edge_industrial,2,0.247541613244312,29.93410915336938,0,0
2026-01-01 03:19:00,S0028,energy,residential,edge_residential,1,84.51552596260575,70.31423320041473,0,0
2026-01-01 03:19:00,S0029,air_quality,industrial,edge_industrial,1,17.016793632201182,33.801786153437604,0,0
2026-01-01 03:19:00,S0030,air_quality,industrial,edge_industrial,1,17.29499631891299,67.16066280568045,0,0
2026-01-01 03:19:00,S0031,traffic,downtown,edge_downtown,2,38.30172897408343,51.13798078768765,0,0
2026-01-01 03:19:00,S0032,traffic,industrial,edge_industrial,2,31.423291115070207,37.30345994883514,0,0
2026-01-01 03:19:00,S0033,traffic,waterfront,edge_waterfront,2,35.57524244284926,39.99112098734868,0,0
2026-01-01 03:19:00,S0034,energy,residential,edge_residential,1,79.2955223001129,73.96827060432622,0,0
2026-01-01 03:19:00,S0035,traffic,industrial,edge_industrial,2,39.69797790042748,57.395391797065514,0,0
2026-01-01 03:19:00,S0036,air_quality,residential,edge_residential,1,17.128672024473513,70.4016271520298,0,0
2026-01-01 03:19:00,S0037,traffic,waterfront,edge_waterfront,2,43.713223883090706,41.649502496780585,0,0
2026-01-01 03:19:00,S0038,energy,industrial,edge_industrial,1,78.48263170912507,56.09973548898018,0,0
2026-01-01 03:19:00,S0039,traffic,residential,edge_residential,2,29.846262337692806,43.99134774487125,0,0
2026-01-01 03:20:00,S0000,energy,residential,edge_residential,1,81.16989591376495,72.62421898277184,0,0
2026-01-01 03:20:00,S0001,structure,industrial,edge_industrial,2,0.26955105137730684,40.80145877260368,0,0
2026-01-01 03:20:00,S0002,energy,waterfront,edge_waterfront,1,72.44338409899683,89.15732427015702,0,0
2026-01-01 03:20:00,S0003,traffic,waterfront,edge_waterfront,2,40.38460655577609,46.56927099130096,0,0
2026-01-01 03:20:00,S0004,traffic,downtown,edge_downtown,2,36.43687720811663,61.38897629318557,0,0
2026-01-01 03:20:00,S0005,structure,residential,edge_residential,2,0.1983928577843871,45.382851481145394,0,0
2026-01-01 03:20:00,S0006,traffic,waterfront,edge_waterfront,2,45.29404665774557,40.819970356111014,1,0
2026-01-01 03:20:00,S0007,energy,waterfront,edge_waterfront,1,73.77672429758547,82.23738580230994,0,0
2026-01-01 03:20:00,S0008,energy,transit,edge_transit,1,82.98305483194667,80.40672496525517,0,0
2026-01-01 03:20:00,S0009,air_quality,transit,edge_transit,1,22.08205523014757,38.60667519993582,0,0
2026-01-01 03:20:00,S0010,traffic,downtown,edge_downtown,2,36.36562243113035,40.75387803008049,0,0
2026-01-01 03:20:00,S0011,traffic,transit,edge_transit,2,36.45712114491857,51.21671727761978,0,0
2026-01-01 03:20:00,S0012,traffic,residential,edge_residential,2,28.206949254549208,34.78614488422374,0,0
2026-01-01 03:20:00,S0013,air_quality,downtown,edge_downtown,1,21.921042115803573,50.773395171731266,0,0
2026-01-01 03:20:00,S0014,air_quality,industrial,edge_industrial,1,22.53343324874586,43.6624241130582,0,0
2026-01-01 03:20:00,S0015,air_quality,residential,edge_residential,1,47.430091108511924,50.17506201304026,1,0
2026-01-01 03:20:00,S0016,structure,transit,edge_transit,2,0.24993530590521454,51.023680570005624,0,0
2026-01-01 03:20:00,S0017,energy,residential,edge_residential,1,94.990593371013,84.06733099230361,0,0
2026-01-01 03:20:00,S0018,energy,transit,edge_transit,1,129.76812887477624,101.17073709336881,1,0
2026-01-01 03:20:00,S0019,structure,waterfront,edge_waterfront,2,0.2822648777353641,41.70071954253164,0,0
2026-01-01 03:20:00,S0020,traffic,transit,edge_transit,2,39.26357026952598,32.01339752899278,0,0
2026-01-01 03:20:00,S0021,traffic,industrial,edge_industrial,2,35.53162474529522,51.36881247429339,0,0
2026-01-01 03:20:00,S0022,energy,transit,edge_transit,1,84.75895315962528,97.73157974209934,0,0
2026-01-01 03:20:00,S0023,traffic,residential,edge_residential,2,34.261654581393486,36.443382318146476,0,0
2026-01-01 03:20:00,S0024,traffic,downtown,edge_downtown,2,37.809628146063886,66.97890283042781,0,0
2026-01-01 03:20:00,S0025,air_quality,downtown,edge_downtown,1,30.361199130901404,79.74547438012671,1,0
2026-01-01 03:20:00,S0026,air_quality,transit,edge_transit,1,21.86119968037805,75.39620874032468,0,0
2026-01-01 03:20:00,S0027,structure,industrial,edge_industrial,2,0.3000922305042506,36.819709157684564,0,0
2026-01-01 03:20:00,S0028,energy,residential,edge_residential,1,84.58366763794044,60.25155308912284,0,0
2026-01-01 03:20:00,S0029,air_quality,industrial,edge_industrial,1,18.916588756090743,57.62241469794827,0,0
2026-01-01 03:20:00,S0030,air_quality,industrial,edge_industrial,1,21.82272965950717,85.81799624467268,0,0
2026-01-01 03:20:00,S0031,traffic,downtown,edge_downtown,2,30.70037244980685,54.63416919721772,0,0
2026-01-01 03:20:00,S0032,traffic,industrial,edge_industrial,2,36.995067867247165,45.15044302088188,0,0
2026-01-01 03:20:00,S0033,traffic,waterfront,edge_waterfront,2,38.95376462613261,24.302436065950356,0,0
2026-01-01 03:20:00,S0034,energy,residential,edge_residential,1,79.19022123071316,72.64274141453132,0,0
2026-01-01 03:20:00,S0035,traffic,industrial,edge_industrial,2,35.75044801658351,25.07458095178599,0,0
2026-01-01 03:20:00,S0036,air_quality,residential,edge_residential,1,23.19311285898389,62.43045312256926,0,0
2026-01-01 03:20:00,S0037,traffic,waterfront,edge_waterfront,2,41.02233507386774,47.686771332274155,0,0
2026-01-01 03:20:00,S0038,energy,industrial,edge_industrial,1,83.55436023449538,114.24372106344128,0,0
2026-01-01 03:20:00,S0039,traffic,residential,edge_residential,2,,49.826958494734754,0,1
2026-01-01 03:21:00,S0000,energy,residential,edge_residential,1,81.7630290504431,45.169711042028425,0,0
2026-01-01 03:21:00,S0001,structure,industrial,edge_industrial,2,0.19466034683265615,34.27215640949062,0,0
2026-01-01 03:21:00,S0002,energy,waterfront,edge_waterfront,1,82.96703393346057,89.83944423533865,0,0
2026-01-01 03:21:00,S0003,traffic,waterfront,edge_waterfront,2,34.11495955667368,54.29288592723766,0,0
2026-01-01 03:21:00,S0004,traffic,downtown,edge_downtown,2,41.03888632513268,46.58249703694644,0,0
2026-01-01 03:21:00,S0005,structure,residential,edge_residential,2,0.13780783058329837,25.296899972877092,0,0
2026-01-01 03:21:00,S0006,traffic,waterfront,edge_waterfront,2,37.62387768966485,30.78326083205497,0,0
2026-01-01 03:21:00,S0007,energy,waterfront,edge_waterfront,1,86.97085160938339,92.49433275853515,0,0
2026-01-01 03:21:00,S0008,energy,transit,edge_transit,1,78.31926128271407,80.53682449100388,0,0
2026-01-01 03:21:00,S0009,air_quality,transit,edge_transit,1,21.567644044106633,58.9064121356996,0,0
2026-01-01 03:21:00,S0010,traffic,downtown,edge_downtown,2,37.997999701545744,36.84515845692471,0,0
2026-01-01 03:21:00,S0011,traffic,transit,edge_transit,2,34.27532955162202,47.03634993537684,0,0
2026-01-01 03:21:00,S0012,traffic,residential,edge_residential,2,38.86999286043336,37.49750964615039,0,0
2026-01-01 03:21:00,S0013,air_quality,downtown,edge_downtown,1,22.93928551369353,40.72117598124417,0,0
2026-01-01 03:21:00,S0014,air_quality,industrial,edge_industrial,1,21.549963088874968,33.47994957487853,0,0
2026-01-01 03:21:00,S0015,air_quality,residential,edge_residential,1,23.71383109561306,38.00390052150712,0,0
2026-01-01 03:21:00,S0016,structure,transit,edge_transit,2,0.29190008294601405,51.98198156393407,0,0
2026-01-01 03:21:00,S0017,energy,residential,edge_residential,1,79.68666201931578,80.66129116307556,0,0
2026-01-01 03:21:00,S0018,energy,transit,edge_transit,1,77.86879235737187,56.772798042647736,0,0
2026-01-01 03:21:00,S0019,structure,waterfront,edge_waterfront,2,0.2919925673970166,23.766512021184923,0,0
2026-01-01 03:21:00,S0020,traffic,transit,edge_transit,2,43.3889569813444,55.92459703524338,0,0
2026-01-01 03:21:00,S0021,traffic,industrial,edge_industrial,2,35.3618510797297,27.886147602184025,0,0
2026-01-01 03:21:00,S0022,energy,transit,edge_transit,1,81.08301803195378,109.54662637925392,0,0
2026-01-01 03:21:00,S0023,traffic,residential,edge_residential,2,42.05551331271758,39.02735058634973,0,0
2026-01-01 03:21:00,S0024,traffic,downtown,edge_downtown,2,38.45180678972682,47.23192367851418,0,0
2026-01-01 03:21:00,S0025,air_quality,downtown,edge_downtown,1,23.39529836443446,56.550678888329465,0,0
2026-01-01 03:21:00,S0026,air_quality,transit,edge_transit,1,24.016158654264053,77.60536331894605,0,0
2026-01-01 03:21:00,S0027,structure,industrial,edge_industrial,2,0.22413916731471317,40.8230819367977,0,0
2026-01-01 03:21:00,S0028,energy,residential,edge_residential,1,82.05352385229979,99.53254182783449,0,0
2026-01-01 03:21:00,S0029,air_quality,industrial,edge_industrial,1,22.504791998758183,47.084586500371785,0,0
2026-01-01 03:21:00,S0030,air_quality,industrial,edge_industrial,1,24.588572196823595,76.03565405278547,0,0
2026-01-01 03:21:00,S0031,traffic,downtown,edge_downtown,2,,23.908243614651255,0,1
2026-01-01 03:21:00,S0032,traffic,industrial,edge_industrial,2,35.2077268340293,30.03150313479462,0,0
2026-01-01 03:21:00,S0033,traffic,waterfront,edge_waterfront,2,34.74772726984062,49.322008929590865,0,0
2026-01-01 03:21:00,S0034,energy,residential,edge_residential,1,79.71291409783097,60.73593493866425,0,0
2026-01-01 03:21:00,S0035,traffic,industrial,edge_industrial,2,36.88988237309675,49.546138859265795,0,0
2026-01-01 03:21:00,S0036,air_quality,residential,edge_residential,1,23.774853877681856,69.61656603349911,0,0
2026-01-01 03:21:00,S0037,traffic,waterfront,edge_waterfront,2,40.26796871743871,48.061854514615675,0,0
2026-01-01 03:21:00,S0038,energy,industrial,edge_industrial,1,73.1519137959294,88.65458505831188,0,0
2026-01-01 03:21:00,S0039,traffic,residential,edge_residential,2,22.204929398305374,28.62867760059647,0,0
2026-01-01 03:22:00,S0000,energy,residential,edge_residential,1,86.40680263248827,62.189113883935846,0,0
2026-01-01 03:22:00,S0001,structure,industrial,edge_industrial,2,0.2189790403777523,23.891532183564607,0,0
2026-01-01 03:22:00,S0002,energy,waterfront,edge_waterfront,1,,83.08288350840286,0,1
2026-01-01 03:22:00,S0003,traffic,waterfront,edge_waterfront,2,26.54865157747272,37.33075592337562,0,0
2026-01-01 03:22:00,S0004,traffic,downtown,edge_downtown,2,34.43029839016473,41.582571737003036,0,0
2026-01-01 03:22:00,S0005,structure,residential,edge_residential,2,0.2509647525784502,48.81394283269483,0,0
2026-01-01 03:22:00,S0006,traffic,waterfront,edge_waterfront,2,35.021518951963735,45.98210846689944,0,0
2026-01-01 03:22:00,S0007,energy,waterfront,edge_waterfront,1,84.13010710600558,117.65812892923135,0,0
2026-01-01 03:22:00,S0008,energy,transit,edge_transit,1,86.8800756629888,91.90338336749834,0,0
2026-01-01 03:22:00,S0009,air_quality,transit,edge_transit,1,24.44655697738569,51.555599678514966,0,0
2026-01-01 03:22:00,S0010,traffic,downtown,edge_downtown,2,35.690534829187726,35.539682040153004,0,0
2026-01-01 03:22:00,S0011,traffic,transit,edge_transit,2,39.803151340564725,37.59698414063736,0,0
2026-01-01 03:22:00,S0012,traffic,residential,edge_residential,2,35.85440653796904,37.74894261234619,0,0
2026-01-01 03:22:00,S0013,air_quality,downtown,edge_downtown,1,18.30255696941069,39.24544640433871,0,0
2026-01-01 03:22:00,S0014,air_quality,industrial,edge_industrial,1,24.682028885333693,96.6511394867174,0,0
2026-01-01 03:22:00,S0015,air_quality,residential,edge_residential,1,23.144478395009546,51.140514371761824,0,0
2026-01-01 03:22:00,S0016,structure,transit,edge_transit,2,0.23028190834153084,33.15642764451508,0,0
2026-01-01 03:22:00,S0017,energy,residential,edge_residential,1,80.70776456080736,43.66511623773278,0,0
2026-01-01 03:22:00,S0018,energy,transit,edge_transit,1,78.5329869015333,72.75818606669738,0,0
2026-01-01 03:22:00,S0019,structure,waterfront,edge_waterfront,2,0.2372007509188616,53.7977036835768,0,0
2026-01-01 03:22:00,S0020,traffic,transit,edge_transit,2,29.316043396523316,43.11404699223045,0,0
2026-01-01 03:22:00,S0021,traffic,industrial,edge_industrial,2,42.64096366898931,49.69753742256611,0,0
2026-01-01 03:22:00,S0022,energy,transit,edge_transit,1,89.82446264615808,115.73300006147852,0,0
2026-01-01 03:22:00,S0023,traffic,residential,edge_residential,2,36.39008637022139,52.05826271922316,0,0
2026-01-01 03:22:00,S0024,traffic,downtown,edge_downtown,2,34.66401653657592,48.65121560915364,0,0
2026-01-01 03:22:00,S0025,air_quality,downtown,edge_downtown,1,19.581401050834536,63.92075171411934,0,0
2026-01-01 03:22:00,S0026,air_quality,transit,edge_transit,1,27.367111147948442,70.87103705696873,0,0
2026-01-01 03:22:00,S0027,structure,industrial,edge_industrial,2,0.2688549370545772,42.46247509220589,0,0
2026-01-01 03:22:00,S0028,energy,residential,edge_residential,1,83.13860860519904,67.05084624022693,0,0
2026-01-01 03:22:00,S0029,air_quality,industrial,edge_industrial,1,22.385027235287055,53.99285053019027,0,0
2026-01-01 03:22:00,S0030,air_quality,industrial,edge_industrial,1,24.144460174912787,70.0946706440816,0,0
2026-01-01 03:22:00,S0031,traffic,downtown,edge_downtown,2,,22.029236584726984,0,1
2026-01-01 03:22:00,S0032,traffic,industrial,edge_industrial,2,38.971024134600476,27.212027569254808,0,0
2026-01-01 03:22:00,S0033,traffic,waterfront,edge_waterfront,2,30.21281061509755,43.29141232853831,0,0
2026-01-01 03:22:00,S0034,energy,residential,edge_residential,1,83.20794829295887,53.38561388770006,0,0
2026-01-01 03:22:00,S0035,traffic,industrial,edge_industrial,2,27.432838392510703,49.099378889021445,0,0
2026-01-01 03:22:00,S0036,air_quality,residential,edge_residential,1,20.308921447803765,61.28260584931618,0,0
2026-01-01 03:22:00,S0037,traffic,waterfront,edge_waterfront,2,33.32756563571259,40.346711121327104,0,0
2026-01-01 03:22:00,S0038,energy,industrial,edge_industrial,1,84.34584171964279,99.4441423973418,0,0
2026-01-01 03:22:00,S0039,traffic,residential,edge_residential,2,44.34294537806819,40.48421598989778,0,0
2026-01-01 03:23:00,S0000,energy,residential,edge_residential,1,84.93129344537947,79.5901214108577,0,0
2026-01-01 03:23:00,S0001,structure,industrial,edge_industrial,2,0.21382389288250997,46.60799185106976,0,0
2026-01-01 03:23:00,S0002,energy,waterfront,edge_waterfront,1,94.33483242030422,64.60132162618501,0,0
2026-01-01 03:23:00,S0003,traffic,waterfront,edge_waterfront,2,36.66418927874024,39.144063715352694,0,0
2026-01-01 03:23:00,S0004,traffic,downtown,edge_downtown,2,41.43466297293529,55.10987916940003,0,0
2026-01-01 03:23:00,S0005,structure,residential,edge_residential,2,0.18703292668939678,46.49453474818235,0,0
2026-01-01 03:23:00,S0006,traffic,waterfront,edge_waterfront,2,41.95261375463273,27.054305301486465,0,0
2026-01-01 03:23:00,S0007,energy,waterfront,edge_waterfront,1,75.63535225215058,103.17904401939668,0,0
2026-01-01 03:23:00,S0008,energy,transit,edge_transit,1,88.33612899558592,45.12948822288185,0,0
2026-01-01 03:23:00,S0009,air_quality,transit,edge_transit,1,19.54097637428928,34.831227049545745,0,0
2026-01-01 03:23:00,S0010,traffic,downtown,edge_downtown,2,31.318189428035797,43.421632015913644,0,0
2026-01-01 03:23:00,S0011,traffic,transit,edge_transit,2,29.653487206855957,46.285626615352186,0,0
2026-01-01 03:23:00,S0012,traffic,residential,edge_residential,2,53.85568805936017,28.112759529224732,1,0
2026-01-01 03:23:00,S0013,air_quality,downtown,edge_downtown,1,24.5335821971777,83.29160856403307,0,0
2026-01-01 03:23:00,S0014,air_quality,industrial,edge_industrial,1,20.299688286277078,62.8672436369722,0,0
2026-01-01 03:23:00,S0015,air_quality,residential,edge_residential,1,20.603641731360828,70.2493553488797,0,0
2026-01-01 03:23:00,S0016,structure,transit,edge_transit,2,0.23079953134526487,38.88436529037717,0,0
2026-01-01 03:23:00,S0017,energy,residential,edge_residential,1,85.33261229074314,86.74699578928544,0,0
2026-01-01 03:23:00,S0018,energy,transit,edge_transit,1,75.65624819829769,75.24625726899336,0,0
2026-01-01 03:23:00,S0019,structure,waterfront,edge_waterfront,2,0.12735611440074796,53.28107814697858,0,0
2026-01-01 03:23:00,S0020,traffic,transit,edge_transit,2,30.89057988637047,43.81121389346578,0,0
2026-01-01 03:23:00,S0021,traffic,industrial,edge_industrial,2,34.88918719545078,45.57360096863192,0,0
2026-01-01 03:23:00,S0022,energy,transit,edge_transit,1,86.8894055574566,65.93506422012608,0,0
2026-01-01 03:23:00,S0023,traffic,residential,edge_residential,2,30.828961173411372,54.49568536407185,0,0
2026-01-01 03:23:00,S0024,traffic,downtown,edge_downtown,2,44.35846958518927,47.5015364189115,0,0
2026-01-01 03:23:00,S0025,air_quality,downtown,edge_downtown,1,18.51725424772434,62.12595870799476,0,0
2026-01-01 03:23:00,S0026,air_quality,transit,edge_transit,1,24.013968807660934,73.06743343907118,0,0
2026-01-01 03:23:00,S0027,structure,industrial,edge_industrial,2,0.33099143908037965,38.36741579711328,0,0
2026-01-01 03:23:00,S0028,energy,residential,edge_residential,1,121.36111137747768,86.82813689795582,1,0
2026-01-01 03:23:00,S0029,air_quality,industrial,edge_industrial,1,24.617911878937495,57.82429351895648,0,0
2026-01-01 03:23:00,S0030,air_quality,industrial,edge_industrial,1,21.4142566224752,55.170238590121826,0,0
2026-01-01 03:23:00,S0031,traffic,downtown,edge_downtown,2,43.53037528879528,33.47562575910146,0,0
2026-01-01 03:23:00,S0032,traffic,industrial,edge_industrial,2,26.267426988225132,58.93872559415367,0,0
2026-01-01 03:23:00,S0033,traffic,waterfront,edge_waterfront,2,32.78120407461864,40.0023893069864,0,0
2026-01-01 03:23:00,S0034,energy,residential,edge_residential,1,181.25801091555104,98.28210264443032,1,0
2026-01-01 03:23:00,S0035,traffic,industrial,edge_industrial,2,27.22994625448541,34.01179491660961,0,0
2026-01-01 03:23:00,S0036,air_quality,residential,edge_residential,1,21.251311936615913,69.54344131526936,0,0
2026-01-01 03:23:00,S0037,traffic,waterfront,edge_waterfront,2,44.60984865475969,37.604483802780315,0,0
2026-01-01 03:23:00,S0038,energy,industrial,edge_industrial,1,72.6135152748919,93.80749792549868,0,0
2026-01-01 03:23:00,S0039,traffic,residential,edge_residential,2,40.631977714416344,46.61696148971298,0,0
2026-01-01 03:24:00,S0000,energy,residential,edge_residential,1,82.95141762201237,97.76906348187217,0,0
2026-01-01 03:24:00,S0001,structure,industrial,edge_industrial,2,0.2814635079306775,27.94779812825667,0,0
2026-01-01 03:24:00,S0002,energy,waterfront,edge_waterfront,1,85.35686427910711,74.76809158423325,0,0
2026-01-01 03:24:00,S0003,traffic,waterfront,edge_waterfront,2,38.575353119423845,38.961025491657644,0,0
2026-01-01 03:24:00,S0004,traffic,downtown,edge_downtown,2,39.00648972226605,41.38530584301803,0,0
2026-01-01 03:24:00,S0005,structure,residential,edge_residential,2,0.21532173505855706,42.282633873646155,0,0
2026-01-01 03:24:00,S0006,traffic,waterfront,edge_waterfront,2,33.36630289967037,43.11751118317249,0,0
2026-01-01 03:24:00,S0007,energy,waterfront,edge_waterfront,1,82.71555010135417,68.12036715720977,0,0
2026-01-01 03:24:00,S0008,energy,transit,edge_transit,1,82.4870969654085,50.01976584318385,0,0
2026-01-01 03:24:00,S0009,air_quality,transit,edge_transit,1,23.98581109050555,91.64685686195276,0,0
2026-01-01 03:24:00,S0010,traffic,downtown,edge_downtown,2,36.96436780361835,42.6418521219128,0,0
2026-01-01 03:24:00,S0011,traffic,transit,edge_transit,2,34.889626774756415,40.0880052646024,0,0
2026-01-01 03:24:00,S0012,traffic,residential,edge_residential,2,36.020402584043275,35.97501026346336,0,0
2026-01-01 03:24:00,S0013,air_quality,downtown,edge_downtown,1,18.8175789725389,44.54036259132787,0,0
2026-01-01 03:24:00,S0014,air_quality,industrial,edge_industrial,1,21.06796112560263,49.70621272712985,0,0
2026-01-01 03:24:00,S0015,air_quality,residential,edge_residential,1,25.382985887024443,81.00226214374538,0,0
2026-01-01 03:24:00,S0016,structure,transit,edge_transit,2,0.21373801710549728,46.14346379598282,0,0
2026-01-01 03:24:00,S0017,energy,residential,edge_residential,1,188.06301466497135,96.10002102265784,1,0
2026-01-01 03:24:00,S0018,energy,transit,edge_transit,1,79.86660740234922,101.4789024941744,0,0
2026-01-01 03:24:00,S0019,structure,waterfront,edge_waterfront,2,0.16739721425731396,24.164336248579424,0,0
2026-01-01 03:24:00,S0020,traffic,transit,edge_transit,2,30.60347507430665,52.444558585475,0,0
2026-01-01 03:24:00,S0021,traffic,industrial,edge_industrial,2,42.18204202171583,42.730145268972194,0,0
2026-01-01 03:24:00,S0022,energy,transit,edge_transit,1,87.04121187518874,82.62113400211217,0,0
2026-01-01 03:24:00,S0023,traffic,residential,edge_residential,2,40.9626055940602,22.873990071393745,0,0
2026-01-01 03:24:00,S0024,traffic,downtown,edge_downtown,2,27.16726167616789,43.6143049912948,0,0
2026-01-01 03:24:00,S0025,air_quality,downtown,edge_downtown,1,25.01094099923637,53.30082443014322,0,0
2026-01-01 03:24:00,S0026,air_quality,transit,edge_transit,1,18.833397010838787,61.67116051889209,0,0
2026-01-01 03:24:00,S0027,structure,industrial,edge_industrial,2,0.32851958266184167,22.043882736771902,0,0
2026-01-01 03:24:00,S0028,energy,residential,edge_residential,1,82.48827585254413,73.69512671292003,0,0
2026-01-01 03:24:00,S0029,air_quality,industrial,edge_industrial,1,23.71923115250502,86.37110304208552,0,0
2026-01-01 03:24:00,S0030,air_quality,industrial,edge_industrial,1,20.99419994762855,45.51062031103508,0,0
2026-01-01 03:24:00,S0031,traffic,downtown,edge_downtown,2,24.63273026920395,53.098337909800975,0,0
2026-01-01 03:24:00,S0032,traffic,industrial,edge_industrial,2,41.41668525175007,40.278220723895,0,0
2026-01-01 03:24:00,S0033,traffic,waterfront,edge_waterfront,2,32.83539373112051,43.992080102951306,0,0
2026-01-01 03:24:00,S0034,energy,residential,edge_residential,1,75.2874018476125,47.80443782248408,0,0
2026-01-01 03:24:00,S0035,traffic,industrial,edge_industrial,2,42.950476560175176,41.212659749293806,0,0
2026-01-01 03:24:00,S0036,air_quality,residential,edge_residential,1,22.379931571352913,36.62572753523175,0,0
2026-01-01 03:24:00,S0037,traffic,waterfront,edge_waterfront,2,37.18611776137355,58.6003790711038,0,0
2026-01-01 03:24:00,S0038,energy,industrial,edge_industrial,1,83.39736791044218,80.80567217917755,0,0
2026-01-01 03:24:00,S0039,traffic,residential,edge_residential,2,37.11592106985613,44.64001906104145,0,0
2026-01-01 03:25:00,S0000,energy,residential,edge_residential,1,75.44105710086464,99.80053178816101,0,0
2026-01-01 03:25:00,S0001,structure,industrial,edge_industrial,2,0.3199069183949328,44.4520291999269,0,0
2026-01-01 03:25:00,S0002,energy,waterfront,edge_waterfront,1,76.45457746218952,61.170938476154845,0,0
2026-01-01 03:25:00,S0003,traffic,waterfront,edge_waterfront,2,35.5061629704719,61.39232211466839,0,0
2026-01-01 03:25:00,S0004,traffic,downtown,edge_downtown,2,,42.26347625247834,0,1
2026-01-01 03:25:00,S0005,structure,residential,edge_residential,2,0.2049703595481345,17.34552462765788,0,0
2026-01-01 03:25:00,S0006,traffic,waterfront,edge_waterfront,2,29.397324785241306,40.286584280075175,0,0
2026-01-01 03:25:00,S0007,energy,waterfront,edge_waterfront,1,88.8130661464654,65.23216215638531,0,0
2026-01-01 03:25:00,S0008,energy,transit,edge_transit,1,79.95317218367596,97.07125959176548,0,0
2026-01-01 03:25:00,S0009,air_quality,transit,edge_transit,1,24.705359722278352,34.4401615582345,0,0
2026-01-01 03:25:00,S0010,traffic,downtown,edge_downtown,2,37.69003277325801,39.89850529995351,0,0
2026-01-01 03:25:00,S0011,traffic,transit,edge_transit,2,37.10579901683594,46.73008771808628,0,0
2026-01-01 03:25:00,S0012,traffic,residential,edge_residential,2,39.86284116055792,50.21773423032141,0,0
2026-01-01 03:25:00,S0013,air_quality,downtown,edge_downtown,1,49.766204795929276,57.35692138052387,1,0
2026-01-01 03:25:00,S0014,air_quality,industrial,edge_industrial,1,23.003514874273534,75.06065803171278,0,0
2026-01-01 03:25:00,S0015,air_quality,residential,edge_residential,1,22.964280843822635,50.85125612735952,0,0
2026-01-01 03:25:00,S0016,structure,transit,edge_transit,2,0.17537783369905294,42.33752297543705,0,0
2026-01-01 03:25:00,S0017,energy,residential,edge_residential,1,86.71685764816047,84.44678504539115,0,0
2026-01-01 03:25:00,S0018,energy,transit,edge_transit,1,82.23854106482987,104.18446707557713,0,0
2026-01-01 03:25:00,S0019,structure,waterfront,edge_waterfront,2,0.21064211267638955,49.88543470348755,0,0
2026-01-01 03:25:00,S0020,traffic,transit,edge_transit,2,37.95298632615534,55.329710290756864,0,0
2026-01-01 03:25:00,S0021,traffic,industrial,edge_industrial,2,32.81495933769669,29.94480788250784,0,0
2026-01-01 03:25:00,S0022,energy,transit,edge_transit,1,77.43727833514048,70.81207860369861,0,0
2026-01-01 03:25:00,S0023,traffic,residential,edge_residential,2,42.30501333035883,35.91212991395886,0,0
2026-01-01 03:25:00,S0024,traffic,downtown,edge_downtown,2,35.35622664998383,39.137488716982524,0,0
2026-01-01 03:25:00,S0025,air_quality,downtown,edge_downtown,1,18.07859612272791,76.2110378323051,0,0
2026-01-01 03:25:00,S0026,air_quality,transit,edge_transit,1,41.668136388490645,52.47759030406979,1,0
2026-01-01 03:25:00,S0027,structure,industrial,edge_industrial,2,0.29395411289004425,34.94449751140379,0,0
2026-01-01 03:25:00,S0028,energy,residential,edge_residential,1,79.09322564367778,98.313518787409,0,0
2026-01-01 03:25:00,S0029,air_quality,industrial,edge_industrial,1,20.776670825362658,75.9217624151706,0,0
2026-01-01 03:25:00,S0030,air_quality,industrial,edge_industrial,1,21.342756028479123,53.800296253869234,0,0
2026-01-01 03:25:00,S0031,traffic,downtown,edge_downtown,2,81.3855513408128,28.6257981851812,1,0
2026-01-01 03:25:00,S0032,traffic,industrial,edge_industrial,2,41.46891151960864,49.50313872733605,0,0
2026-01-01 03:25:00,S0033,traffic,waterfront,edge_waterfront,2,37.50091882066932,57.170921595086085,0,0
2026-01-01 03:25:00,S0034,energy,residential,edge_residential,1,64.51911379598492,109.69835937673695,0,0
2026-01-01 03:25:00,S0035,traffic,industrial,edge_industrial,2,38.04093291087882,66.09448222174342,0,0
2026-01-01 03:25:00,S0036,air_quality,residential,edge_residential,1,19.12515633622366,65.27967858531487,0,0
2026-01-01 03:25:00,S0037,traffic,waterfront,edge_waterfront,2,31.44761582435847,39.36854490247198,0,0
2026-01-01 03:25:00,S0038,energy,industrial,edge_industrial,1,83.89258883543533,68.60245553430401,0,0
2026-01-01 03:25:00,S0039,traffic,residential,edge_residential,2,31.447490833570946,54.028388388583295,0,0
2026-01-01 03:26:00,S0000,energy,residential,edge_residential,1,84.80577494225672,78.39347050008178,0,0
2026-01-01 03:26:00,S0001,structure,industrial,edge_industrial,2,0.28576386033371926,41.9914513709597,0,0
2026-01-01 03:26:00,S0002,energy,waterfront,edge_waterfront,1,86.57530076220903,100.09315731123533,0,0
2026-01-01 03:26:00,S0003,traffic,waterfront,edge_waterfront,2,29.706122348127323,51.521018627921535,0,0
2026-01-01 03:26:00,S0004,traffic,downtown,edge_downtown,2,34.66687978204406,44.20944161545469,0,0
2026-01-01 03:26:00,S0005,structure,residential,edge_residential,2,0.278354090409107,31.356083278762796,0,0
2026-01-01 03:26:00,S0006,traffic,waterfront,edge_waterfront,2,36.072778148238335,51.374632600515135,0,0
2026-01-01 03:26:00,S0007,energy,waterfront,edge_waterfront,1,69.0574170119074,76.51083116442163,0,0
2026-01-01 03:26:00,S0008,energy,transit,edge_transit,1,83.8616371727428,71.70090960431347,0,0
2026-01-01 03:26:00,S0009,air_quality,transit,edge_transit,1,23.811423987958875,70.45970084404668,0,0
2026-01-01 03:26:00,S0010,traffic,downtown,edge_downtown,2,38.46213929470084,27.36759398593373,0,0
2026-01-01 03:26:00,S0011,traffic,transit,edge_transit,2,33.61414475308551,32.82105937844197,0,0
2026-01-01 03:26:00,S0012,traffic,residential,edge_residential,2,28.562979582174652,26.06869805249622,0,0
2026-01-01 03:26:00,S0013,air_quality,downtown,edge_downtown,1,22.690982602348733,47.05602296073036,0,0
2026-01-01 03:26:00,S0014,air_quality,industrial,edge_industrial,1,22.15579988718651,86.62166998657435,0,0
2026-01-01 03:26:00,S0015,air_quality,residential,edge_residential,1,24.139962165965677,80.19301429211987,0,0
2026-01-01 03:26:00,S0016,structure,transit,edge_transit,2,0.23572425769787525,40.00313580373737,0,0
2026-01-01 03:26:00,S0017,energy,residential,edge_residential,1,75.77047970910145,84.10424431401962,0,0
2026-01-01 03:26:00,S0018,energy,transit,edge_transit,1,82.97943758795152,85.71427337742229,0,0
2026-01-01 03:26:00,S0019,structure,waterfront,edge_waterfront,2,0.21282264464434134,48.86547837895043,0,0
2026-01-01 03:26:00,S0020,traffic,transit,edge_transit,2,38.87878117209281,34.9237617127903,0,0
2026-01-01 03:26:00,S0021,traffic,industrial,edge_industrial,2,34.23556296498813,60.77502903570844,0,0
2026-01-01 03:26:00,S0022,energy,transit,edge_transit,1,82.02358092347197,64.82594152231636,0,0
2026-01-01 03:26:00,S0023,traffic,residential,edge_residential,2,35.90426980251131,52.107613246999286,0,0
2026-01-01 03:26:00,S0024,traffic,downtown,edge_downtown,2,35.983843558698425,50.956121119428815,0,0
2026-01-01 03:26:00,S0025,air_quality,downtown,edge_downtown,1,18.07633857936495,59.5749905200332,0,0
2026-01-01 03:26:00,S0026,air_quality,transit,edge_transit,1,23.34026180061382,92.05424159266596,0,0
2026-01-01 03:26:00,S0027,structure,industrial,edge_industrial,2,0.29134641327224275,37.44089019763192,0,0
2026-01-01 03:26:00,S0028,energy,residential,edge_residential,1,80.45294998013584,88.7233964183859,0,0
2026-01-01 03:26:00,S0029,air_quality,industrial,edge_industrial,1,22.281677069190437,68.7758561558585,0,0
2026-01-01 03:26:00,S0030,air_quality,industrial,edge_industrial,1,19.041214343635872,78.6521810684151,0,0
2026-01-01 03:26:00,S0031,traffic,downtown,edge_downtown,2,30.60722839102703,29.25416087053459,0,0
2026-01-01 03:26:00,S0032,traffic,industrial,edge_industrial,2,30.17912614638351,42.65651344560606,0,0
2026-01-01 03:26:00,S0033,traffic,waterfront,edge_waterfront,2,38.24518506592621,15.2480172502277,0,0
2026-01-01 03:26:00,S0034,energy,residential,edge_residential,1,172.73426392429604,63.40864718777122,1,0
2026-01-01 03:26:00,S0035,traffic,industrial,edge_industrial,2,33.25274620471613,37.07034760198756,0,0
2026-01-01 03:26:00,S0036,air_quality,residential,edge_residential,1,,73.47087383487451,0,1
2026-01-01 03:26:00,S0037,traffic,waterfront,edge_waterfront,2,27.96997707776448,34.766162677908355,0,0
2026-01-01 03:26:00,S0038,energy,industrial,edge_industrial,1,88.21826299706147,99.33185475480235,0,0
2026-01-01 03:26:00,S0039,traffic,residential,edge_residential,2,31.38544344294343,33.411148157666815,0,0
2026-01-01 03:27:00,S0000,energy,residential,edge_residential,1,77.67427149526907,76.2142328554206,0,0
2026-01-01 03:27:00,S0001,structure,industrial,edge_industrial,2,0.23777691713571697,22.26768231036393,0,0
2026-01-01 03:27:00,S0002,energy,waterfront,edge_waterfront,1,76.70597307674372,37.95912164857014,0,0
2026-01-01 03:27:00,S0003,traffic,waterfront,edge_waterfront,2,32.01108100726279,31.81801899326253,0,0
2026-01-01 03:27:00,S0004,traffic,downtown,edge_downtown,2,33.44148157052476,26.834458005461975,0,0
2026-01-01 03:27:00,S0005,structure,residential,edge_residential,2,0.20482770965779254,44.73764758001272,0,0
2026-01-01 03:27:00,S0006,traffic,waterfront,edge_waterfront,2,31.0243774776203,31.180158309879445,0,0
2026-01-01 03:27:00,S0007,energy,waterfront,edge_waterfront,1,80.78604770337955,76.7096883677886,0,0
2026-01-01 03:27:00,S0008,energy,transit,edge_transit,1,82.67615512658519,105.86957507309855,0,0
2026-01-01 03:27:00,S0009,air_quality,transit,edge_transit,1,21.74385211393905,73.74040421444842,0,0
2026-01-01 03:27:00,S0010,traffic,downtown,edge_downtown,2,46.14942427888152,37.84942144200912,0,0
2026-01-01 03:27:00,S0011,traffic,transit,edge_transit,2,,41.323810434326546,0,1
2026-01-01 03:27:00,S0012,traffic,residential,edge_residential,2,28.21595157478802,38.05260801836129,0,0
2026-01-01 03:27:00,S0013,air_quality,downtown,edge_downtown,1,20.452555171682228,78.9625317230849,0,0
2026-01-01 03:27:00,S0014,air_quality,industrial,edge_industrial,1,22.871504993356805,36.4914047904071,0,0
2026-01-01 03:27:00,S0015,air_quality,residential,edge_residential,1,19.43754228438476,56.46010600052722,0,0
2026-01-01 03:27:00,S0016,structure,transit,edge_transit,2,0.19773556080371432,46.69114628605759,0,0
2026-01-01 03:27:00,S0017,energy,residential,edge_residential,1,86.75521679742286,91.5966653490986,0,0
2026-01-01 03:27:00,S0018,energy,transit,edge_transit,1,96.24666225344328,103.3399891097921,0,0
2026-01-01 03:27:00,S0019,structure,waterfront,edge_waterfront,2,0.2619784842625826,49.123413323134855,0,0
2026-01-01 03:27:00,S0020,traffic,transit,edge_transit,2,43.256162562350596,44.3763373155447,0,0
2026-01-01 03:27:00,S0021,traffic,industrial,edge_industrial,2,39.35456182284937,59.67849965852325,0,0
2026-01-01 03:27:00,S0022,energy,transit,edge_transit,1,87.34916588382501,74.04789874864656,0,0
2026-01-01 03:27:00,S0023,traffic,residential,edge_residential,2,35.368300318583906,46.18779462483062,0,0
2026-01-01 03:27:00,S0024,traffic,downtown,edge_downtown,2,42.69809106967446,27.436711826565706,0,0
2026-01-01 03:27:00,S0025,air_quality,downtown,edge_downtown,1,22.61550128588341,35.2369147865092,0,0
2026-01-01 03:27:00,S0026,air_quality,transit,edge_transit,1,17.93245940823497,88.28784726562921,0,0
2026-01-01 03:27:00,S0027,structure,industrial,edge_industrial,2,0.15626344696972408,32.65069628999224,0,0
2026-01-01 03:27:00,S0028,energy,residential,edge_residential,1,81.0863390802249,49.089289571091406,0,0
2026-01-01 03:27:00,S0029,air_quality,industrial,edge_industrial,1,20.408586105740245,47.0485998182302,0,0
2026-01-01 03:27:00,S0030,air_quality,industrial,edge_industrial,1,23.17153374543914,65.72437025393252,0,0
2026-01-01 03:27:00,S0031,traffic,downtown,edge_downtown,2,42.68208603399598,21.017032176505335,0,0
2026-01-01 03:27:00,S0032,traffic,industrial,edge_industrial,2,32.44274576656312,27.64959068812149,0,0
2026-01-01 03:27:00,S0033,traffic,waterfront,edge_waterfront,2,37.30789494679676,52.18530272960802,0,0
2026-01-01 03:27:00,S0034,energy,residential,edge_residential,1,78.69201618678942,64.88030492165797,0,0
2026-01-01 03:27:00,S0035,traffic,industrial,edge_industrial,2,34.29669184118836,53.083814251917204,0,0
2026-01-01 03:27:00,S0036,air_quality,residential,edge_residential,1,25.23588537889372,60.01744068852992,0,0
2026-01-01 03:27:00,S0037,traffic,waterfront,edge_waterfront,2,36.56535672570182,43.491715987002465,0,0
2026-01-01 03:27:00,S0038,energy,industrial,edge_industrial,1,84.69939782407509,114.00127078236437,0,0
2026-01-01 03:27:00,S0039,traffic,residential,edge_residential,2,33.708821177262045,47.34726743727332,0,0
2026-01-01 03:28:00,S0000,energy,residential,edge_residential,1,88.38323535951733,63.386416259673204,0,0
2026-01-01 03:28:00,S0001,structure,industrial,edge_industrial,2,0.3104065569274296,29.02552512851244,0,0
2026-01-01 03:28:00,S0002,energy,waterfront,edge_waterfront,1,72.90514563017705,75.64272169198063,0,0
2026-01-01 03:28:00,S0003,traffic,waterfront,edge_waterfront,2,29.717360208096423,38.04482549176431,0,0
2026-01-01 03:28:00,S0004,traffic,downtown,edge_downtown,2,34.75335600135702,52.617831397991516,0,0
2026-01-01 03:28:00,S0005,structure,residential,edge_residential,2,0.2642495203520596,24.41729210274888,0,0
2026-01-01 03:28:00,S0006,traffic,waterfront,edge_waterfront,2,,35.65941850862415,0,1
2026-01-01 03:28:00,S0007,energy,waterfront,edge_waterfront,1,91.24757798991159,82.7184233125076,0,0
2026-01-01 03:28:00,S0008,energy,transit,edge_transit,1,75.01188679501108,87.0810506326338,0,0
2026-01-01 03:28:00,S0009,air_quality,transit,edge_transit,1,22.186899547339085,60.7782689271646,0,0
2026-01-01 03:28:00,S0010,traffic,downtown,edge_downtown,2,32.224552559991324,35.20847082286428,0,0
2026-01-01 03:28:00,S0011,traffic,transit,edge_transit,2,30.476507051472524,38.00059104233295,0,0
2026-01-01 03:28:00,S0012,traffic,residential,edge_residential,2,30.89224383500372,17.1677475489008,0,0
2026-01-01 03:28:00,S0013,air_quality,downtown,edge_downtown,1,18.18608699456272,55.74440677851945,0,0
2026-01-01 03:28:00,S0014,air_quality,industrial,edge_industrial,1,21.770114798065162,57.651960932118314,0,0
2026-01-01 03:28:00,S0015,air_quality,residential,edge_residential,1,19.403978779056168,56.5955196264879,0,0
2026-01-01 03:28:00,S0016,structure,transit,edge_transit,2,0.23292671140949034,55.360806537538224,0,0
2026-01-01 03:28:00,S0017,energy,residential,edge_residential,1,69.44262297473057,97.64096314488555,0,0
2026-01-01 03:28:00,S0018,energy,transit,edge_transit,1,80.87906207217796,83.79537809897175,0,0
2026-01-01 03:28:00,S0019,structure,waterfront,edge_waterfront,2,0.33027613354128665,44.80357426113623,0,0
2026-01-01 03:28:00,S0020,traffic,transit,edge_transit,2,35.795637084241065,36.675813325253735,0,0
2026-01-01 03:28:00,S0021,traffic,industrial,edge_industrial,2,38.33209491695784,44.744942702269476,0,0
2026-01-01 03:28:00,S0022,energy,transit,edge_transit,1,78.90243811305818,83.50503905683642,0,0
2026-01-01 03:28:00,S0023,traffic,residential,edge_residential,2,60.20062223417185,46.3179116975908,1,0
2026-01-01 03:28:00,S0024,traffic,downtown,edge_downtown,2,35.16759326870888,53.73770985337019,0,0
2026-01-01 03:28:00,S0025,air_quality,downtown,edge_downtown,1,25.209212134856116,91.65954579033158,0,0
2026-01-01 03:28:00,S0026,air_quality,transit,edge_transit,1,20.90637280077204,82.96777133905024,0,0
2026-01-01 03:28:00,S0027,structure,industrial,edge_industrial,2,0.23445937351347054,41.527860142570326,0,0
2026-01-01 03:28:00,S0028,energy,residential,edge_residential,1,73.45915271286702,86.71553968053789,0,0
2026-01-01 03:28:00,S0029,air_quality,industrial,edge_industrial,1,23.646618298042707,68.86338625693412,0,0
2026-01-01 03:28:00,S0030,air_quality,industrial,edge_industrial,1,22.967922544924512,75.4299482675595,0,0
2026-01-01 03:28:00,S0031,traffic,downtown,edge_downtown,2,30.878898407673276,32.684034289600376,0,0
2026-01-01 03:28:00,S0032,traffic,industrial,edge_industrial,2,45.59669141453079,51.354216638483834,0,0
2026-01-01 03:28:00,S0033,traffic,waterfront,edge_waterfront,2,39.08766094688376,38.28372473524428,0,0
2026-01-01 03:28:00,S0034,energy,residential,edge_residential,1,83.11362214972408,68.25449110288181,0,0
2026-01-01 03:28:00,S0035,traffic,industrial,edge_industrial,2,42.19878033767267,51.55553074800587,0,0
2026-01-01 03:28:00,S0036,air_quality,residential,edge_residential,1,23.685047647724094,70.0109781290563,0,0
2026-01-01 03:28:00,S0037,traffic,waterfront,edge_waterfront,2,33.40711413663692,37.31857781646922,0,0
2026-01-01 03:28:00,S0038,energy,industrial,edge_industrial,1,76.10486145243563,47.249703575611875,0,0
2026-01-01 03:28:00,S0039,traffic,residential,edge_residential,2,44.60291212712799,41.82593392193197,0,0
2026-01-01 03:29:00,S0000,energy,residential,edge_residential,1,74.23403867582729,88.04712993952278,0,0
2026-01-01 03:29:00,S0001,structure,industrial,edge_industrial,2,0.19129599643481732,33.116043917554805,0,0
2026-01-01 03:29:00,S0002,energy,waterfront,edge_waterfront,1,97.51494888444722,127.74423070476334,0,0
2026-01-01 03:29:00,S0003,traffic,waterfront,edge_waterfront,2,37.10015090482302,34.124196071342105,0,0
2026-01-01 03:29:00,S0004,traffic,downtown,edge_downtown,2,36.38045068996365,47.036828996617174,0,0
2026-01-01 03:29:00,S0005,structure,residential,edge_residential,2,0.23367150439923384,35.46121816365553,0,0
2026-01-01 03:29:00,S0006,traffic,waterfront,edge_waterfront,2,30.259051545012557,39.80218635210375,0,0
2026-01-01 03:29:00,S0007,energy,waterfront,edge_waterfront,1,72.62396045650827,69.23086588715665,0,0
2026-01-01 03:29:00,S0008,energy,transit,edge_transit,1,,51.791068038684806,0,1
2026-01-01 03:29:00,S0009,air_quality,transit,edge_transit,1,17.966828799040115,107.09938561575757,0,0
2026-01-01 03:29:00,S0010,traffic,downtown,edge_downtown,2,81.61320992741209,42.349132068204966,1,0
2026-01-01 03:29:00,S0011,traffic,transit,edge_transit,2,30.033207858014883,27.52986215226909,0,0
2026-01-01 03:29:00,S0012,traffic,residential,edge_residential,2,31.659716694602174,35.957722790720446,0,0
2026-01-01 03:29:00,S0013,air_quality,downtown,edge_downtown,1,21.38384294647586,84.53709477468547,0,0
2026-01-01 03:29:00,S0014,air_quality,industrial,edge_industrial,1,20.351601585237177,69.49538464318307,0,0
2026-01-01 03:29:00,S0015,air_quality,residential,edge_residential,1,21.68828795267802,59.970651077962394,0,0
2026-01-01 03:29:00,S0016,structure,transit,edge_transit,2,0.25722179762353165,38.7028707331578,0,0
2026-01-01 03:29:00,S0017,energy,residential,edge_residential,1,84.96555530508499,62.83403422609568,0,0
2026-01-01 03:29:00,S0018,energy,transit,edge_transit,1,82.3715408884809,83.65250149821094,0,0
2026-01-01 03:29:00,S0019,structure,waterfront,edge_waterfront,2,0.2771910683835063,54.0332554358225,0,0
2026-01-01 03:29:00,S0020,traffic,transit,edge_transit,2,34.83678686180155,53.86984508331183,0,0
2026-01-01 03:29:00,S0021,traffic,industrial,edge_industrial,2,40.60152741797066,33.30094511189754,0,0
2026-01-01 03:29:00,S0022,energy,transit,edge_transit,1,82.44422412521523,97.58252916750574,0,0
2026-01-01 03:29:00,S0023,traffic,residential,edge_residential,2,44.54283903973725,47.72529857807399,0,0
2026-01-01 03:29:00,S0024,traffic,downtown,edge_downtown,2,38.365086422289046,58.41961234760275,0,0
2026-01-01 03:29:00,S0025,air_quality,downtown,edge_downtown,1,24.25851585129911,60.151888645047414,0,0
2026-01-01 03:29:00,S0026,air_quality,transit,edge_transit,1,22.644306613888975,48.28900813778404,0,0
2026-01-01 03:29:00,S0027,structure,industrial,edge_industrial,2,0.26408892981259413,48.24643213933628,0,0
2026-01-01 03:29:00,S0028,energy,residential,edge_residential,1,83.34443840204037,132.691939175041,0,0
2026-01-01 03:29:00,S0029,air_quality,industrial,edge_industrial,1,20.274213676185614,73.08231149241361,0,0
2026-01-01 03:29:00,S0030,air_quality,industrial,edge_industrial,1,25.622578614451214,41.64591002371654,0,0
2026-01-01 03:29:00,S0031,traffic,downtown,edge_downtown,2,30.76098907823748,38.33498925073669,0,0
2026-01-01 03:29:00,S0032,traffic,industrial,edge_industrial,2,39.93096540091417,50.49155793837096,0,0
2026-01-01 03:29:00,S0033,traffic,waterfront,edge_waterfront,2,30.819503293419466,38.4615286750229,0,0
2026-01-01 03:29:00,S0034,energy,residential,edge_residential,1,81.99178643588763,60.47348197012262,0,0
2026-01-01 03:29:00,S0035,traffic,industrial,edge_industrial,2,,45.65853417942745,0,1
2026-01-01 03:29:00,S0036,air_quality,residential,edge_residential,1,21.991795495877184,71.38501147927134,0,0
2026-01-01 03:29:00,S0037,traffic,waterfront,edge_waterfront,2,39.50775346801036,23.865210689296745,0,0
2026-01-01 03:29:00,S0038,energy,industrial,edge_industrial,1,80.18837635726565,106.70910308234163,0,0
2026-01-01 03:29:00,S0039,traffic,residential,edge_residential,2,38.705026164548244,64.63664236941878,0,0
2026-01-01 03:30:00,S0000,energy,residential,edge_residential,1,81.07457424673024,75.04843998984923,0,0
2026-01-01 03:30:00,S0001,structure,industrial,edge_industrial,2,0.3118900392688439,30.20317859871148,0,0
2026-01-01 03:30:00,S0002,energy,waterfront,edge_waterfront,1,83.8552523807683,73.1693089952459,0,0
2026-01-01 03:30:00,S0003,traffic,waterfront,edge_waterfront,2,40.1507292170927,41.70611848022546,0,0
2026-01-01 03:30:00,S0004,traffic,downtown,edge_downtown,2,82.73225983314363,39.600968246830185,1,0
2026-01-01 03:30:00,S0005,structure,residential,edge_residential,2,0.20378508065699516,36.73097199080431,0,0
2026-01-01 03:30:00,S0006,traffic,waterfront,edge_waterfront,2,34.93549279919822,63.15154195887787,0,0
2026-01-01 03:30:00,S0007,energy,waterfront,edge_waterfront,1,80.74354775347598,94.33431000265693,0,0
2026-01-01 03:30:00,S0008,energy,transit,edge_transit,1,83.81129577094822,91.86944623386546,0,0
2026-01-01 03:30:00,S0009,air_quality,transit,edge_transit,1,21.923048086004027,64.97001318031674,0,0
2026-01-01 03:30:00,S0010,traffic,downtown,edge_downtown,2,38.9237773739929,53.53388904508684,0,0
2026-01-01 03:30:00,S0011,traffic,transit,edge_transit,2,34.28996291364044,59.432848146573356,0,0
2026-01-01 03:30:00,S0012,traffic,residential,edge_residential,2,20.811505312443444,46.109609370010816,0,0
2026-01-01 03:30:00,S0013,air_quality,downtown,edge_downtown,1,22.022077409138355,53.49482337957927,0,0
2026-01-01 03:30:00,S0014,air_quality,industrial,edge_industrial,1,23.921976939501732,51.18910146273991,0,0
2026-01-01 03:30:00,S0015,air_quality,residential,edge_residential,1,20.144805197706983,91.06047695290451,0,0
2026-01-01 03:30:00,S0016,structure,transit,edge_transit,2,0.25845030364575133,27.521026432806753,0,0
2026-01-01 03:30:00,S0017,energy,residential,edge_residential,1,,79.06584093320666,0,1
2026-01-01 03:30:00,S0018,energy,transit,edge_transit,1,81.37676295060756,35.226301773351864,0,0
2026-01-01 03:30:00,S0019,structure,waterfront,edge_waterfront,2,0.24488031317261238,30.638719864226502,0,0
2026-01-01 03:30:00,S0020,traffic,transit,edge_transit,2,33.06378369402509,19.933546284533932,0,0
2026-01-01 03:30:00,S0021,traffic,industrial,edge_industrial,2,36.08918571714054,29.9668271984322,0,0
2026-01-01 03:30:00,S0022,energy,transit,edge_transit,1,89.71284223599888,51.23893155455633,0,0
2026-01-01 03:30:00,S0023,traffic,residential,edge_residential,2,29.860196629736635,48.85342485151139,0,0
2026-01-01 03:30:00,S0024,traffic,downtown,edge_downtown,2,36.636180771629704,40.40823796573901,0,0
2026-01-01 03:30:00,S0025,air_quality,downtown,edge_downtown,1,19.36983772288289,66.66410847545907,0,0
2026-01-01 03:30:00,S0026,air_quality,transit,edge_transit,1,20.875318831666988,65.14359675219411,0,0
2026-01-01 03:30:00,S0027,structure,industrial,edge_industrial,2,0.25348458227749404,26.5598864740182,0,0
2026-01-01 03:30:00,S0028,energy,residential,edge_residential,1,85.61023712026649,94.28882105975,0,0
2026-01-01 03:30:00,S0029,air_quality,industrial,edge_industrial,1,23.265118353132376,38.66841873426948,0,0
2026-01-01 03:30:00,S0030,air_quality,industrial,edge_industrial,1,19.66107429156609,33.60441269226875,0,0
2026-01-01 03:30:00,S0031,traffic,downtown,edge_downtown,2,31.55807900347316,51.829492541647525,0,0
2026-01-01 03:30:00,S0032,traffic,industrial,edge_industrial,2,35.08011684418712,51.210585080430214,0,0
2026-01-01 03:30:00,S0033,traffic,waterfront,edge_waterfront,2,29.87555788897776,48.189114560453845,0,0
2026-01-01 03:30:00,S0034,energy,residential,edge_residential,1,79.01689877735573,78.02047188097788,0,0
2026-01-01 03:30:00,S0035,traffic,industrial,edge_industrial,2,33.69288415362397,21.407464851833097,0,0
2026-01-01 03:30:00,S0036,air_quality,residential,edge_residential,1,20.666360778413463,45.776042791290536,0,0
2026-01-01 03:30:00,S0037,traffic,waterfront,edge_waterfront,2,39.51872475338563,28.56447283502522,0,0
2026-01-01 03:30:00,S0038,energy,industrial,edge_industrial,1,86.88616661636222,92.44687167818114,0,0
2026-01-01 03:30:00,S0039,traffic,residential,edge_residential,2,40.871902057236504,26.189805983129936,0,0
2026-01-01 03:31:00,S0000,energy,residential,edge_residential,1,81.89588032028784,92.11769078298008,0,0
2026-01-01 03:31:00,S0001,structure,industrial,edge_industrial,2,0.2257239966615678,26.770328009077275,0,0
2026-01-01 03:31:00,S0002,energy,waterfront,edge_waterfront,1,86.2297338288787,57.304307563878176,0,0
2026-01-01 03:31:00,S0003,traffic,waterfront,edge_waterfront,2,41.21190559293118,43.81936895251789,0,0
2026-01-01 03:31:00,S0004,traffic,downtown,edge_downtown,2,38.23360718554457,30.576946949700027,0,0
2026-01-01 03:31:00,S0005,structure,residential,edge_residential,2,0.19025869470399553,46.05977914247666,0,0
2026-01-01 03:31:00,S0006,traffic,waterfront,edge_waterfront,2,34.49143718161682,27.381646223669605,0,0
2026-01-01 03:31:00,S0007,energy,waterfront,edge_waterfront,1,73.44043803368524,82.06722939124741,0,0
2026-01-01 03:31:00,S0008,energy,transit,edge_transit,1,87.25301970567804,59.991515349551904,0,0
2026-01-01 03:31:00,S0009,air_quality,transit,edge_transit,1,22.98363400751263,52.04530236738027,0,0
2026-01-01 03:31:00,S0010,traffic,downtown,edge_downtown,2,33.79247580548459,51.42208659042898,0,0
2026-01-01 03:31:00,S0011,traffic,transit,edge_transit,2,39.96386669371747,50.44635531436854,0,0
2026-01-01 03:31:00,S0012,traffic,residential,edge_residential,2,33.07400489563527,41.47454659895185,0,0
2026-01-01 03:31:00,S0013,air_quality,downtown,edge_downtown,1,21.95429917428133,69.58544381905382,0,0
2026-01-01 03:31:00,S0014,air_quality,industrial,edge_industrial,1,22.529126248312483,72.25326529358341,0,0
2026-01-01 03:31:00,S0015,air_quality,residential,edge_residential,1,23.726579396829514,67.65558562664897,0,0
2026-01-01 03:31:00,S0016,structure,transit,edge_transit,2,0.2672210834105417,36.62108932477364,0,0
2026-01-01 03:31:00,S0017,energy,residential,edge_residential,1,,88.98044399958057,0,1
2026-01-01 03:31:00,S0018,energy,transit,edge_transit,1,80.46865391560758,63.31579488440961,0,0
2026-01-01 03:31:00,S0019,structure,waterfront,edge_waterfront,2,0.3050662577136383,33.9693874958889,0,0
2026-01-01 03:31:00,S0020,traffic,transit,edge_transit,2,41.92655744911539,64.54217835760176,0,0
2026-01-01 03:31:00,S0021,traffic,industrial,edge_industrial,2,35.790337093170834,30.162336068687466,0,0
2026-01-01 03:31:00,S0022,energy,transit,edge_transit,1,82.21937222110748,78.5057050472085,0,0
2026-01-01 03:31:00,S0023,traffic,residential,edge_residential,2,41.46485997046524,54.422181309086056,0,0
2026-01-01 03:31:00,S0024,traffic,downtown,edge_downtown,2,45.84757500746696,38.83027099715771,0,0
2026-01-01 03:31:00,S0025,air_quality,downtown,edge_downtown,1,24.173996062526466,69.42187189428336,0,0
2026-01-01 03:31:00,S0026,air_quality,transit,edge_transit,1,19.98531633357237,76.67540371860727,0,0
2026-01-01 03:31:00,S0027,structure,industrial,edge_industrial,2,0.28480611117134647,42.50553983271221,0,0
2026-01-01 03:31:00,S0028,energy,residential,edge_residential,1,68.89639906024706,102.08062729687137,0,0
2026-01-01 03:31:00,S0029,air_quality,industrial,edge_industrial,1,23.173695549859215,36.64522447746475,0,0
2026-01-01 03:31:00,S0030,air_quality,industrial,edge_industrial,1,26.424017632512516,65.90256458233475,0,0
2026-01-01 03:31:00,S0031,traffic,downtown,edge_downtown,2,36.55028701955667,60.91296531350217,0,0
2026-01-01 03:31:00,S0032,traffic,industrial,edge_industrial,2,34.34213680280796,58.75118729205688,0,0
2026-01-01 03:31:00,S0033,traffic,waterfront,edge_waterfront,2,27.89655911269276,51.002426795385944,0,0
2026-01-01 03:31:00,S0034,energy,residential,edge_residential,1,80.41337662293196,71.73663643409252,0,0
2026-01-01 03:31:00,S0035,traffic,industrial,edge_industrial,2,31.794137281114256,36.16477330803019,0,0
2026-01-01 03:31:00,S0036,air_quality,residential,edge_residential,1,27.719291926090545,57.20127246042349,0,0
2026-01-01 03:31:00,S0037,traffic,waterfront,edge_waterfront,2,40.33723199538003,14.379473411191558,0,0
2026-01-01 03:31:00,S0038,energy,industrial,edge_industrial,1,86.97397671061213,64.35251239490847,0,0
2026-01-01 03:31:00,S0039,traffic,residential,edge_residential,2,42.14481420795715,55.63750779940196,0,0
2026-01-01 03:32:00,S0000,energy,residential,edge_residential,1,74.03165934686166,115.03373608251924,0,0
2026-01-01 03:32:00,S0001,structure,industrial,edge_industrial,2,0.14081915058236444,45.03090895903791,0,0
2026-01-01 03:32:00,S0002,energy,waterfront,edge_waterfront,1,85.36083416691248,79.64090180577067,0,0
2026-01-01 03:32:00,S0003,traffic,waterfront,edge_waterfront,2,32.45584410512526,65.72818265868432,0,0
2026-01-01 03:32:00,S0004,traffic,downtown,edge_downtown,2,34.66031006720493,44.81506213055729,0,0
2026-01-01 03:32:00,S0005,structure,residential,edge_residential,2,0.2717140599726688,40.361273771115506,0,0
2026-01-01 03:32:00,S0006,traffic,waterfront,edge_waterfront,2,35.46100261883432,45.0677393341454,0,0
2026-01-01 03:32:00,S0007,energy,waterfront,edge_waterfront,1,142.7821086759982,88.54144977140545,1,0
2026-01-01 03:32:00,S0008,energy,transit,edge_transit,1,74.2929333860178,86.17217919320403,0,0
2026-01-01 03:32:00,S0009,air_quality,transit,edge_transit,1,24.43703442597845,93.55865069332117,0,0
2026-01-01 03:32:00,S0010,traffic,downtown,edge_downtown,2,29.971229661341987,48.25061280578337,0,0
2026-01-01 03:32:00,S0011,traffic,transit,edge_transit,2,34.58109575213417,33.933262037864566,0,0
2026-01-01 03:32:00,S0012,traffic,residential,edge_residential,2,41.687775619215955,42.46339612484439,0,0
2026-01-01 03:32:00,S0013,air_quality,downtown,edge_downtown,1,20.810231696317814,76.99431925974933,0,0
2026-01-01 03:32:00,S0014,air_quality,industrial,edge_industrial,1,24.53505245450468,44.79090684979484,0,0
2026-01-01 03:32:00,S0015,air_quality,residential,edge_residential,1,23.220642766698724,69.61705110183075,0,0
2026-01-01 03:32:00,S0016,structure,transit,edge_transit,2,0.23604740068213845,37.2712030312165,0,0
2026-01-01 03:32:00,S0017,energy,residential,edge_residential,1,76.86405335809705,85.53122311448615,0,0
2026-01-01 03:32:00,S0018,energy,transit,edge_transit,1,80.2325492555179,58.6633876639108,0,0
2026-01-01 03:32:00,S0019,structure,waterfront,edge_waterfront,2,0.24287686521755955,44.15503650007129,0,0
2026-01-01 03:32:00,S0020,traffic,transit,edge_transit,2,33.14459418040607,39.4393363789384,0,0
2026-01-01 03:32:00,S0021,traffic,industrial,edge_industrial,2,33.65295887801115,50.80595429981668,0,0
2026-01-01 03:32:00,S0022,energy,transit,edge_transit,1,83.94315283199015,61.03825252111595,0,0
2026-01-01 03:32:00,S0023,traffic,residential,edge_residential,2,46.348617474508956,36.949098721272634,0,0
2026-01-01 03:32:00,S0024,traffic,downtown,edge_downtown,2,46.89385445728317,63.282038115595,1,0
2026-01-01 03:32:00,S0025,air_quality,downtown,edge_downtown,1,19.742637371196146,57.023471122280505,0,0
2026-01-01 03:32:00,S0026,air_quality,transit,edge_transit,1,22.02339996031165,66.8714165762826,0,0
2026-01-01 03:32:00,S0027,structure,industrial,edge_industrial,2,0.2944353758097912,29.831201993261878,0,0
2026-01-01 03:32:00,S0028,energy,residential,edge_residential,1,72.75503379046218,91.47367249000226,0,0
2026-01-01 03:32:00,S0029,air_quality,industrial,edge_industrial,1,25.62572504456434,84.94913477788499,0,0
2026-01-01 03:32:00,S0030,air_quality,industrial,edge_industrial,1,25.160270964787514,22.660706905555386,0,0
2026-01-01 03:32:00,S0031,traffic,downtown,edge_downtown,2,37.329510148219235,42.04559214950888,0,0
2026-01-01 03:32:00,S0032,traffic,industrial,edge_industrial,2,36.137448571731646,40.011340139406876,0,0
2026-01-01 03:32:00,S0033,traffic,waterfront,edge_waterfront,2,39.851240073103654,28.65474001081326,0,0
2026-01-01 03:32:00,S0034,energy,residential,edge_residential,1,81.03856630620656,50.92776137290166,0,0
2026-01-01 03:32:00,S0035,traffic,industrial,edge_industrial,2,39.317549416589294,45.241125668810476,0,0
2026-01-01 03:32:00,S0036,air_quality,residential,edge_residential,1,17.21223755104719,80.3463893129747,0,0
2026-01-01 03:32:00,S0037,traffic,waterfront,edge_waterfront,2,44.29927792252903,24.18375313321512,0,0
2026-01-01 03:32:00,S0038,energy,industrial,edge_industrial,1,78.77118967380257,56.29066577938035,0,0
2026-01-01 03:32:00,S0039,traffic,residential,edge_residential,2,30.91736776964459,27.228623447891763,0,0
2026-01-01 03:33:00,S0000,energy,residential,edge_residential,1,92.35063705352287,79.35250085476373,0,0
2026-01-01 03:33:00,S0001,structure,industrial,edge_industrial,2,0.35812288008545745,35.72469868484043,0,0
2026-01-01 03:33:00,S0002,energy,waterfront,edge_waterfront,1,92.8912678349211,105.78752728291066,0,0
2026-01-01 03:33:00,S0003,traffic,waterfront,edge_waterfront,2,57.90204268757677,22.335954019478113,1,0
2026-01-01 03:33:00,S0004,traffic,downtown,edge_downtown,2,36.52668480087127,57.27405014170125,0,0
2026-01-01 03:33:00,S0005,structure,residential,edge_residential,2,0.2687062696060241,40.28495561354333,0,0
2026-01-01 03:33:00,S0006,traffic,waterfront,edge_waterfront,2,54.50975178405072,35.580614050796946,1,0
2026-01-01 03:33:00,S0007,energy,waterfront,edge_waterfront,1,67.80818827939532,81.46674271878264,0,0
2026-01-01 03:33:00,S0008,energy,transit,edge_transit,1,87.86284238883097,106.12738660800468,0,0
2026-01-01 03:33:00,S0009,air_quality,transit,edge_transit,1,22.658185065562556,51.48713604609989,0,0
2026-01-01 03:33:00,S0010,traffic,downtown,edge_downtown,2,33.23991531597069,42.80095122604517,0,0
2026-01-01 03:33:00,S0011,traffic,transit,edge_transit,2,33.23380869770473,26.962020446510174,0,0
2026-01-01 03:33:00,S0012,traffic,residential,edge_residential,2,34.50308078373169,30.258931334370683,0,0
2026-01-01 03:33:00,S0013,air_quality,downtown,edge_downtown,1,21.791244232248843,80.36353199781476,0,0
2026-01-01 03:33:00,S0014,air_quality,industrial,edge_industrial,1,25.59965035318425,54.08077798627788,0,0
2026-01-01 03:33:00,S0015,air_quality,residential,edge_residential,1,25.282891768634496,40.71497421350476,0,0
2026-01-01 03:33:00,S0016,structure,transit,edge_transit,2,0.5936636083154587,34.169525185351844,1,0
2026-01-01 03:33:00,S0017,energy,residential,edge_residential,1,86.09138463097278,61.63422833022874,0,0
2026-01-01 03:33:00,S0018,energy,transit,edge_transit,1,82.3486316516703,90.57529747988126,0,0
2026-01-01 03:33:00,S0019,structure,waterfront,edge_waterfront,2,0.28531546331991137,38.84870998404254,0,0
2026-01-01 03:33:00,S0020,traffic,transit,edge_transit,2,31.99116231933125,20.254116489280367,0,0
2026-01-01 03:33:00,S0021,traffic,industrial,edge_industrial,2,28.286863536426427,24.189605560877453,0,0
2026-01-01 03:33:00,S0022,energy,transit,edge_transit,1,134.60784116821415,109.47674046974272,1,0
2026-01-01 03:33:00,S0023,traffic,residential,edge_residential,2,31.76024690760629,17.868210826433156,0,0
2026-01-01 03:33:00,S0024,traffic,downtown,edge_downtown,2,31.395846648173514,41.0334160441042,0,0
2026-01-01 03:33:00,S0025,air_quality,downtown,edge_downtown,1,23.063181341073957,45.9715190445346,0,0
2026-01-01 03:33:00,S0026,air_quality,transit,edge_transit,1,21.213683873615533,36.50475458434687,0,0
2026-01-01 03:33:00,S0027,structure,industrial,edge_industrial,2,0.27535841330389454,28.925775453175284,0,0
2026-01-01 03:33:00,S0028,energy,residential,edge_residential,1,90.58130613290457,111.38887074963642,0,0
2026-01-01 03:33:00,S0029,air_quality,industrial,edge_industrial,1,19.8985788858499,81.0883728102267,0,0
2026-01-01 03:33:00,S0030,air_quality,industrial,edge_industrial,1,24.537851654950188,58.60090047537675,0,0
2026-01-01 03:33:00,S0031,traffic,downtown,edge_downtown,2,37.93615261626683,46.12112274613437,0,0
2026-01-01 03:33:00,S0032,traffic,industrial,edge_industrial,2,39.90733502406627,43.336844525283404,0,0
2026-01-01 03:33:00,S0033,traffic,waterfront,edge_waterfront,2,36.670751312833566,55.82122458250359,0,0
2026-01-01 03:33:00,S0034,energy,residential,edge_residential,1,76.61924620371846,80.5191712078648,0,0
2026-01-01 03:33:00,S0035,traffic,industrial,edge_industrial,2,36.20480751409395,53.24459965989259,0,0
2026-01-01 03:33:00,S0036,air_quality,residential,edge_residential,1,21.481952882444123,15.568363713657064,0,0
2026-01-01 03:33:00,S0037,traffic,waterfront,edge_waterfront,2,32.53192692561338,53.34240811384639,0,0
2026-01-01 03:33:00,S0038,energy,industrial,edge_industrial,1,84.95185768876942,80.50100864799249,0,0
2026-01-01 03:33:00,S0039,traffic,residential,edge_residential,2,27.815843132185183,48.56201420361997,0,0
2026-01-01 03:34:00,S0000,energy,residential,edge_residential,1,90.82029351283471,50.052910516518565,0,0
2026-01-01 03:34:00,S0001,structure,industrial,edge_industrial,2,0.3152729528066212,41.664060509875696,0,0
2026-01-01 03:34:00,S0002,energy,waterfront,edge_waterfront,1,117.94773561180556,76.79099164481231,1,0
2026-01-01 03:34:00,S0003,traffic,waterfront,edge_waterfront,2,38.95396537751133,52.40634964174017,0,0
2026-01-01 03:34:00,S0004,traffic,downtown,edge_downtown,2,38.17422424149722,35.84278343970475,0,0
2026-01-01 03:34:00,S0005,structure,residential,edge_residential,2,0.28423357311077546,33.577596832621055,0,0
2026-01-01 03:34:00,S0006,traffic,waterfront,edge_waterfront,2,31.747137888081372,45.26442739298706,0,0
2026-01-01 03:34:00,S0007,energy,waterfront,edge_waterfront,1,72.39249379609248,93.61731011158656,0,0
2026-01-01 03:34:00,S0008,energy,transit,edge_transit,1,95.33728290716482,124.31680199636486,0,0
2026-01-01 03:34:00,S0009,air_quality,transit,edge_transit,1,21.36171932193052,41.04449822045436,0,0
2026-01-01 03:34:00,S0010,traffic,downtown,edge_downtown,2,41.641322996577266,38.33426771138157,0,0
2026-01-01 03:34:00,S0011,traffic,transit,edge_transit,2,81.63233761314724,34.58809628800789,1,0
2026-01-01 03:34:00,S0012,traffic,residential,edge_residential,2,41.27487369724287,47.9849423748188,0,0
2026-01-01 03:34:00,S0013,air_quality,downtown,edge_downtown,1,24.52638004538091,45.65303726937717,0,0
2026-01-01 03:34:00,S0014,air_quality,industrial,edge_industrial,1,21.551244405405644,62.94270562101237,0,0
2026-01-01 03:34:00,S0015,air_quality,residential,edge_residential,1,23.710227119385234,67.39299914669363,0,0
2026-01-01 03:34:00,S0016,structure,transit,edge_transit,2,0.29765071539075955,44.00289089621275,0,0
2026-01-01 03:34:00,S0017,energy,residential,edge_residential,1,85.86825459169127,41.40754355339067,0,0
2026-01-01 03:34:00,S0018,energy,transit,edge_transit,1,80.91855757008753,82.91761173998054,0,0
2026-01-01 03:34:00,S0019,structure,waterfront,edge_waterfront,2,0.26572153274087124,24.688460925230423,0,0
2026-01-01 03:34:00,S0020,traffic,transit,edge_transit,2,35.08556269196424,44.75365884352517,0,0
2026-01-01 03:34:00,S0021,traffic,industrial,edge_industrial,2,34.00376845079199,53.39686467220465,0,0
2026-01-01 03:34:00,S0022,energy,transit,edge_transit,1,85.310873624196,115.61005694925754,0,0
2026-01-01 03:34:00,S0023,traffic,residential,edge_residential,2,39.11005871350044,45.98379070885355,0,0
2026-01-01 03:34:00,S0024,traffic,downtown,edge_downtown,2,33.394342050878016,37.043682370349856,0,0
2026-01-01 03:34:00,S0025,air_quality,downtown,edge_downtown,1,14.62016864106775,48.504218292322015,0,0
2026-01-01 03:34:00,S0026,air_quality,transit,edge_transit,1,20.88222092795986,64.7713110830381,0,0
2026-01-01 03:34:00,S0027,structure,industrial,edge_industrial,2,,35.02941874210066,0,1
2026-01-01 03:34:00,S0028,energy,residential,edge_residential,1,73.02223422177529,69.16945531313348,0,0
2026-01-01 03:34:00,S0029,air_quality,industrial,edge_industrial,1,22.183182040220544,65.23796468499889,0,0
2026-01-01 03:34:00,S0030,air_quality,industrial,edge_industrial,1,21.729990717291678,37.17303732899716,0,0
2026-01-01 03:34:00,S0031,traffic,downtown,edge_downtown,2,34.14386765999548,47.57465822280581,0,0
2026-01-01 03:34:00,S0032,traffic,industrial,edge_industrial,2,34.62768625200263,35.04661742350379,0,0
2026-01-01 03:34:00,S0033,traffic,waterfront,edge_waterfront,2,30.804272266115284,35.561841166768446,0,0
2026-01-01 03:34:00,S0034,energy,residential,edge_residential,1,75.34637667597408,70.53585787439567,0,0
2026-01-01 03:34:00,S0035,traffic,industrial,edge_industrial,2,37.55145902577938,33.6804357871797,0,0
2026-01-01 03:34:00,S0036,air_quality,residential,edge_residential,1,19.94524652217964,73.97119926707131,0,0
2026-01-01 03:34:00,S0037,traffic,waterfront,edge_waterfront,2,33.74503737556401,39.192219928710415,0,0
2026-01-01 03:34:00,S0038,energy,industrial,edge_industrial,1,90.85116963153456,74.25113822131638,0,0
2026-01-01 03:34:00,S0039,traffic,residential,edge_residential,2,35.035763174512134,45.30124778035171,0,0
2026-01-01 03:35:00,S0000,energy,residential,edge_residential,1,79.31516649437799,62.782991139423046,0,0
2026-01-01 03:35:00,S0001,structure,industrial,edge_industrial,2,0.21093957936230517,33.91016968684066,0,0
2026-01-01 03:35:00,S0002,energy,waterfront,edge_waterfront,1,138.73579361822675,92.26697601396366,1,0
2026-01-01 03:35:00,S0003,traffic,waterfront,edge_waterfront,2,33.66246495414824,46.172023999007166,0,0
2026-01-01 03:35:00,S0004,traffic,downtown,edge_downtown,2,28.147955419718787,31.43013528451662,0,0
2026-01-01 03:35:00,S0005,structure,residential,edge_residential,2,0.681641316418636,37.758746731119146,1,0
2026-01-01 03:35:00,S0006,traffic,waterfront,edge_waterfront,2,35.43936532735099,48.69054542444101,0,0
2026-01-01 03:35:00,S0007,energy,waterfront,edge_waterfront,1,78.77305932302785,57.44168265159211,0,0
2026-01-01 03:35:00,S0008,energy,transit,edge_transit,1,86.36365982442818,79.39548075373048,0,0
2026-01-01 03:35:00,S0009,air_quality,transit,edge_transit,1,20.26851080285347,48.108835671253274,0,0
2026-01-01 03:35:00,S0010,traffic,downtown,edge_downtown,2,34.83631992347976,45.096772011344086,0,0
2026-01-01 03:35:00,S0011,traffic,transit,edge_transit,2,37.204161435615056,33.43619648130937,0,0
2026-01-01 03:35:00,S0012,traffic,residential,edge_residential,2,21.836798745551505,32.516493161424805,0,0
2026-01-01 03:35:00,S0013,air_quality,downtown,edge_downtown,1,20.077463888823257,58.927269968084225,0,0
2026-01-01 03:35:00,S0014,air_quality,industrial,edge_industrial,1,20.637734618134367,71.88782556546425,0,0
2026-01-01 03:35:00,S0015,air_quality,residential,edge_residential,1,19.43532432618222,69.18274825872663,0,0
2026-01-01 03:35:00,S0016,structure,transit,edge_transit,2,0.24571545637252237,44.30892363958786,0,0
2026-01-01 03:35:00,S0017,energy,residential,edge_residential,1,76.79073657373628,86.7908599708592,0,0
2026-01-01 03:35:00,S0018,energy,transit,edge_transit,1,86.36710182448192,59.43359095721692,0,0
2026-01-01 03:35:00,S0019,structure,waterfront,edge_waterfront,2,0.17268348950390927,46.180618656742,0,0
2026-01-01 03:35:00,S0020,traffic,transit,edge_transit,2,,33.090285837189924,0,1
2026-01-01 03:35:00,S0021,traffic,industrial,edge_industrial,2,41.133233887597704,39.892971212121154,0,0
2026-01-01 03:35:00,S0022,energy,transit,edge_transit,1,73.85606215278607,71.56534312161759,0,0
2026-01-01 03:35:00,S0023,traffic,residential,edge_residential,2,36.56260339004722,34.36112490710896,0,0
2026-01-01 03:35:00,S0024,traffic,downtown,edge_downtown,2,37.94664041430576,52.59472973340825,0,0
2026-01-01 03:35:00,S0025,air_quality,downtown,edge_downtown,1,19.148329199044294,54.1756980925112,0,0
2026-01-01 03:35:00,S0026,air_quality,transit,edge_transit,1,,43.405524594685076,0,1
2026-01-01 03:35:00,S0027,structure,industrial,edge_industrial,2,0.23444022183286112,55.49268370777506,0,0
2026-01-01 03:35:00,S0028,energy,residential,edge_residential,1,86.32706704440982,67.32620764974028,0,0
2026-01-01 03:35:00,S0029,air_quality,industrial,edge_industrial,1,18.749661819592102,80.66343475891088,0,0
2026-01-01 03:35:00,S0030,air_quality,industrial,edge_industrial,1,24.04020079924042,64.94464829591644,0,0
2026-01-01 03:35:00,S0031,traffic,downtown,edge_downtown,2,35.52885798098939,43.103699189234824,0,0
2026-01-01 03:35:00,S0032,traffic,industrial,edge_industrial,2,38.46437446710059,37.84382627468877,0,0
2026-01-01 03:35:00,S0033,traffic,waterfront,edge_waterfront,2,39.28454654445912,58.10910571320163,0,0
2026-01-01 03:35:00,S0034,energy,residential,edge_residential,1,75.54407457553316,105.26971350886842,0,0
2026-01-01 03:35:00,S0035,traffic,industrial,edge_industrial,2,35.87085617562804,21.180577645255326,0,0
2026-01-01 03:35:00,S0036,air_quality,residential,edge_residential,1,19.499681305379493,84.37319620165731,0,0
2026-01-01 03:35:00,S0037,traffic,waterfront,edge_waterfront,2,29.480529002099054,8.804684060245464,0,0
2026-01-01 03:35:00,S0038,energy,industrial,edge_industrial,1,77.90517611931149,91.94374903887454,0,0
2026-01-01 03:35:00,S0039,traffic,residential,edge_residential,2,29.975969510221418,30.62184261095578,0,0
2026-01-01 03:36:00,S0000,energy,residential,edge_residential,1,86.76558190903279,50.83705117326765,0,0
2026-01-01 03:36:00,S0001,structure,industrial,edge_industrial,2,0.2590397639920988,40.90062147679111,0,0
2026-01-01 03:36:00,S0002,energy,waterfront,edge_waterfront,1,,81.99905977893125,0,1
2026-01-01 03:36:00,S0003,traffic,waterfront,edge_waterfront,2,35.51114302385361,34.17797181986111,0,0
2026-01-01 03:36:00,S0004,traffic,downtown,edge_downtown,2,32.46851828168704,46.99004805383627,0,0
2026-01-01 03:36:00,S0005,structure,residential,edge_residential,2,0.26419360459656926,36.44795353473032,0,0
2026-01-01 03:36:00,S0006,traffic,waterfront,edge_waterfront,2,32.943728935154695,43.54958458037649,0,0
2026-01-01 03:36:00,S0007,energy,waterfront,edge_waterfront,1,82.76190984342384,112.92640275609062,0,0
2026-01-01 03:36:00,S0008,energy,transit,edge_transit,1,73.90974280410256,95.18753920327194,0,0
2026-01-01 03:36:00,S0009,air_quality,transit,edge_transit,1,22.25388984544444,54.07966644264076,0,0
2026-01-01 03:36:00,S0010,traffic,downtown,edge_downtown,2,39.39130621424582,36.77135469572773,0,0
2026-01-01 03:36:00,S0011,traffic,transit,edge_transit,2,33.649228636809006,35.79026916829803,0,0
2026-01-01 03:36:00,S0012,traffic,residential,edge_residential,2,35.69187659076827,51.54147238414813,0,0
2026-01-01 03:36:00,S0013,air_quality,downtown,edge_downtown,1,21.85572630146052,63.54431474442773,0,0
2026-01-01 03:36:00,S0014,air_quality,industrial,edge_industrial,1,21.35070295912425,65.55025992004971,0,0
2026-01-01 03:36:00,S0015,air_quality,residential,edge_residential,1,24.64966720245542,90.70293519011209,0,0
2026-01-01 03:36:00,S0016,structure,transit,edge_transit,2,0.2529808005751404,45.89149207075771,0,0
2026-01-01 03:36:00,S0017,energy,residential,edge_residential,1,83.70059150991389,94.66235597203783,0,0
2026-01-01 03:36:00,S0018,energy,transit,edge_transit,1,84.62744462513285,82.11520949505947,0,0
2026-01-01 03:36:00,S0019,structure,waterfront,edge_waterfront,2,0.28999887730094637,48.15804634034599,0,0
2026-01-01 03:36:00,S0020,traffic,transit,edge_transit,2,38.35578881430388,42.171187506852306,0,0
2026-01-01 03:36:00,S0021,traffic,industrial,edge_industrial,2,35.768310683193064,45.316227889712984,0,0
2026-01-01 03:36:00,S0022,energy,transit,edge_transit,1,83.42075339975172,66.77079757573108,0,0
2026-01-01 03:36:00,S0023,traffic,residential,edge_residential,2,38.07534322617579,23.798027242733436,0,0
2026-01-01 03:36:00,S0024,traffic,downtown,edge_downtown,2,42.95655577608303,31.372819431683123,0,0
2026-01-01 03:36:00,S0025,air_quality,downtown,edge_downtown,1,23.266148292704393,75.49496232450063,0,0
2026-01-01 03:36:00,S0026,air_quality,transit,edge_transit,1,20.57909140543624,46.97395564889392,0,0
2026-01-01 03:36:00,S0027,structure,industrial,edge_industrial,2,0.21570309055074424,43.272459396554815,0,0
2026-01-01 03:36:00,S0028,energy,residential,edge_residential,1,87.2852121777783,71.6384270799419,0,0
2026-01-01 03:36:00,S0029,air_quality,industrial,edge_industrial,1,24.673531077087237,79.26884775848096,0,0
2026-01-01 03:36:00,S0030,air_quality,industrial,edge_industrial,1,21.52428566199388,70.58647470005326,0,0
2026-01-01 03:36:00,S0031,traffic,downtown,edge_downtown,2,31.95451733482789,46.30303362050777,0,0
2026-01-01 03:36:00,S0032,traffic,industrial,edge_industrial,2,33.25999074085247,34.1187220762837,0,0
2026-01-01 03:36:00,S0033,traffic,waterfront,edge_waterfront,2,33.60330519498326,41.332277189185554,0,0
2026-01-01 03:36:00,S0034,energy,residential,edge_residential,1,73.23713212527744,103.53404793887775,0,0
2026-01-01 03:36:00,S0035,traffic,industrial,edge_industrial,2,34.58732458064742,23.63713926751747,0,0
2026-01-01 03:36:00,S0036,air_quality,residential,edge_residential,1,21.29534832626219,69.3563977573143,0,0
2026-01-01 03:36:00,S0037,traffic,waterfront,edge_waterfront,2,31.116097971288024,34.40821316758483,0,0
2026-01-01 03:36:00,S0038,energy,industrial,edge_industrial,1,85.34462386077536,78.40060816034571,0,0
2026-01-01 03:36:00,S0039,traffic,residential,edge_residential,2,38.491855359001654,35.00066987846449,0,0
2026-01-01 03:37:00,S0000,energy,residential,edge_residential,1,84.44566614751913,56.05780621170043,0,0
2026-01-01 03:37:00,S0001,structure,industrial,edge_industrial,2,0.24376555279343326,30.864066453074678,0,0
2026-01-01 03:37:00,S0002,energy,waterfront,edge_waterfront,1,73.82064378620925,72.54253876198254,0,0
2026-01-01 03:37:00,S0003,traffic,waterfront,edge_waterfront,2,46.90937389464616,40.00083153365874,0,0
2026-01-01 03:37:00,S0004,traffic,downtown,edge_downtown,2,32.352880906594386,25.81729329297659,0,0
2026-01-01 03:37:00,S0005,structure,residential,edge_residential,2,0.26459383984912743,44.53998213341181,0,0
2026-01-01 03:37:00,S0006,traffic,waterfront,edge_waterfront,2,36.54313708534674,44.76598245059471,0,0
2026-01-01 03:37:00,S0007,energy,waterfront,edge_waterfront,1,84.20572758263009,88.28223787449924,0,0
2026-01-01 03:37:00,S0008,energy,transit,edge_transit,1,82.93790506860665,87.00644667271554,0,0
2026-01-01 03:37:00,S0009,air_quality,transit,edge_transit,1,22.721209757774812,65.38466330611251,0,0
2026-01-01 03:37:00,S0010,traffic,downtown,edge_downtown,2,32.524267376364364,38.15445321761079,0,0
2026-01-01 03:37:00,S0011,traffic,transit,edge_transit,2,36.79536353290137,26.500922399591367,0,0
2026-01-01 03:37:00,S0012,traffic,residential,edge_residential,2,43.23526639181755,44.22546141082211,0,0
2026-01-01 03:37:00,S0013,air_quality,downtown,edge_downtown,1,23.55256377467221,35.44094862779711,0,0
2026-01-01 03:37:00,S0014,air_quality,industrial,edge_industrial,1,32.02619491766838,53.83008714184643,1,0
2026-01-01 03:37:00,S0015,air_quality,residential,edge_residential,1,20.675522347497644,50.89672063480248,0,0
2026-01-01 03:37:00,S0016,structure,transit,edge_transit,2,0.15473497051378732,41.98914407177694,0,0
2026-01-01 03:37:00,S0017,energy,residential,edge_residential,1,77.41961147951703,113.48869521746562,0,0
2026-01-01 03:37:00,S0018,energy,transit,edge_transit,1,77.06770360937776,78.64189640962893,0,0
2026-01-01 03:37:00,S0019,structure,waterfront,edge_waterfront,2,0.3221100950853223,36.31884055259979,0,0
2026-01-01 03:37:00,S0020,traffic,transit,edge_transit,2,33.14586749804464,43.12542277528258,0,0
2026-01-01 03:37:00,S0021,traffic,industrial,edge_industrial,2,37.12773601584833,49.50985731600069,0,0
2026-01-01 03:37:00,S0022,energy,transit,edge_transit,1,82.89706908674589,93.54273796538034,0,0
2026-01-01 03:37:00,S0023,traffic,residential,edge_residential,2,42.610884019559784,41.47437815671287,0,0
2026-01-01 03:37:00,S0024,traffic,downtown,edge_downtown,2,24.29153680889006,21.152983357049273,0,0
2026-01-01 03:37:00,S0025,air_quality,downtown,edge_downtown,1,21.976470088392116,58.73701746204853,0,0
2026-01-01 03:37:00,S0026,air_quality,transit,edge_transit,1,21.656515494045877,74.01572627453059,0,0
2026-01-01 03:37:00,S0027,structure,industrial,edge_industrial,2,0.297573235899839,35.663707088491385,0,0
2026-01-01 03:37:00,S0028,energy,residential,edge_residential,1,93.23303002658199,52.99210596871714,0,0
2026-01-01 03:37:00,S0029,air_quality,industrial,edge_industrial,1,21.729173649966818,102.7595871568956,0,0
2026-01-01 03:37:00,S0030,air_quality,industrial,edge_industrial,1,24.869718255309966,42.68772079422815,0,0
2026-01-01 03:37:00,S0031,traffic,downtown,edge_downtown,2,32.450369534589655,24.021969959845833,0,0
2026-01-01 03:37:00,S0032,traffic,industrial,edge_industrial,2,26.178780042217326,33.27943076893534,0,0
2026-01-01 03:37:00,S0033,traffic,waterfront,edge_waterfront,2,33.07090748534193,74.35029278241242,0,0
2026-01-01 03:37:00,S0034,energy,residential,edge_residential,1,81.2066676794694,50.52113592946348,0,0
2026-01-01 03:37:00,S0035,traffic,industrial,edge_industrial,2,44.76118607068305,41.88693785854733,0,0
2026-01-01 03:37:00,S0036,air_quality,residential,edge_residential,1,21.117416702180737,92.79003798809507,0,0
2026-01-01 03:37:00,S0037,traffic,waterfront,edge_waterfront,2,32.892209818428896,55.284984799844224,0,0
2026-01-01 03:37:00,S0038,energy,industrial,edge_industrial,1,85.36891412064483,56.021260118277596,0,0
2026-01-01 03:37:00,S0039,traffic,residential,edge_residential,2,36.02871571816752,45.704440464761625,0,0
2026-01-01 03:38:00,S0000,energy,residential,edge_residential,1,66.53037599529722,106.10541446970936,0,0
2026-01-01 03:38:00,S0001,structure,industrial,edge_industrial,2,0.2565021314881505,37.74809064036718,0,0
2026-01-01 03:38:00,S0002,energy,waterfront,edge_waterfront,1,90.77107483685435,143.0057572314248,0,0
2026-01-01 03:38:00,S0003,traffic,waterfront,edge_waterfront,2,37.3529297133948,36.357532580248716,0,0
2026-01-01 03:38:00,S0004,traffic,downtown,edge_downtown,2,35.36713247635878,19.26067995686466,0,0
2026-01-01 03:38:00,S0005,structure,residential,edge_residential,2,0.24843394194388382,36.02371742222148,0,0
2026-01-01 03:38:00,S0006,traffic,waterfront,edge_waterfront,2,34.51473462973856,44.9312176890906,0,0
2026-01-01 03:38:00,S0007,energy,waterfront,edge_waterfront,1,84.51821585028907,90.3511597949354,0,0
2026-01-01 03:38:00,S0008,energy,transit,edge_transit,1,82.39527335059623,97.10220817734401,0,0
2026-01-01 03:38:00,S0009,air_quality,transit,edge_transit,1,25.40641453550094,70.18449322152912,0,0
2026-01-01 03:38:00,S0010,traffic,downtown,edge_downtown,2,38.61454235702524,33.02571652323766,0,0
2026-01-01 03:38:00,S0011,traffic,transit,edge_transit,2,35.09897259727968,33.52477134878295,0,0
2026-01-01 03:38:00,S0012,traffic,residential,edge_residential,2,44.19581372600404,37.971488739083696,0,0
2026-01-01 03:38:00,S0013,air_quality,downtown,edge_downtown,1,22.366191456508506,76.28455379695137,0,0
2026-01-01 03:38:00,S0014,air_quality,industrial,edge_industrial,1,17.690641540868782,58.91366845406459,0,0
2026-01-01 03:38:00,S0015,air_quality,residential,edge_residential,1,20.48718624180735,53.50568321092531,0,0
2026-01-01 03:38:00,S0016,structure,transit,edge_transit,2,0.20818127927962232,40.02285782286004,0,0
2026-01-01 03:38:00,S0017,energy,residential,edge_residential,1,75.62226416370717,88.79311232039719,0,0
2026-01-01 03:38:00,S0018,energy,transit,edge_transit,1,82.23610205125419,89.0250720103783,0,0
2026-01-01 03:38:00,S0019,structure,waterfront,edge_waterfront,2,0.23712926721143693,41.99737516776421,0,0
2026-01-01 03:38:00,S0020,traffic,transit,edge_transit,2,45.31470142170949,52.95438539742722,0,0
2026-01-01 03:38:00,S0021,traffic,industrial,edge_industrial,2,42.27038794564297,66.27578423087365,0,0
2026-01-01 03:38:00,S0022,energy,transit,edge_transit,1,,100.40576303314005,0,1
2026-01-01 03:38:00,S0023,traffic,residential,edge_residential,2,28.333702948078507,33.19202918299913,0,0
2026-01-01 03:38:00,S0024,traffic,downtown,edge_downtown,2,29.614140698743274,42.87340011174801,0,0
2026-01-01 03:38:00,S0025,air_quality,downtown,edge_downtown,1,23.391408137634077,72.0802272118256,0,0
2026-01-01 03:38:00,S0026,air_quality,transit,edge_transit,1,25.383365798949647,13.671799444525028,0,0
2026-01-01 03:38:00,S0027,structure,industrial,edge_industrial,2,0.26940523380230047,48.7862163485054,0,0
2026-01-01 03:38:00,S0028,energy,residential,edge_residential,1,80.29170956570522,60.711084777536094,0,0
2026-01-01 03:38:00,S0029,air_quality,industrial,edge_industrial,1,20.677367421270976,19.69934670099537,0,0
2026-01-01 03:38:00,S0030,air_quality,industrial,edge_industrial,1,22.292705563352403,81.43170716597724,0,0
2026-01-01 03:38:00,S0031,traffic,downtown,edge_downtown,2,32.78211820526028,47.7839605936908,0,0
2026-01-01 03:38:00,S0032,traffic,industrial,edge_industrial,2,36.84659732572104,36.30783562837151,0,0
2026-01-01 03:38:00,S0033,traffic,waterfront,edge_waterfront,2,30.98323977007554,29.934660678144873,0,0
2026-01-01 03:38:00,S0034,energy,residential,edge_residential,1,87.3279794096728,81.77408297932462,0,0
2026-01-01 03:38:00,S0035,traffic,industrial,edge_industrial,2,40.07023544021882,32.371369960445655,0,0
2026-01-01 03:38:00,S0036,air_quality,residential,edge_residential,1,25.617127923881586,72.10005480875654,0,0
2026-01-01 03:38:00,S0037,traffic,waterfront,edge_waterfront,2,28.592098209775596,25.746664438510887,0,0
2026-01-01 03:38:00,S0038,energy,industrial,edge_industrial,1,81.65766716822613,82.39570753510836,0,0
2026-01-01 03:38:00,S0039,traffic,residential,edge_residential,2,37.061157716105804,52.68419706485156,0,0
2026-01-01 03:39:00,S0000,energy,residential,edge_residential,1,83.75201142511611,84.53319146916965,0,0
2026-01-01 03:39:00,S0001,structure,industrial,edge_industrial,2,0.19315129892357288,43.52753504029699,0,0
2026-01-01 03:39:00,S0002,energy,waterfront,edge_waterfront,1,91.09878163790451,81.42301275277252,0,0
2026-01-01 03:39:00,S0003,traffic,waterfront,edge_waterfront,2,40.780310653917375,42.11023264947023,0,0
2026-01-01 03:39:00,S0004,traffic,downtown,edge_downtown,2,35.04890522641802,37.91686780685056,0,0
2026-01-01 03:39:00,S0005,structure,residential,edge_residential,2,0.2576265798478759,47.40579571776344,0,0
2026-01-01 03:39:00,S0006,traffic,waterfront,edge_waterfront,2,24.95391619104697,36.2390292013953,0,0
2026-01-01 03:39:00,S0007,energy,waterfront,edge_waterfront,1,88.79081987101415,93.5916171704683,0,0
2026-01-01 03:39:00,S0008,energy,transit,edge_transit,1,84.10807183383793,28.326544124926897,0,0
2026-01-01 03:39:00,S0009,air_quality,transit,edge_transit,1,22.451275496863413,39.613886756504016,0,0
2026-01-01 03:39:00,S0010,traffic,downtown,edge_downtown,2,32.90058228937413,41.08967727508527,0,0
2026-01-01 03:39:00,S0011,traffic,transit,edge_transit,2,39.19381778400609,42.694568796175076,0,0
2026-01-01 03:39:00,S0012,traffic,residential,edge_residential,2,33.86883574695354,57.60293790563259,0,0
2026-01-01 03:39:00,S0013,air_quality,downtown,edge_downtown,1,24.61111381183359,71.12055863520028,0,0
2026-01-01 03:39:00,S0014,air_quality,industrial,edge_industrial,1,26.472623072672437,30.501544805627717,0,0
2026-01-01 03:39:00,S0015,air_quality,residential,edge_residential,1,22.4971017773265,50.12826384160898,0,0
2026-01-01 03:39:00,S0016,structure,transit,edge_transit,2,0.29552243296067016,28.323045105368262,0,0
2026-01-01 03:39:00,S0017,energy,residential,edge_residential,1,73.67803631804206,63.33327892400769,0,0
2026-01-01 03:39:00,S0018,energy,transit,edge_transit,1,84.04703332258109,69.90895948035136,0,0
2026-01-01 03:39:00,S0019,structure,waterfront,edge_waterfront,2,0.28215215335811783,47.49676741888169,0,0
2026-01-01 03:39:00,S0020,traffic,transit,edge_transit,2,46.21857033722753,22.812246918505014,0,0
2026-01-01 03:39:00,S0021,traffic,industrial,edge_industrial,2,31.72836433509127,49.30204178760822,0,0
2026-01-01 03:39:00,S0022,energy,transit,edge_transit,1,,61.03109394050504,0,1
2026-01-01 03:39:00,S0023,traffic,residential,edge_residential,2,33.83760914940837,40.24785258606408,0,0
2026-01-01 03:39:00,S0024,traffic,downtown,edge_downtown,2,43.02047902843522,37.42043582416831,0,0
2026-01-01 03:39:00,S0025,air_quality,downtown,edge_downtown,1,12.654906574232593,25.077387428975698,0,0
2026-01-01 03:39:00,S0026,air_quality,transit,edge_transit,1,24.46790627296958,83.68571431971307,0,0
2026-01-01 03:39:00,S0027,structure,industrial,edge_industrial,2,0.3053900235682833,38.57060319055689,0,0
2026-01-01 03:39:00,S0028,energy,residential,edge_residential,1,77.62027306906779,102.82180467894236,0,0
2026-01-01 03:39:00,S0029,air_quality,industrial,edge_industrial,1,19.60454518309365,69.86586868121516,0,0
2026-01-01 03:39:00,S0030,air_quality,industrial,edge_industrial,1,20.428422408004213,68.81845789966054,0,0
2026-01-01 03:39:00,S0031,traffic,downtown,edge_downtown,2,30.644553467309688,50.02723381881917,0,0
2026-01-01 03:39:00,S0032,traffic,industrial,edge_industrial,2,33.54732006842524,43.25701441503356,0,0
2026-01-01 03:39:00,S0033,traffic,waterfront,edge_waterfront,2,36.762689524643555,45.20634114798381,0,0
2026-01-01 03:39:00,S0034,energy,residential,edge_residential,1,89.3925022161475,87.05995993648796,0,0
2026-01-01 03:39:00,S0035,traffic,industrial,edge_industrial,2,34.06791219475326,48.919083646493675,0,0
2026-01-01 03:39:00,S0036,air_quality,residential,edge_residential,1,26.25075613254644,78.1412440334814,0,0
2026-01-01 03:39:00,S0037,traffic,waterfront,edge_waterfront,2,44.464915361762564,51.62423157267904,0,0
2026-01-01 03:39:00,S0038,energy,industrial,edge_industrial,1,84.34957695864898,70.59960890191098,0,0
2026-01-01 03:39:00,S0039,traffic,residential,edge_residential,2,34.59546820980083,46.8455156419573,0,0
2026-01-01 03:40:00,S0000,energy,residential,edge_residential,1,81.91921618536223,49.59651136848481,0,0
2026-01-01 03:40:00,S0001,structure,industrial,edge_industrial,2,0.22529417609368138,38.42819174150302,0,0
2026-01-01 03:40:00,S0002,energy,waterfront,edge_waterfront,1,85.35163555624307,69.25684521418562,0,0
2026-01-01 03:40:00,S0003,traffic,waterfront,edge_waterfront,2,34.23049304146198,52.19059478289091,0,0
2026-01-01 03:40:00,S0004,traffic,downtown,edge_downtown,2,35.17814933208348,35.34120085888833,0,0
2026-01-01 03:40:00,S0005,structure,residential,edge_residential,2,0.2394248560106105,21.770213140259024,0,0
2026-01-01 03:40:00,S0006,traffic,waterfront,edge_waterfront,2,35.61414541234078,39.95758726792009,0,0
2026-01-01 03:40:00,S0007,energy,waterfront,edge_waterfront,1,86.19249805979128,103.00403923881277,0,0
2026-01-01 03:40:00,S0008,energy,transit,edge_transit,1,81.41267445752288,72.82494296648217,0,0
2026-01-01 03:40:00,S0009,air_quality,transit,edge_transit,1,21.210156851288403,70.39219123854085,0,0
2026-01-01 03:40:00,S0010,traffic,downtown,edge_downtown,2,32.08451020633877,40.85073593101599,0,0
2026-01-01 03:40:00,S0011,traffic,transit,edge_transit,2,37.00320719792907,46.28478212768472,0,0
2026-01-01 03:40:00,S0012,traffic,residential,edge_residential,2,32.27866724238768,37.85390084450578,0,0
2026-01-01 03:40:00,S0013,air_quality,downtown,edge_downtown,1,26.361291008597963,73.04416914228077,0,0
2026-01-01 03:40:00,S0014,air_quality,industrial,edge_industrial,1,,99.63781794606712,0,1
2026-01-01 03:40:00,S0015,air_quality,residential,edge_residential,1,22.340854711844415,54.37414202276338,0,0
2026-01-01 03:40:00,S0016,structure,transit,edge_transit,2,0.21773389970806892,34.52879193120215,0,0
2026-01-01 03:40:00,S0017,energy,residential,edge_residential,1,81.10996802238297,89.22110442154607,0,0
2026-01-01 03:40:00,S0018,energy,transit,edge_transit,1,80.70997128167407,66.5572887985648,0,0
2026-01-01 03:40:00,S0019,structure,waterfront,edge_waterfront,2,0.27207869037755583,18.23682331843293,0,0
2026-01-01 03:40:00,S0020,traffic,transit,edge_transit,2,30.728126798704068,45.939239775300585,0,0
2026-01-01 03:40:00,S0021,traffic,industrial,edge_industrial,2,37.963328359719256,39.982386961097994,0,0
2026-01-01 03:40:00,S0022,energy,transit,edge_transit,1,89.73734787883124,72.37303019906311,0,0
2026-01-01 03:40:00,S0023,traffic,residential,edge_residential,2,29.49330111171349,19.694772556859192,0,0
2026-01-01 03:40:00,S0024,traffic,downtown,edge_downtown,2,33.969757132388295,34.67377432541345,0,0
2026-01-01 03:40:00,S0025,air_quality,downtown,edge_downtown,1,25.91777974375521,47.40467160593948,0,0
2026-01-01 03:40:00,S0026,air_quality,transit,edge_transit,1,22.38423351718663,48.084233391438204,0,0
2026-01-01 03:40:00,S0027,structure,industrial,edge_industrial,2,0.2603086090754678,42.062017111234795,0,0
2026-01-01 03:40:00,S0028,energy,residential,edge_residential,1,77.90921083548324,66.98282470384571,0,0
2026-01-01 03:40:00,S0029,air_quality,industrial,edge_industrial,1,20.390106850857286,83.24598173938851,0,0
2026-01-01 03:40:00,S0030,air_quality,industrial,edge_industrial,1,21.875002652104946,60.73037476489262,0,0
2026-01-01 03:40:00,S0031,traffic,downtown,edge_downtown,2,46.48829513133156,25.150643293417,0,0
2026-01-01 03:40:00,S0032,traffic,industrial,edge_industrial,2,42.30899390667339,33.516838641209276,0,0
2026-01-01 03:40:00,S0033,traffic,waterfront,edge_waterfront,2,37.645174613393685,58.87085226176834,0,0
2026-01-01 03:40:00,S0034,energy,residential,edge_residential,1,78.25191816866634,69.0576825470081,0,0
2026-01-01 03:40:00,S0035,traffic,industrial,edge_industrial,2,40.23417300780403,46.987431415403776,0,0
2026-01-01 03:40:00,S0036,air_quality,residential,edge_residential,1,25.178228945989577,83.78183665698592,0,0
2026-01-01 03:40:00,S0037,traffic,waterfront,edge_waterfront,2,31.69254968490304,29.529134884051697,0,0
2026-01-01 03:40:00,S0038,energy,industrial,edge_industrial,1,91.33785202725579,102.22410203087668,0,0
2026-01-01 03:40:00,S0039,traffic,residential,edge_residential,2,31.682274396596643,30.598131471266935,0,0
2026-01-01 03:41:00,S0000,energy,residential,edge_residential,1,82.82400819000804,93.07264332060244,0,0
2026-01-01 03:41:00,S0001,structure,industrial,edge_industrial,2,0.2713453212901565,33.65745276177264,0,0
2026-01-01 03:41:00,S0002,energy,waterfront,edge_waterfront,1,83.68110309148864,70.20033340450968,0,0
2026-01-01 03:41:00,S0003,traffic,waterfront,edge_waterfront,2,36.653565696169835,25.593398119127933,0,0
2026-01-01 03:41:00,S0004,traffic,downtown,edge_downtown,2,32.14572224252289,39.68108529709294,0,0
2026-01-01 03:41:00,S0005,structure,residential,edge_residential,2,0.21769881972730964,48.9710267093262,0,0
2026-01-01 03:41:00,S0006,traffic,waterfront,edge_waterfront,2,42.705879413813356,25.512438856105476,0,0
2026-01-01 03:41:00,S0007,energy,waterfront,edge_waterfront,1,86.46585881144992,96.10950959435695,0,0
2026-01-01 03:41:00,S0008,energy,transit,edge_transit,1,85.86111555597672,86.80806498583412,0,0
2026-01-01 03:41:00,S0009,air_quality,transit,edge_transit,1,22.205730234110064,101.37482308439698,0,0
2026-01-01 03:41:00,S0010,traffic,downtown,edge_downtown,2,37.020683385621325,60.509212808986575,0,0
2026-01-01 03:41:00,S0011,traffic,transit,edge_transit,2,32.53833174109964,21.67599320720309,0,0
2026-01-01 03:41:00,S0012,traffic,residential,edge_residential,2,38.37215010669782,52.75646355921803,0,0
2026-01-01 03:41:00,S0013,air_quality,downtown,edge_downtown,1,21.595735508438135,42.460337039681875,0,0
2026-01-01 03:41:00,S0014,air_quality,industrial,edge_industrial,1,28.180318107491203,58.250274382693576,0,0
2026-01-01 03:41:00,S0015,air_quality,residential,edge_residential,1,24.97641874657624,75.39638401718781,0,0
2026-01-01 03:41:00,S0016,structure,transit,edge_transit,2,0.20939261340631335,29.812250943468182,0,0
2026-01-01 03:41:00,S0017,energy,residential,edge_residential,1,76.36280023899756,78.20318471269071,0,0
2026-01-01 03:41:00,S0018,energy,transit,edge_transit,1,81.0011958904079,105.73043060621072,0,0
2026-01-01 03:41:00,S0019,structure,waterfront,edge_waterfront,2,0.24053781364210036,33.04431047154898,0,0
2026-01-01 03:41:00,S0020,traffic,transit,edge_transit,2,37.23585883479014,53.86442004691192,0,0
2026-01-01 03:41:00,S0021,traffic,industrial,edge_industrial,2,33.56444564426052,45.57484565723362,0,0
2026-01-01 03:41:00,S0022,energy,transit,edge_transit,1,83.78951070460164,86.46785342242389,0,0
2026-01-01 03:41:00,S0023,traffic,residential,edge_residential,2,34.886745608427695,46.340065266447006,0,0
2026-01-01 03:41:00,S0024,traffic,downtown,edge_downtown,2,67.61727967086495,35.10937019795913,1,0
2026-01-01 03:41:00,S0025,air_quality,downtown,edge_downtown,1,24.634516744509273,65.835969578315,0,0
2026-01-01 03:41:00,S0026,air_quality,transit,edge_transit,1,35.30972808836832,57.05652942391157,1,0
2026-01-01 03:41:00,S0027,structure,industrial,edge_industrial,2,0.2112930881318602,27.807335529611244,0,0
2026-01-01 03:41:00,S0028,energy,residential,edge_residential,1,77.77673466580887,66.17831704276963,0,0
2026-01-01 03:41:00,S0029,air_quality,industrial,edge_industrial,1,21.559986694052366,69.60449435071482,0,0
2026-01-01 03:41:00,S0030,air_quality,industrial,edge_industrial,1,45.898197284859,47.28243720971767,1,0
2026-01-01 03:41:00,S0031,traffic,downtown,edge_downtown,2,36.255921383563866,31.29884011870984,0,0
2026-01-01 03:41:00,S0032,traffic,industrial,edge_industrial,2,37.81987901938811,35.49644399054259,0,0
2026-01-01 03:41:00,S0033,traffic,waterfront,edge_waterfront,2,37.09383646408233,35.359647264423764,0,0
2026-01-01 03:41:00,S0034,energy,residential,edge_residential,1,84.4263486033251,67.46992796283995,0,0
2026-01-01 03:41:00,S0035,traffic,industrial,edge_industrial,2,63.89460250389706,37.86921837305893,1,0
2026-01-01 03:41:00,S0036,air_quality,residential,edge_residential,1,23.60434317760803,63.405347179171294,0,0
2026-01-01 03:41:00,S0037,traffic,waterfront,edge_waterfront,2,38.37459963025314,35.95183380522765,0,0
2026-01-01 03:41:00,S0038,energy,industrial,edge_industrial,1,85.24706089818457,102.616750768853,0,0
2026-01-01 03:41:00,S0039,traffic,residential,edge_residential,2,39.244934927823614,38.46644489973351,0,0
2026-01-01 03:42:00,S0000,energy,residential,edge_residential,1,75.9006433103972,105.20749748157765,0,0
2026-01-01 03:42:00,S0001,structure,industrial,edge_industrial,2,0.26160944104626677,27.676668271058375,0,0
2026-01-01 03:42:00,S0002,energy,waterfront,edge_waterfront,1,83.35895239727732,87.61148996876035,0,0
2026-01-01 03:42:00,S0003,traffic,waterfront,edge_waterfront,2,27.914232291436136,55.422291026294104,0,0
2026-01-01 03:42:00,S0004,traffic,downtown,edge_downtown,2,39.91591636242702,36.801865628583634,0,0
2026-01-01 03:42:00,S0005,structure,residential,edge_residential,2,0.33325046662719837,36.10756613716618,0,0
2026-01-01 03:42:00,S0006,traffic,waterfront,edge_waterfront,2,37.4696967363103,38.55956260858447,0,0
2026-01-01 03:42:00,S0007,energy,waterfront,edge_waterfront,1,76.44431871276772,86.14595905876232,0,0
2026-01-01 03:42:00,S0008,energy,transit,edge_transit,1,80.08735560717795,90.48338570653667,0,0
2026-01-01 03:42:00,S0009,air_quality,transit,edge_transit,1,21.296279390008955,52.88131082501217,0,0
2026-01-01 03:42:00,S0010,traffic,downtown,edge_downtown,2,36.752734713759864,47.30285115442416,0,0
2026-01-01 03:42:00,S0011,traffic,transit,edge_transit,2,34.114167528370984,42.02152095874896,0,0
2026-01-01 03:42:00,S0012,traffic,residential,edge_residential,2,30.395464865921937,43.1032531769248,0,0
2026-01-01 03:42:00,S0013,air_quality,downtown,edge_downtown,1,23.04545837977129,67.82020972736103,0,0
2026-01-01 03:42:00,S0014,air_quality,industrial,edge_industrial,1,21.227369124328014,60.108015525219095,0,0
2026-01-01 03:42:00,S0015,air_quality,residential,edge_residential,1,29.471220960936755,52.044629937028745,0,0
2026-01-01 03:42:00,S0016,structure,transit,edge_transit,2,0.29064503146779386,40.571309910661896,0,0
2026-01-01 03:42:00,S0017,energy,residential,edge_residential,1,70.52716416586702,67.07879918470881,0,0
2026-01-01 03:42:00,S0018,energy,transit,edge_transit,1,81.82599079736141,75.67602864136701,0,0
2026-01-01 03:42:00,S0019,structure,waterfront,edge_waterfront,2,0.2362845022059432,30.04058746013815,0,0
2026-01-01 03:42:00,S0020,traffic,transit,edge_transit,2,31.400976065370113,28.32526682305474,0,0
2026-01-01 03:42:00,S0021,traffic,industrial,edge_industrial,2,41.85655794183822,43.15194267125406,0,0
2026-01-01 03:42:00,S0022,energy,transit,edge_transit,1,78.96110539036549,59.73471143832446,0,0
2026-01-01 03:42:00,S0023,traffic,residential,edge_residential,2,45.91307156279224,40.31796424172713,0,0
2026-01-01 03:42:00,S0024,traffic,downtown,edge_downtown,2,33.86397917741379,36.34971123667333,0,0
2026-01-01 03:42:00,S0025,air_quality,downtown,edge_downtown,1,27.7286098814269,45.274839881498394,0,0
2026-01-01 03:42:00,S0026,air_quality,transit,edge_transit,1,23.018122249821253,62.127689207170114,0,0
2026-01-01 03:42:00,S0027,structure,industrial,edge_industrial,2,0.48589095714744823,28.073421659051046,1,0
2026-01-01 03:42:00,S0028,energy,residential,edge_residential,1,72.31880273745264,105.4058202074352,0,0
2026-01-01 03:42:00,S0029,air_quality,industrial,edge_industrial,1,21.56306764566658,53.329558912009546,0,0
2026-01-01 03:42:00,S0030,air_quality,industrial,edge_industrial,1,24.280724285060153,48.44274466303301,0,0
2026-01-01 03:42:00,S0031,traffic,downtown,edge_downtown,2,36.36550910424552,44.257601086316384,0,0
2026-01-01 03:42:00,S0032,traffic,industrial,edge_industrial,2,39.780580793741706,33.58813820411034,0,0
2026-01-01 03:42:00,S0033,traffic,waterfront,edge_waterfront,2,34.77361172231555,46.91183274896039,0,0
2026-01-01 03:42:00,S0034,energy,residential,edge_residential,1,75.93226718275002,82.38276860945642,0,0
2026-01-01 03:42:00,S0035,traffic,industrial,edge_industrial,2,26.76173828890863,25.429539457650755,0,0
2026-01-01 03:42:00,S0036,air_quality,residential,edge_residential,1,20.906949115013273,34.581456304698946,0,0
2026-01-01 03:42:00,S0037,traffic,waterfront,edge_waterfront,2,34.11236041041903,36.75131440557787,0,0
2026-01-01 03:42:00,S0038,energy,industrial,edge_industrial,1,83.77741570035256,88.64540994190122,0,0
2026-01-01 03:42:00,S0039,traffic,residential,edge_residential,2,32.0726594758166,60.176825011066896,0,0
2026-01-01 03:43:00,S0000,energy,residential,edge_residential,1,80.78276395961717,72.80250885128277,0,0
2026-01-01 03:43:00,S0001,structure,industrial,edge_industrial,2,0.30074768306772126,39.59251313893811,0,0
2026-01-01 03:43:00,S0002,energy,waterfront,edge_waterfront,1,78.26987766633353,88.18434801174476,0,0
2026-01-01 03:43:00,S0003,traffic,waterfront,edge_waterfront,2,36.402629379178016,37.65673575876083,0,0
2026-01-01 03:43:00,S0004,traffic,downtown,edge_downtown,2,37.9851054305675,46.08304585241471,0,0
2026-01-01 03:43:00,S0005,structure,residential,edge_residential,2,0.17907038938064632,48.292641860450495,0,0
2026-01-01 03:43:00,S0006,traffic,waterfront,edge_waterfront,2,38.94743202953149,34.40978907389369,0,0
2026-01-01 03:43:00,S0007,energy,waterfront,edge_waterfront,1,81.30123182695998,77.78888708003264,0,0
2026-01-01 03:43:00,S0008,energy,transit,edge_transit,1,84.3248437513034,65.32168363684585,0,0
2026-01-01 03:43:00,S0009,air_quality,transit,edge_transit,1,21.9326079769849,62.466810546172454,0,0
2026-01-01 03:43:00,S0010,traffic,downtown,edge_downtown,2,44.08456168770536,37.77747235724409,0,0
2026-01-01 03:43:00,S0011,traffic,transit,edge_transit,2,34.45831260323967,31.87797608028349,0,0
2026-01-01 03:43:00,S0012,traffic,residential,edge_residential,2,34.706436582017936,42.0074656415971,0,0
2026-01-01 03:43:00,S0013,air_quality,downtown,edge_downtown,1,15.159035664014814,71.88179056955087,0,0
2026-01-01 03:43:00,S0014,air_quality,industrial,edge_industrial,1,24.02662011763107,69.22149361719818,0,0
2026-01-01 03:43:00,S0015,air_quality,residential,edge_residential,1,23.485690438472286,85.00349694239969,0,0
2026-01-01 03:43:00,S0016,structure,transit,edge_transit,2,0.20353983237833523,36.573619762098915,0,0
2026-01-01 03:43:00,S0017,energy,residential,edge_residential,1,84.11017266560843,52.14534982383723,0,0
2026-01-01 03:43:00,S0018,energy,transit,edge_transit,1,85.95053074267179,101.56352954788412,0,0
2026-01-01 03:43:00,S0019,structure,waterfront,edge_waterfront,2,0.2918055240459003,36.96571399902853,0,0
2026-01-01 03:43:00,S0020,traffic,transit,edge_transit,2,35.160029490325186,49.616391679539866,0,0
2026-01-01 03:43:00,S0021,traffic,industrial,edge_industrial,2,29.23090837410294,42.09973403735604,0,0
2026-01-01 03:43:00,S0022,energy,transit,edge_transit,1,88.08692917525487,111.2353622464018,0,0
2026-01-01 03:43:00,S0023,traffic,residential,edge_residential,2,31.282508327157977,42.814700247274224,0,0
2026-01-01 03:43:00,S0024,traffic,downtown,edge_downtown,2,31.798317904913773,39.65794108574311,0,0
2026-01-01 03:43:00,S0025,air_quality,downtown,edge_downtown,1,21.101630502076883,76.3012563242815,0,0
2026-01-01 03:43:00,S0026,air_quality,transit,edge_transit,1,22.960084881098517,58.4005187017955,0,0
2026-01-01 03:43:00,S0027,structure,industrial,edge_industrial,2,0.2137646884960709,23.564174807921738,0,0
2026-01-01 03:43:00,S0028,energy,residential,edge_residential,1,75.57512244366947,90.9882467052457,0,0
2026-01-01 03:43:00,S0029,air_quality,industrial,edge_industrial,1,25.891113409880457,42.75725756457118,0,0
2026-01-01 03:43:00,S0030,air_quality,industrial,edge_industrial,1,21.86827219130601,58.337469907612636,0,0
2026-01-01 03:43:00,S0031,traffic,downtown,edge_downtown,2,34.466638327514914,45.95453030600328,0,0
2026-01-01 03:43:00,S0032,traffic,industrial,edge_industrial,2,30.011435662096382,26.84105848427227,0,0
2026-01-01 03:43:00,S0033,traffic,waterfront,edge_waterfront,2,35.02657293827469,18.82875736253164,0,0
2026-01-01 03:43:00,S0034,energy,residential,edge_residential,1,81.76457399265041,79.01078194884546,0,0
2026-01-01 03:43:00,S0035,traffic,industrial,edge_industrial,2,35.38104222581004,41.868649143488774,0,0
2026-01-01 03:43:00,S0036,air_quality,residential,edge_residential,1,20.764244201302294,62.167513252342864,0,0
2026-01-01 03:43:00,S0037,traffic,waterfront,edge_waterfront,2,31.372288323298278,49.27226538747147,0,0
2026-01-01 03:43:00,S0038,energy,industrial,edge_industrial,1,81.99724174963784,101.5682405086625,0,0
2026-01-01 03:43:00,S0039,traffic,residential,edge_residential,2,37.82421437989514,41.14046779096084,0,0
2026-01-01 03:44:00,S0000,energy,residential,edge_residential,1,81.36601100806544,66.48018321726228,0,0
2026-01-01 03:44:00,S0001,structure,industrial,edge_industrial,2,0.2560465603755587,41.276982299452605,0,0
2026-01-01 03:44:00,S0002,energy,waterfront,edge_waterfront,1,91.66739098827763,95.44023226163583,0,0
2026-01-01 03:44:00,S0003,traffic,waterfront,edge_waterfront,2,42.53249237328292,57.42100360374252,0,0
2026-01-01 03:44:00,S0004,traffic,downtown,edge_downtown,2,28.42684426279394,40.27516695242983,0,0
2026-01-01 03:44:00,S0005,structure,residential,edge_residential,2,0.2637364274121886,38.48807033923258,0,0
2026-01-01 03:44:00,S0006,traffic,waterfront,edge_waterfront,2,38.29406936238888,39.558602189231685,0,0
2026-01-01 03:44:00,S0007,energy,waterfront,edge_waterfront,1,100.915718623516,48.564729630644585,0,0
2026-01-01 03:44:00,S0008,energy,transit,edge_transit,1,78.8046083881408,97.79710671820052,0,0
2026-01-01 03:44:00,S0009,air_quality,transit,edge_transit,1,17.07124104564843,76.08609699811645,0,0
2026-01-01 03:44:00,S0010,traffic,downtown,edge_downtown,2,28.240043081132253,49.57093799349283,0,0
2026-01-01 03:44:00,S0011,traffic,transit,edge_transit,2,38.25981943503148,31.313856659545,0,0
2026-01-01 03:44:00,S0012,traffic,residential,edge_residential,2,28.20820363745849,52.51325083721548,0,0
2026-01-01 03:44:00,S0013,air_quality,downtown,edge_downtown,1,21.6753286800487,81.42235915904162,0,0
2026-01-01 03:44:00,S0014,air_quality,industrial,edge_industrial,1,23.282769975792252,74.19882032760897,0,0
2026-01-01 03:44:00,S0015,air_quality,residential,edge_residential,1,26.084027730596294,65.22821511420737,0,0
2026-01-01 03:44:00,S0016,structure,transit,edge_transit,2,0.2916891472208091,37.28976291684658,0,0
2026-01-01 03:44:00,S0017,energy,residential,edge_residential,1,72.65834592204902,44.53280125266033,0,0
2026-01-01 03:44:00,S0018,energy,transit,edge_transit,1,83.47263136497777,63.09458017998927,0,0
2026-01-01 03:44:00,S0019,structure,waterfront,edge_waterfront,2,0.22570996440975308,26.53130060318145,0,0
2026-01-01 03:44:00,S0020,traffic,transit,edge_transit,2,30.335042788847208,50.29475817696324,0,0
2026-01-01 03:44:00,S0021,traffic,industrial,edge_industrial,2,34.71038833580799,42.8003744637034,0,0
2026-01-01 03:44:00,S0022,energy,transit,edge_transit,1,84.16242432056677,81.81617756329568,0,0
2026-01-01 03:44:00,S0023,traffic,residential,edge_residential,2,34.23388999706324,33.30912903185264,0,0
2026-01-01 03:44:00,S0024,traffic,downtown,edge_downtown,2,30.933960437507224,19.01321007094186,0,0
2026-01-01 03:44:00,S0025,air_quality,downtown,edge_downtown,1,24.864401838749774,60.44453867833926,0,0
2026-01-01 03:44:00,S0026,air_quality,transit,edge_transit,1,19.18426470460926,60.79584327759743,0,0
2026-01-01 03:44:00,S0027,structure,industrial,edge_industrial,2,0.19543638020409287,46.31937880353159,0,0
2026-01-01 03:44:00,S0028,energy,residential,edge_residential,1,79.07467130410379,70.37646445702536,0,0
2026-01-01 03:44:00,S0029,air_quality,industrial,edge_industrial,1,21.78399174191706,85.85969943201036,0,0
2026-01-01 03:44:00,S0030,air_quality,industrial,edge_industrial,1,20.384881906638743,77.83128357570233,0,0
2026-01-01 03:44:00,S0031,traffic,downtown,edge_downtown,2,35.08640523800506,47.83537456909796,0,0
2026-01-01 03:44:00,S0032,traffic,industrial,edge_industrial,2,40.37524229386344,33.40803129061829,0,0
2026-01-01 03:44:00,S0033,traffic,waterfront,edge_waterfront,2,35.53859183683058,24.270293802630196,0,0
2026-01-01 03:44:00,S0034,energy,residential,edge_residential,1,80.35314567901885,54.31954438062708,0,0
2026-01-01 03:44:00,S0035,traffic,industrial,edge_industrial,2,38.692058455371125,45.69870977425723,0,0
2026-01-01 03:44:00,S0036,air_quality,residential,edge_residential,1,26.268350177071348,82.31846661497396,0,0
2026-01-01 03:44:00,S0037,traffic,waterfront,edge_waterfront,2,42.47261575494575,33.55320209748337,0,0
2026-01-01 03:44:00,S0038,energy,industrial,edge_industrial,1,80.5635826930406,80.70114609133148,0,0
2026-01-01 03:44:00,S0039,traffic,residential,edge_residential,2,29.291669260112528,20.891256000429298,0,0
2026-01-01 03:45:00,S0000,energy,residential,edge_residential,1,89.60060948784763,73.25244575030102,0,0
2026-01-01 03:45:00,S0001,structure,industrial,edge_industrial,2,0.34690571912859186,35.54558522643348,0,0
2026-01-01 03:45:00,S0002,energy,waterfront,edge_waterfront,1,86.42532907356464,82.82288066035744,0,0
2026-01-01 03:45:00,S0003,traffic,waterfront,edge_waterfront,2,47.109761323214336,45.93706062422882,0,0
2026-01-01 03:45:00,S0004,traffic,downtown,edge_downtown,2,36.75283098537577,36.30807749033147,0,0
2026-01-01 03:45:00,S0005,structure,residential,edge_residential,2,0.2713325122480057,45.72410036547587,0,0
2026-01-01 03:45:00,S0006,traffic,waterfront,edge_waterfront,2,33.84782662385377,49.48947121797766,0,0
2026-01-01 03:45:00,S0007,energy,waterfront,edge_waterfront,1,95.58347042733918,85.71435046788164,0,0
2026-01-01 03:45:00,S0008,energy,transit,edge_transit,1,83.60446558646824,103.52918126864475,0,0
2026-01-01 03:45:00,S0009,air_quality,transit,edge_transit,1,18.613592820369092,84.47339959903435,0,0
2026-01-01 03:45:00,S0010,traffic,downtown,edge_downtown,2,39.22503297550183,36.80537651569666,0,0
2026-01-01 03:45:00,S0011,traffic,transit,edge_transit,2,38.32581345723434,38.751322213326475,0,0
2026-01-01 03:45:00,S0012,traffic,residential,edge_residential,2,37.02949779043499,46.602690901020814,0,0
2026-01-01 03:45:00,S0013,air_quality,downtown,edge_downtown,1,24.249107205948697,56.48592442285192,0,0
2026-01-01 03:45:00,S0014,air_quality,industrial,edge_industrial,1,22.47588037519435,70.48653572178696,0,0
2026-01-01 03:45:00,S0015,air_quality,residential,edge_residential,1,21.942442152118613,50.18478640972887,0,0
2026-01-01 03:45:00,S0016,structure,transit,edge_transit,2,0.24842596976268963,42.430050674034916,0,0
2026-01-01 03:45:00,S0017,energy,residential,edge_residential,1,86.51491801623928,66.68011764687103,0,0
2026-01-01 03:45:00,S0018,energy,transit,edge_transit,1,79.36239047229368,76.36446588786423,0,0
2026-01-01 03:45:00,S0019,structure,waterfront,edge_waterfront,2,0.2299328369017987,26.21681178611496,0,0
2026-01-01 03:45:00,S0020,traffic,transit,edge_transit,2,35.22508591864027,36.250959821856526,0,0
2026-01-01 03:45:00,S0021,traffic,industrial,edge_industrial,2,33.98124977791626,31.504055684766897,0,0
2026-01-01 03:45:00,S0022,energy,transit,edge_transit,1,90.94238680964813,82.25836296311131,0,0
2026-01-01 03:45:00,S0023,traffic,residential,edge_residential,2,33.580082110447535,32.5066264243038,0,0
2026-01-01 03:45:00,S0024,traffic,downtown,edge_downtown,2,36.69251259671066,50.922164363139075,0,0
2026-01-01 03:45:00,S0025,air_quality,downtown,edge_downtown,1,42.57940256177661,59.065547370628025,1,0
2026-01-01 03:45:00,S0026,air_quality,transit,edge_transit,1,20.49740418222881,52.47181439796855,0,0
2026-01-01 03:45:00,S0027,structure,industrial,edge_industrial,2,0.1881837480556296,24.291584915758737,0,0
2026-01-01 03:45:00,S0028,energy,residential,edge_residential,1,79.55586490323945,66.85961676880515,0,0
2026-01-01 03:45:00,S0029,air_quality,industrial,edge_industrial,1,22.457694850778857,97.44000125364809,0,0
2026-01-01 03:45:00,S0030,air_quality,industrial,edge_industrial,1,28.663916405345976,61.69394444315981,0,0
2026-01-01 03:45:00,S0031,traffic,downtown,edge_downtown,2,44.5816264155216,57.68518122516138,0,0
2026-01-01 03:45:00,S0032,traffic,industrial,edge_industrial,2,27.841808139233812,39.638969505671206,0,0
2026-01-01 03:45:00,S0033,traffic,waterfront,edge_waterfront,2,34.29601656026093,27.516428997729975,0,0
2026-01-01 03:45:00,S0034,energy,residential,edge_residential,1,92.21196105852226,79.08289283413886,0,0
2026-01-01 03:45:00,S0035,traffic,industrial,edge_industrial,2,40.80411064678988,41.82828952920283,0,0
2026-01-01 03:45:00,S0036,air_quality,residential,edge_residential,1,23.671530011070814,53.34735404291207,0,0
2026-01-01 03:45:00,S0037,traffic,waterfront,edge_waterfront,2,35.18286631604879,38.00648080337347,0,0
2026-01-01 03:45:00,S0038,energy,industrial,edge_industrial,1,75.47817702462807,77.3143970730502,0,0
2026-01-01 03:45:00,S0039,traffic,residential,edge_residential,2,31.9700354728792,34.868413528837394,0,0
2026-01-01 03:46:00,S0000,energy,residential,edge_residential,1,84.5148496933912,85.69213020508343,0,0
2026-01-01 03:46:00,S0001,structure,industrial,edge_industrial,2,0.22438982080144998,30.69145685624865,0,0
2026-01-01 03:46:00,S0002,energy,waterfront,edge_waterfront,1,85.54371999805836,51.36763660093724,0,0
2026-01-01 03:46:00,S0003,traffic,waterfront,edge_waterfront,2,42.643700837241866,54.59013657623055,0,0
2026-01-01 03:46:00,S0004,traffic,downtown,edge_downtown,2,31.10121223154482,37.79277116550395,0,0
2026-01-01 03:46:00,S0005,structure,residential,edge_residential,2,0.2596836711341187,51.72385687619028,0,0
2026-01-01 03:46:00,S0006,traffic,waterfront,edge_waterfront,2,29.697873586021558,45.93578864811328,0,0
2026-01-01 03:46:00,S0007,energy,waterfront,edge_waterfront,1,87.18856849770361,75.19735808326948,0,0
2026-01-01 03:46:00,S0008,energy,transit,edge_transit,1,89.06385339552443,82.26732420904786,0,0
2026-01-01 03:46:00,S0009,air_quality,transit,edge_transit,1,31.500357663618114,53.63942145371517,1,0
2026-01-01 03:46:00,S0010,traffic,downtown,edge_downtown,2,89.0614478880726,51.974119497714625,1,0
2026-01-01 03:46:00,S0011,traffic,transit,edge_transit,2,32.59604908527221,34.972985583147135,0,0
2026-01-01 03:46:00,S0012,traffic,residential,edge_residential,2,36.687699267614285,41.92529986553081,0,0
2026-01-01 03:46:00,S0013,air_quality,downtown,edge_downtown,1,19.779031576552985,75.76623854151788,0,0
2026-01-01 03:46:00,S0014,air_quality,industrial,edge_industrial,1,25.03090519868789,53.87292365681714,0,0
2026-01-01 03:46:00,S0015,air_quality,residential,edge_residential,1,23.334236756054196,54.32718588717642,0,0
2026-01-01 03:46:00,S0016,structure,transit,edge_transit,2,0.22751944961122086,34.983814506240826,0,0
2026-01-01 03:46:00,S0017,energy,residential,edge_residential,1,83.9586481304181,72.18702660871602,0,0
2026-01-01 03:46:00,S0018,energy,transit,edge_transit,1,172.69118871368167,74.36913458841052,1,0
2026-01-01 03:46:00,S0019,structure,waterfront,edge_waterfront,2,0.2860063706700736,40.440039411357525,0,0
2026-01-01 03:46:00,S0020,traffic,transit,edge_transit,2,38.09393455655568,21.91997473840594,0,0
2026-01-01 03:46:00,S0021,traffic,industrial,edge_industrial,2,34.87319007788229,44.98392528603637,0,0
2026-01-01 03:46:00,S0022,energy,transit,edge_transit,1,85.0239057686285,57.44214903362324,0,0
2026-01-01 03:46:00,S0023,traffic,residential,edge_residential,2,38.705425974328264,50.71961670303354,0,0
2026-01-01 03:46:00,S0024,traffic,downtown,edge_downtown,2,,39.25525129305533,0,1
2026-01-01 03:46:00,S0025,air_quality,downtown,edge_downtown,1,22.060831547084867,47.173613238871084,0,0
2026-01-01 03:46:00,S0026,air_quality,transit,edge_transit,1,25.223453239267354,67.08664279077341,0,0
2026-01-01 03:46:00,S0027,structure,industrial,edge_industrial,2,0.29164270869457676,50.96728419029386,0,0
2026-01-01 03:46:00,S0028,energy,residential,edge_residential,1,86.77895172656042,75.92751520131176,0,0
2026-01-01 03:46:00,S0029,air_quality,industrial,edge_industrial,1,17.433930737762847,32.406106021752684,0,0
2026-01-01 03:46:00,S0030,air_quality,industrial,edge_industrial,1,22.625912977399967,36.04636802138239,0,0
2026-01-01 03:46:00,S0031,traffic,downtown,edge_downtown,2,45.48721124056519,49.31142082953213,0,0
2026-01-01 03:46:00,S0032,traffic,industrial,edge_industrial,2,41.28779020462615,45.79601029927945,0,0
2026-01-01 03:46:00,S0033,traffic,waterfront,edge_waterfront,2,22.62771815222157,38.8407817519843,0,0
2026-01-01 03:46:00,S0034,energy,residential,edge_residential,1,79.46159526562667,77.24809404348456,0,0
2026-01-01 03:46:00,S0035,traffic,industrial,edge_industrial,2,35.983309387213325,49.15626651481423,0,0
2026-01-01 03:46:00,S0036,air_quality,residential,edge_residential,1,17.281480864797018,47.53141980687117,0,0
2026-01-01 03:46:00,S0037,traffic,waterfront,edge_waterfront,2,38.203486722771444,31.299652912421827,0,0
2026-01-01 03:46:00,S0038,energy,industrial,edge_industrial,1,76.43506216789937,122.55939071381766,0,0
2026-01-01 03:46:00,S0039,traffic,residential,edge_residential,2,33.68041247503679,28.416127554258715,0,0
2026-01-01 03:47:00,S0000,energy,residential,edge_residential,1,82.51096215654015,92.79940300512742,0,0
2026-01-01 03:47:00,S0001,structure,industrial,edge_industrial,2,0.26347657588256196,43.15453881934228,0,0
2026-01-01 03:47:00,S0002,energy,waterfront,edge_waterfront,1,84.80104394258694,90.63843915927646,0,0
2026-01-01 03:47:00,S0003,traffic,waterfront,edge_waterfront,2,40.14108385660492,47.564499963726924,0,0
2026-01-01 03:47:00,S0004,traffic,downtown,edge_downtown,2,45.29189721142708,49.23136921741153,0,0
2026-01-01 03:47:00,S0005,structure,residential,edge_residential,2,0.2152543666245595,32.50055098779168,0,0
2026-01-01 03:47:00,S0006,traffic,waterfront,edge_waterfront,2,40.14549689743594,46.820163395565096,0,0
2026-01-01 03:47:00,S0007,energy,waterfront,edge_waterfront,1,86.70327032805764,75.18111879092388,0,0
2026-01-01 03:47:00,S0008,energy,transit,edge_transit,1,80.10738777235757,76.15730361201379,0,0
2026-01-01 03:47:00,S0009,air_quality,transit,edge_transit,1,23.753425710081544,48.78926628034239,0,0
2026-01-01 03:47:00,S0010,traffic,downtown,edge_downtown,2,43.690304305265556,49.59288766703393,0,0
2026-01-01 03:47:00,S0011,traffic,transit,edge_transit,2,59.03912615726369,49.221586846087575,1,0
2026-01-01 03:47:00,S0012,traffic,residential,edge_residential,2,44.859618273322226,40.76040516968838,0,0
2026-01-01 03:47:00,S0013,air_quality,downtown,edge_downtown,1,25.946382168636607,96.44661012312258,0,0
2026-01-01 03:47:00,S0014,air_quality,industrial,edge_industrial,1,22.699225155375366,37.92490331321638,0,0
2026-01-01 03:47:00,S0015,air_quality,residential,edge_residential,1,21.221787196348934,42.84999125802803,0,0
2026-01-01 03:47:00,S0016,structure,transit,edge_transit,2,0.1710332396746181,47.34426789962741,0,0
2026-01-01 03:47:00,S0017,energy,residential,edge_residential,1,77.85078818318095,81.64046407602635,0,0
2026-01-01 03:47:00,S0018,energy,transit,edge_transit,1,89.70120200859085,61.26316565715737,0,0
2026-01-01 03:47:00,S0019,structure,waterfront,edge_waterfront,2,0.289388646237801,55.80084000014345,0,0
2026-01-01 03:47:00,S0020,traffic,transit,edge_transit,2,37.62628534177417,43.45402769723056,0,0
2026-01-01 03:47:00,S0021,traffic,industrial,edge_industrial,2,66.86480349207623,27.81198070435256,1,0
2026-01-01 03:47:00,S0022,energy,transit,edge_transit,1,89.15751568053066,105.65558270229691,0,0
2026-01-01 03:47:00,S0023,traffic,residential,edge_residential,2,35.12922906387937,47.42033428043854,0,0
2026-01-01 03:47:00,S0024,traffic,downtown,edge_downtown,2,44.85863441313342,38.82592375608319,0,0
2026-01-01 03:47:00,S0025,air_quality,downtown,edge_downtown,1,23.887990329307474,60.86483322613768,0,0
2026-01-01 03:47:00,S0026,air_quality,transit,edge_transit,1,37.44083982885318,47.236899923940044,1,0
2026-01-01 03:47:00,S0027,structure,industrial,edge_industrial,2,0.5512973749636425,24.467957606690007,1,0
2026-01-01 03:47:00,S0028,energy,residential,edge_residential,1,86.75456569956788,81.84690848180365,0,0
2026-01-01 03:47:00,S0029,air_quality,industrial,edge_industrial,1,20.950809168155143,46.48375242892369,0,0
2026-01-01 03:47:00,S0030,air_quality,industrial,edge_industrial,1,25.776278113671786,35.45044300789398,0,0
2026-01-01 03:47:00,S0031,traffic,downtown,edge_downtown,2,34.23520135924995,66.27090042185355,0,0
2026-01-01 03:47:00,S0032,traffic,industrial,edge_industrial,2,37.684788825938206,52.579177324329095,0,0
2026-01-01 03:47:00,S0033,traffic,waterfront,edge_waterfront,2,33.70199810670744,26.089097295953778,0,0
2026-01-01 03:47:00,S0034,energy,residential,edge_residential,1,78.6333861641379,90.72560829279112,0,0
2026-01-01 03:47:00,S0035,traffic,industrial,edge_industrial,2,40.10645560073366,34.694594220333,0,0
2026-01-01 03:47:00,S0036,air_quality,residential,edge_residential,1,20.847982790104787,46.97412170360789,0,0
2026-01-01 03:47:00,S0037,traffic,waterfront,edge_waterfront,2,39.60161016187169,50.77441096836886,0,0
2026-01-01 03:47:00,S0038,energy,industrial,edge_industrial,1,73.81503669022749,45.56538372775452,0,0
2026-01-01 03:47:00,S0039,traffic,residential,edge_residential,2,42.188358032905604,29.34990037795452,0,0
2026-01-01 03:48:00,S0000,energy,residential,edge_residential,1,91.75387850668903,103.64433676080466,0,0
2026-01-01 03:48:00,S0001,structure,industrial,edge_industrial,2,0.1765367634989034,61.576439200612455,0,0
2026-01-01 03:48:00,S0002,energy,waterfront,edge_waterfront,1,88.8675354473646,73.82073322142493,0,0
2026-01-01 03:48:00,S0003,traffic,waterfront,edge_waterfront,2,37.01903530769472,53.03808417683825,0,0
2026-01-01 03:48:00,S0004,traffic,downtown,edge_downtown,2,34.550891064311664,52.66754794930232,0,0
2026-01-01 03:48:00,S0005,structure,residential,edge_residential,2,0.24610286644288065,38.45154900967596,0,0
2026-01-01 03:48:00,S0006,traffic,waterfront,edge_waterfront,2,41.380314374616205,53.159846968590294,0,0
2026-01-01 03:48:00,S0007,energy,waterfront,edge_waterfront,1,88.20052585720838,129.51091871773727,0,0
2026-01-01 03:48:00,S0008,energy,transit,edge_transit,1,87.14731020295615,73.4927148310546,0,0
2026-01-01 03:48:00,S0009,air_quality,transit,edge_transit,1,22.429379105987195,48.02155349522285,0,0
2026-01-01 03:48:00,S0010,traffic,downtown,edge_downtown,2,34.78542182967228,71.22296685143453,0,0
2026-01-01 03:48:00,S0011,traffic,transit,edge_transit,2,38.14399314706525,49.252143970524706,0,0
2026-01-01 03:48:00,S0012,traffic,residential,edge_residential,2,38.54592934280362,44.230655792966026,0,0
2026-01-01 03:48:00,S0013,air_quality,downtown,edge_downtown,1,17.907843113425432,57.895435051759506,0,0
2026-01-01 03:48:00,S0014,air_quality,industrial,edge_industrial,1,22.526741205076156,62.05816354082643,0,0
2026-01-01 03:48:00,S0015,air_quality,residential,edge_residential,1,21.480091845659953,41.59745961428041,0,0
2026-01-01 03:48:00,S0016,structure,transit,edge_transit,2,0.3053118474263594,47.15839258292026,0,0
2026-01-01 03:48:00,S0017,energy,residential,edge_residential,1,73.51096904554811,80.77032184473262,0,0
2026-01-01 03:48:00,S0018,energy,transit,edge_transit,1,77.07526669665583,95.33037399511694,0,0
2026-01-01 03:48:00,S0019,structure,waterfront,edge_waterfront,2,0.31507965165490476,26.568110786344867,0,0
2026-01-01 03:48:00,S0020,traffic,transit,edge_transit,2,29.952739851629303,36.917695489564714,0,0
2026-01-01 03:48:00,S0021,traffic,industrial,edge_industrial,2,45.74779524117983,53.37428746688407,0,0
2026-01-01 03:48:00,S0022,energy,transit,edge_transit,1,78.34095661289038,53.74076595525765,0,0
2026-01-01 03:48:00,S0023,traffic,residential,edge_residential,2,32.841052011226814,38.151168336791,0,0
2026-01-01 03:48:00,S0024,traffic,downtown,edge_downtown,2,24.042515235222307,39.483638536566495,0,0
2026-01-01 03:48:00,S0025,air_quality,downtown,edge_downtown,1,22.8580062756722,39.17418890216723,0,0
2026-01-01 03:48:00,S0026,air_quality,transit,edge_transit,1,26.62959424233962,63.426577126129814,0,0
2026-01-01 03:48:00,S0027,structure,industrial,edge_industrial,2,0.21022154248270722,37.423886505505145,0,0
2026-01-01 03:48:00,S0028,energy,residential,edge_residential,1,,101.09439542652845,0,1
2026-01-01 03:48:00,S0029,air_quality,industrial,edge_industrial,1,27.437336406921176,74.55918599711276,0,0
2026-01-01 03:48:00,S0030,air_quality,industrial,edge_industrial,1,32.76728747543559,67.30998716654932,1,0
2026-01-01 03:48:00,S0031,traffic,downtown,edge_downtown,2,36.103966995204125,37.87684880082582,0,0
2026-01-01 03:48:00,S0032,traffic,industrial,edge_industrial,2,41.472075201551604,50.35302128409513,0,0
2026-01-01 03:48:00,S0033,traffic,waterfront,edge_waterfront,2,,45.72647163648254,0,1
2026-01-01 03:48:00,S0034,energy,residential,edge_residential,1,76.29477684870815,72.49355123241905,0,0
2026-01-01 03:48:00,S0035,traffic,industrial,edge_industrial,2,30.333645458911533,49.25074630303102,0,0
2026-01-01 03:48:00,S0036,air_quality,residential,edge_residential,1,18.449063892418916,92.38570955779676,0,0
2026-01-01 03:48:00,S0037,traffic,waterfront,edge_waterfront,2,34.790795990435164,43.3729293703022,0,0
2026-01-01 03:48:00,S0038,energy,industrial,edge_industrial,1,81.19884020446223,100.50956330269084,0,0
2026-01-01 03:48:00,S0039,traffic,residential,edge_residential,2,45.402968100523886,55.005242895963505,0,0
2026-01-01 03:49:00,S0000,energy,residential,edge_residential,1,,104.24956411826332,0,1
2026-01-01 03:49:00,S0001,structure,industrial,edge_industrial,2,0.20315239197744497,35.126611197072755,0,0
2026-01-01 03:49:00,S0002,energy,waterfront,edge_waterfront,1,85.64561699369352,74.27799672666391,0,0
2026-01-01 03:49:00,S0003,traffic,waterfront,edge_waterfront,2,33.80289878360747,42.20423943919347,0,0
2026-01-01 03:49:00,S0004,traffic,downtown,edge_downtown,2,34.90972485407891,52.098637329124344,0,0
2026-01-01 03:49:00,S0005,structure,residential,edge_residential,2,0.23536159139996854,36.104525015602746,0,0
2026-01-01 03:49:00,S0006,traffic,waterfront,edge_waterfront,2,39.06097670691368,18.20130166895667,0,0
2026-01-01 03:49:00,S0007,energy,waterfront,edge_waterfront,1,80.0661265929225,44.299138022622564,0,0
2026-01-01 03:49:00,S0008,energy,transit,edge_transit,1,77.77798910114727,83.6851640921597,0,0
2026-01-01 03:49:00,S0009,air_quality,transit,edge_transit,1,23.00859667882219,82.69685077787479,0,0
2026-01-01 03:49:00,S0010,traffic,downtown,edge_downtown,2,33.30754829675409,30.56841006702701,0,0
2026-01-01 03:49:00,S0011,traffic,transit,edge_transit,2,41.97040969720277,38.89175896221306,0,0
2026-01-01 03:49:00,S0012,traffic,residential,edge_residential,2,33.50072669575188,42.904842674551915,0,0
2026-01-01 03:49:00,S0013,air_quality,downtown,edge_downtown,1,55.39808709175253,58.27558237029714,1,0
2026-01-01 03:49:00,S0014,air_quality,industrial,edge_industrial,1,23.125016911863867,51.90764388657744,0,0
2026-01-01 03:49:00,S0015,air_quality,residential,edge_residential,1,25.91561471219704,82.96538682559236,0,0
2026-01-01 03:49:00,S0016,structure,transit,edge_transit,2,0.1803843799460764,29.091197707153718,0,0
2026-01-01 03:49:00,S0017,energy,residential,edge_residential,1,77.42603276614604,84.91746839128658,0,0
2026-01-01 03:49:00,S0018,energy,transit,edge_transit,1,86.41985193581527,53.66587289454917,0,0
2026-01-01 03:49:00,S0019,structure,waterfront,edge_waterfront,2,0.22855250017711007,53.70424106185485,0,0
2026-01-01 03:49:00,S0020,traffic,transit,edge_transit,2,26.619913747402876,58.12196822803861,0,0
2026-01-01 03:49:00,S0021,traffic,industrial,edge_industrial,2,35.59387534501842,37.88573336803833,0,0
2026-01-01 03:49:00,S0022,energy,transit,edge_transit,1,82.14015155926387,66.25986014910335,0,0
2026-01-01 03:49:00,S0023,traffic,residential,edge_residential,2,32.95584812224639,28.407357782550314,0,0
2026-01-01 03:49:00,S0024,traffic,downtown,edge_downtown,2,39.11426132982142,51.28397888984254,0,0
2026-01-01 03:49:00,S0025,air_quality,downtown,edge_downtown,1,24.371403823347006,79.21298047091472,0,0
2026-01-01 03:49:00,S0026,air_quality,transit,edge_transit,1,24.25857614016568,65.02077958781874,0,0
2026-01-01 03:49:00,S0027,structure,industrial,edge_industrial,2,0.22868345409206786,39.55078462742706,0,0
2026-01-01 03:49:00,S0028,energy,residential,edge_residential,1,71.65449979653947,87.71735828647311,0,0
2026-01-01 03:49:00,S0029,air_quality,industrial,edge_industrial,1,26.831397488075133,77.84620894199901,0,0
2026-01-01 03:49:00,S0030,air_quality,industrial,edge_industrial,1,23.780853399185396,58.822580803931444,0,0
2026-01-01 03:49:00,S0031,traffic,downtown,edge_downtown,2,46.13392167921339,31.96221431052335,0,0
2026-01-01 03:49:00,S0032,traffic,industrial,edge_industrial,2,44.578502901450584,40.04263704926626,0,0
2026-01-01 03:49:00,S0033,traffic,waterfront,edge_waterfront,2,37.62420446509194,38.36077266875941,0,0
2026-01-01 03:49:00,S0034,energy,residential,edge_residential,1,75.916223931175,50.02122599033461,0,0
2026-01-01 03:49:00,S0035,traffic,industrial,edge_industrial,2,42.320997421992224,49.25800617157422,0,0
2026-01-01 03:49:00,S0036,air_quality,residential,edge_residential,1,22.516139306827707,57.598557910572005,0,0
2026-01-01 03:49:00,S0037,traffic,waterfront,edge_waterfront,2,41.470222420406955,26.74671078882099,0,0
2026-01-01 03:49:00,S0038,energy,industrial,edge_industrial,1,76.95521850886823,120.80706349812118,0,0
2026-01-01 03:49:00,S0039,traffic,residential,edge_residential,2,38.18897306516617,36.778246917503516,0,0
2026-01-01 03:50:00,S0000,energy,residential,edge_residential,1,80.31428985798796,103.70807696453957,0,0
2026-01-01 03:50:00,S0001,structure,industrial,edge_industrial,2,0.3065090690044458,41.19902472523054,0,0
2026-01-01 03:50:00,S0002,energy,waterfront,edge_waterfront,1,87.12303030478746,50.341791037224866,0,0
2026-01-01 03:50:00,S0003,traffic,waterfront,edge_waterfront,2,36.05105919616262,32.857515143852474,0,0
2026-01-01 03:50:00,S0004,traffic,downtown,edge_downtown,2,37.34892514909839,49.92654333011363,0,0
2026-01-01 03:50:00,S0005,structure,residential,edge_residential,2,0.2108782007993777,39.65435947862984,0,0
2026-01-01 03:50:00,S0006,traffic,waterfront,edge_waterfront,2,38.42071735262008,46.40644039924414,0,0
2026-01-01 03:50:00,S0007,energy,waterfront,edge_waterfront,1,93.97529075373419,82.58676831734759,0,0
2026-01-01 03:50:00,S0008,energy,transit,edge_transit,1,80.92904886323608,105.09282967281263,0,0
2026-01-01 03:50:00,S0009,air_quality,transit,edge_transit,1,25.54359571158794,79.46653713876927,0,0
2026-01-01 03:50:00,S0010,traffic,downtown,edge_downtown,2,34.31402152572818,40.88718275404764,0,0
2026-01-01 03:50:00,S0011,traffic,transit,edge_transit,2,37.96286245722869,35.396795650743044,0,0
2026-01-01 03:50:00,S0012,traffic,residential,edge_residential,2,36.39076552684132,38.57837007069279,0,0
2026-01-01 03:50:00,S0013,air_quality,downtown,edge_downtown,1,21.38032029045497,59.68670520352574,0,0
2026-01-01 03:50:00,S0014,air_quality,industrial,edge_industrial,1,17.374477784977067,55.89716542003651,0,0
2026-01-01 03:50:00,S0015,air_quality,residential,edge_residential,1,23.7137917937952,78.64298950687237,0,0
2026-01-01 03:50:00,S0016,structure,transit,edge_transit,2,0.20374391374630682,49.54132022093306,0,0
2026-01-01 03:50:00,S0017,energy,residential,edge_residential,1,74.9215278296659,118.08193342713527,0,0
2026-01-01 03:50:00,S0018,energy,transit,edge_transit,1,81.24196208375454,85.61717991539999,0,0
2026-01-01 03:50:00,S0019,structure,waterfront,edge_waterfront,2,0.19834068933898935,47.52727273157543,0,0
2026-01-01 03:50:00,S0020,traffic,transit,edge_transit,2,27.455792062706696,39.433007912313684,0,0
2026-01-01 03:50:00,S0021,traffic,industrial,edge_industrial,2,35.9904307595541,29.762935431338676,0,0
2026-01-01 03:50:00,S0022,energy,transit,edge_transit,1,,68.79243578763851,0,1
2026-01-01 03:50:00,S0023,traffic,residential,edge_residential,2,36.065323417586725,46.09428820647118,0,0
2026-01-01 03:50:00,S0024,traffic,downtown,edge_downtown,2,33.01246145535213,45.875681145427265,0,0
2026-01-01 03:50:00,S0025,air_quality,downtown,edge_downtown,1,22.21361480522784,69.07124269878497,0,0
2026-01-01 03:50:00,S0026,air_quality,transit,edge_transit,1,22.488738314540182,60.69703447552231,0,0
2026-01-01 03:50:00,S0027,structure,industrial,edge_industrial,2,0.2523020103187985,26.404719726697106,0,0
2026-01-01 03:50:00,S0028,energy,residential,edge_residential,1,85.89636925136125,62.496230677749104,0,0
2026-01-01 03:50:00,S0029,air_quality,industrial,edge_industrial,1,16.98203167409561,55.01269556494476,0,0
2026-01-01 03:50:00,S0030,air_quality,industrial,edge_industrial,1,21.285286348763133,77.33088343137561,0,0
2026-01-01 03:50:00,S0031,traffic,downtown,edge_downtown,2,31.031344201077335,27.099294010825027,0,0
2026-01-01 03:50:00,S0032,traffic,industrial,edge_industrial,2,42.6295728964693,37.43161015456178,0,0
2026-01-01 03:50:00,S0033,traffic,waterfront,edge_waterfront,2,34.23588533388993,11.557565997682445,0,0
2026-01-01 03:50:00,S0034,energy,residential,edge_residential,1,87.0883611369092,76.16844214517874,0,0
2026-01-01 03:50:00,S0035,traffic,industrial,edge_industrial,2,45.43871025146879,40.763613228076345,0,0
2026-01-01 03:50:00,S0036,air_quality,residential,edge_residential,1,24.824847448097515,49.37471729673406,0,0
2026-01-01 03:50:00,S0037,traffic,waterfront,edge_waterfront,2,33.2237570477603,31.771266924950616,0,0
2026-01-01 03:50:00,S0038,energy,industrial,edge_industrial,1,72.8224943909762,107.20848109774931,0,0
2026-01-01 03:50:00,S0039,traffic,residential,edge_residential,2,42.41403878529191,37.13511133034316,0,0
2026-01-01 03:51:00,S0000,energy,residential,edge_residential,1,71.78538725757491,107.23842863560145,0,0
2026-01-01 03:51:00,S0001,structure,industrial,edge_industrial,2,0.215748346278274,41.585233336896835,0,0
2026-01-01 03:51:00,S0002,energy,waterfront,edge_waterfront,1,75.67233207636185,68.52950518507495,0,0
2026-01-01 03:51:00,S0003,traffic,waterfront,edge_waterfront,2,39.967431480977204,48.69631874230515,0,0
2026-01-01 03:51:00,S0004,traffic,downtown,edge_downtown,2,35.98136280162975,7.97888598976877,0,0
2026-01-01 03:51:00,S0005,structure,residential,edge_residential,2,0.25204758335052607,22.49826886104262,0,0
2026-01-01 03:51:00,S0006,traffic,waterfront,edge_waterfront,2,38.32789932792125,41.84895158086919,0,0
2026-01-01 03:51:00,S0007,energy,waterfront,edge_waterfront,1,80.29999137523346,105.71029895291124,0,0
2026-01-01 03:51:00,S0008,energy,transit,edge_transit,1,81.78369530722075,111.66260382966989,0,0
2026-01-01 03:51:00,S0009,air_quality,transit,edge_transit,1,20.110558575576363,28.972688705235484,0,0
2026-01-01 03:51:00,S0010,traffic,downtown,edge_downtown,2,38.44570540581912,40.46545735294164,0,0
2026-01-01 03:51:00,S0011,traffic,transit,edge_transit,2,46.153191763012686,60.479347941442136,0,0
2026-01-01 03:51:00,S0012,traffic,residential,edge_residential,2,30.451564892341555,31.12298884094084,0,0
2026-01-01 03:51:00,S0013,air_quality,downtown,edge_downtown,1,20.136462202787715,40.917022115171655,0,0
2026-01-01 03:51:00,S0014,air_quality,industrial,edge_industrial,1,21.05089843484776,64.85732199986995,0,0
2026-01-01 03:51:00,S0015,air_quality,residential,edge_residential,1,23.718615623050166,49.023750895466264,0,0
2026-01-01 03:51:00,S0016,structure,transit,edge_transit,2,0.28409340917826953,34.592995211656216,0,0
2026-01-01 03:51:00,S0017,energy,residential,edge_residential,1,80.53475927588357,79.14910694224494,0,0
2026-01-01 03:51:00,S0018,energy,transit,edge_transit,1,104.14100830616667,37.67899155773832,0,0
2026-01-01 03:51:00,S0019,structure,waterfront,edge_waterfront,2,0.2962984250832159,47.96103249720228,0,0
2026-01-01 03:51:00,S0020,traffic,transit,edge_transit,2,43.178434248044724,49.204797273194934,0,0
2026-01-01 03:51:00,S0021,traffic,industrial,edge_industrial,2,29.74430104322505,48.514939540837574,0,0
2026-01-01 03:51:00,S0022,energy,transit,edge_transit,1,78.31832649727282,78.1755520908102,0,0
2026-01-01 03:51:00,S0023,traffic,residential,edge_residential,2,30.75183950478323,35.680913953599855,0,0
2026-01-01 03:51:00,S0024,traffic,downtown,edge_downtown,2,44.87353087466549,65.87214333859606,0,0
2026-01-01 03:51:00,S0025,air_quality,downtown,edge_downtown,1,22.90607120488321,58.76604538368974,0,0
2026-01-01 03:51:00,S0026,air_quality,transit,edge_transit,1,21.403057949103466,84.49504004077254,0,0
2026-01-01 03:51:00,S0027,structure,industrial,edge_industrial,2,0.24674834244643376,18.367237006623782,0,0
2026-01-01 03:51:00,S0028,energy,residential,edge_residential,1,80.77245508556366,76.70417621945582,0,0
2026-01-01 03:51:00,S0029,air_quality,industrial,edge_industrial,1,26.58401288392231,40.95445483092444,0,0
2026-01-01 03:51:00,S0030,air_quality,industrial,edge_industrial,1,24.364471597763174,71.88323594421429,0,0
2026-01-01 03:51:00,S0031,traffic,downtown,edge_downtown,2,37.13593038265491,49.89787262001063,0,0
2026-01-01 03:51:00,S0032,traffic,industrial,edge_industrial,2,32.1560140059534,38.92001269277394,0,0
2026-01-01 03:51:00,S0033,traffic,waterfront,edge_waterfront,2,35.04316630204832,48.22636899388523,0,0
2026-01-01 03:51:00,S0034,energy,residential,edge_residential,1,91.17919090276301,87.06526754486605,0,0
2026-01-01 03:51:00,S0035,traffic,industrial,edge_industrial,2,33.80001084367825,40.88091596116343,0,0
2026-01-01 03:51:00,S0036,air_quality,residential,edge_residential,1,25.65847482332835,53.695591366977986,0,0
2026-01-01 03:51:00,S0037,traffic,waterfront,edge_waterfront,2,38.82402097138989,36.22030089305823,0,0
2026-01-01 03:51:00,S0038,energy,industrial,edge_industrial,1,89.54126827377007,67.72836753087661,0,0
2026-01-01 03:51:00,S0039,traffic,residential,edge_residential,2,58.82300903671902,44.05061423827479,1,0
2026-01-01 03:52:00,S0000,energy,residential,edge_residential,1,92.13535652010057,93.22775579600707,0,0
2026-01-01 03:52:00,S0001,structure,industrial,edge_industrial,2,0.2747820409715703,13.618583795393743,0,0
2026-01-01 03:52:00,S0002,energy,waterfront,edge_waterfront,1,85.78091943318171,65.46323571408726,0,0
2026-01-01 03:52:00,S0003,traffic,waterfront,edge_waterfront,2,33.029554044755805,49.1050884349665,0,0
2026-01-01 03:52:00,S0004,traffic,downtown,edge_downtown,2,68.99110275526044,32.08947446289507,1,0
2026-01-01 03:52:00,S0005,structure,residential,edge_residential,2,0.23764808765293097,36.09102813517816,0,0
2026-01-01 03:52:00,S0006,traffic,waterfront,edge_waterfront,2,36.331372393176146,41.10516990139298,0,0
2026-01-01 03:52:00,S0007,energy,waterfront,edge_waterfront,1,82.05921842201569,100.6940557603408,0,0
2026-01-01 03:52:00,S0008,energy,transit,edge_transit,1,186.314557484446,71.16433885068223,1,0
2026-01-01 03:52:00,S0009,air_quality,transit,edge_transit,1,25.540243559605678,29.38537174973716,0,0
2026-01-01 03:52:00,S0010,traffic,downtown,edge_downtown,2,37.926130292011855,44.66684165131787,0,0
2026-01-01 03:52:00,S0011,traffic,transit,edge_transit,2,36.989462916393116,61.27495118651515,0,0
2026-01-01 03:52:00,S0012,traffic,residential,edge_residential,2,37.127158084401934,14.803573160253734,0,0
2026-01-01 03:52:00,S0013,air_quality,downtown,edge_downtown,1,21.50141564978086,59.06362747396275,0,0
2026-01-01 03:52:00,S0014,air_quality,industrial,edge_industrial,1,21.03175945801249,68.80648247648523,0,0
2026-01-01 03:52:00,S0015,air_quality,residential,edge_residential,1,20.627068614716023,57.4591835851937,0,0
2026-01-01 03:52:00,S0016,structure,transit,edge_transit,2,0.20346501380953685,31.080951439221604,0,0
2026-01-01 03:52:00,S0017,energy,residential,edge_residential,1,80.63598260426721,107.44130796450145,0,0
2026-01-01 03:52:00,S0018,energy,transit,edge_transit,1,86.36988287554303,94.75261539541039,0,0
2026-01-01 03:52:00,S0019,structure,waterfront,edge_waterfront,2,0.19042860377166526,50.95160457348844,0,0
2026-01-01 03:52:00,S0020,traffic,transit,edge_transit,2,36.08641881371214,45.50558842699779,0,0
2026-01-01 03:52:00,S0021,traffic,industrial,edge_industrial,2,30.351540805890327,48.75284540591409,0,0
2026-01-01 03:52:00,S0022,energy,transit,edge_transit,1,85.65018596156158,51.85603857976956,0,0
2026-01-01 03:52:00,S0023,traffic,residential,edge_residential,2,24.85367093833556,49.54381435483869,0,0
2026-01-01 03:52:00,S0024,traffic,downtown,edge_downtown,2,31.71204529131456,20.12996348433721,0,0
2026-01-01 03:52:00,S0025,air_quality,downtown,edge_downtown,1,20.816213608423922,45.80318383474871,0,0
2026-01-01 03:52:00,S0026,air_quality,transit,edge_transit,1,22.916368091021738,62.19583517049494,0,0
2026-01-01 03:52:00,S0027,structure,industrial,edge_industrial,2,0.2413721207101588,32.40677143594801,0,0
2026-01-01 03:52:00,S0028,energy,residential,edge_residential,1,71.29238694985352,53.45428231124559,0,0
2026-01-01 03:52:00,S0029,air_quality,industrial,edge_industrial,1,38.85822422095538,81.9920884296923,1,0
2026-01-01 03:52:00,S0030,air_quality,industrial,edge_industrial,1,23.583215272108234,77.61807217148467,0,0
2026-01-01 03:52:00,S0031,traffic,downtown,edge_downtown,2,40.45413484309741,55.92210009538931,0,0
2026-01-01 03:52:00,S0032,traffic,industrial,edge_industrial,2,31.570349894120024,40.86893304145957,0,0
2026-01-01 03:52:00,S0033,traffic,waterfront,edge_waterfront,2,34.19477611226089,54.16679288326105,0,0
2026-01-01 03:52:00,S0034,energy,residential,edge_residential,1,78.20848124000614,55.63384881278724,0,0
2026-01-01 03:52:00,S0035,traffic,industrial,edge_industrial,2,36.47956490314881,34.55790210427285,0,0
2026-01-01 03:52:00,S0036,air_quality,residential,edge_residential,1,22.03296707673121,68.99233255703652,0,0
2026-01-01 03:52:00,S0037,traffic,waterfront,edge_waterfront,2,34.35730612605171,37.999579991631975,0,0
2026-01-01 03:52:00,S0038,energy,industrial,edge_industrial,1,81.50636161569194,102.44711607169361,0,0
2026-01-01 03:52:00,S0039,traffic,residential,edge_residential,2,45.51357822744847,39.243000995757164,0,0
2026-01-01 03:53:00,S0000,energy,residential,edge_residential,1,88.54127758415552,49.38186791336028,0,0
2026-01-01 03:53:00,S0001,structure,industrial,edge_industrial,2,0.2511809653497924,39.17669228112466,0,0
2026-01-01 03:53:00,S0002,energy,waterfront,edge_waterfront,1,95.87849244133989,79.27072313892842,0,0
2026-01-01 03:53:00,S0003,traffic,waterfront,edge_waterfront,2,41.67411487149842,63.72221771373706,0,0
2026-01-01 03:53:00,S0004,traffic,downtown,edge_downtown,2,44.82550012332026,39.308257210343,0,0
2026-01-01 03:53:00,S0005,structure,residential,edge_residential,2,0.23191747830324544,35.35814120921306,0,0
2026-01-01 03:53:00,S0006,traffic,waterfront,edge_waterfront,2,37.84746594713041,28.99030293490982,0,0
2026-01-01 03:53:00,S0007,energy,waterfront,edge_waterfront,1,95.36754640891456,106.2761304463506,0,0
2026-01-01 03:53:00,S0008,energy,transit,edge_transit,1,78.64452598302326,61.71010403009285,0,0
2026-01-01 03:53:00,S0009,air_quality,transit,edge_transit,1,23.686764443441714,44.24657773475904,0,0
2026-01-01 03:53:00,S0010,traffic,downtown,edge_downtown,2,38.80082759897775,48.902689495076565,0,0
2026-01-01 03:53:00,S0011,traffic,transit,edge_transit,2,40.43869911998014,46.01840912709618,0,0
2026-01-01 03:53:00,S0012,traffic,residential,edge_residential,2,35.93647984163482,40.83359995922606,0,0
2026-01-01 03:53:00,S0013,air_quality,downtown,edge_downtown,1,22.074373984314,91.02593390003062,0,0
2026-01-01 03:53:00,S0014,air_quality,industrial,edge_industrial,1,26.80193501738495,85.90927839468415,0,0
2026-01-01 03:53:00,S0015,air_quality,residential,edge_residential,1,26.92006990913102,90.13112204286706,0,0
2026-01-01 03:53:00,S0016,structure,transit,edge_transit,2,0.2731278842315579,34.798975524265856,0,0
2026-01-01 03:53:00,S0017,energy,residential,edge_residential,1,97.02855876573227,65.04347842292053,0,0
2026-01-01 03:53:00,S0018,energy,transit,edge_transit,1,83.08055181628505,81.6084219862179,0,0
2026-01-01 03:53:00,S0019,structure,waterfront,edge_waterfront,2,0.2359349740219267,34.35913439323927,0,0
2026-01-01 03:53:00,S0020,traffic,transit,edge_transit,2,37.42482180369183,43.87572882261959,0,0
2026-01-01 03:53:00,S0021,traffic,industrial,edge_industrial,2,33.17575901182151,42.869427364782844,0,0
2026-01-01 03:53:00,S0022,energy,transit,edge_transit,1,81.0616183328629,65.10070172159267,0,0
2026-01-01 03:53:00,S0023,traffic,residential,edge_residential,2,42.89180943810967,33.61672036851061,0,0
2026-01-01 03:53:00,S0024,traffic,downtown,edge_downtown,2,87.83637994232774,51.30453514802866,1,0
2026-01-01 03:53:00,S0025,air_quality,downtown,edge_downtown,1,21.695954389358498,71.11726207511126,0,0
2026-01-01 03:53:00,S0026,air_quality,transit,edge_transit,1,24.641506899056505,55.881621189224504,0,0
2026-01-01 03:53:00,S0027,structure,industrial,edge_industrial,2,0.2306696609198006,52.74791785982413,0,0
2026-01-01 03:53:00,S0028,energy,residential,edge_residential,1,79.31966696417851,69.24949545278454,0,0
2026-01-01 03:53:00,S0029,air_quality,industrial,edge_industrial,1,19.347831298704577,86.04517004975229,0,0
2026-01-01 03:53:00,S0030,air_quality,industrial,edge_industrial,1,28.512068511052945,82.78849837481809,0,0
2026-01-01 03:53:00,S0031,traffic,downtown,edge_downtown,2,59.72514375405331,33.62827025631631,1,0
2026-01-01 03:53:00,S0032,traffic,industrial,edge_industrial,2,38.39496607776258,29.291358604885176,0,0
2026-01-01 03:53:00,S0033,traffic,waterfront,edge_waterfront,2,46.42514580436719,49.86388849185231,1,0
2026-01-01 03:53:00,S0034,energy,residential,edge_residential,1,74.9578642554079,80.12288466685553,0,0
2026-01-01 03:53:00,S0035,traffic,industrial,edge_industrial,2,48.58742871567666,37.109840395123214,0,0
2026-01-01 03:53:00,S0036,air_quality,residential,edge_residential,1,22.356359061098313,57.880967914553906,0,0
2026-01-01 03:53:00,S0037,traffic,waterfront,edge_waterfront,2,39.84405200794829,38.97533560300736,0,0
2026-01-01 03:53:00,S0038,energy,industrial,edge_industrial,1,88.58927116113877,83.50795556440588,0,0
2026-01-01 03:53:00,S0039,traffic,residential,edge_residential,2,29.614370878048256,36.98985791416495,0,0
2026-01-01 03:54:00,S0000,energy,residential,edge_residential,1,88.2906907324403,77.38071540972763,0,0
2026-01-01 03:54:00,S0001,structure,industrial,edge_industrial,2,0.21196883385496668,31.28807232791945,0,0
2026-01-01 03:54:00,S0002,energy,waterfront,edge_waterfront,1,79.67846443387577,50.931619076428035,0,0
2026-01-01 03:54:00,S0003,traffic,waterfront,edge_waterfront,2,32.14235556565328,20.526689975319066,0,0
2026-01-01 03:54:00,S0004,traffic,downtown,edge_downtown,2,38.27443941133322,44.77446718960617,0,0
2026-01-01 03:54:00,S0005,structure,residential,edge_residential,2,0.28137624140700324,30.316906646996127,0,0
2026-01-01 03:54:00,S0006,traffic,waterfront,edge_waterfront,2,36.63252377297488,47.59152061101219,0,0
2026-01-01 03:54:00,S0007,energy,waterfront,edge_waterfront,1,70.37745393624304,56.156212437598455,0,0
2026-01-01 03:54:00,S0008,energy,transit,edge_transit,1,90.68938965395915,64.53368204749276,0,0
2026-01-01 03:54:00,S0009,air_quality,transit,edge_transit,1,20.992530875069587,39.913183691801905,0,0
2026-01-01 03:54:00,S0010,traffic,downtown,edge_downtown,2,40.13242436182614,31.688701550954946,0,0
2026-01-01 03:54:00,S0011,traffic,transit,edge_transit,2,35.41248545798054,40.45000954546892,0,0
2026-01-01 03:54:00,S0012,traffic,residential,edge_residential,2,39.17282828415206,39.45696468584425,0,0
2026-01-01 03:54:00,S0013,air_quality,downtown,edge_downtown,1,20.21825118897828,49.979482423158345,0,0
2026-01-01 03:54:00,S0014,air_quality,industrial,edge_industrial,1,24.26541286179157,62.486093285107295,0,0
2026-01-01 03:54:00,S0015,air_quality,residential,edge_residential,1,22.23060218838159,53.08059728689621,0,0
2026-01-01 03:54:00,S0016,structure,transit,edge_transit,2,0.25154114417945916,26.146402630860198,0,0
2026-01-01 03:54:00,S0017,energy,residential,edge_residential,1,70.74663195217508,66.11786214120252,0,0
2026-01-01 03:54:00,S0018,energy,transit,edge_transit,1,82.18140471901457,103.53958725184695,0,0
2026-01-01 03:54:00,S0019,structure,waterfront,edge_waterfront,2,0.24383819921794286,49.131147940261926,0,0
2026-01-01 03:54:00,S0020,traffic,transit,edge_transit,2,44.529912688851674,28.96423926229187,0,0
2026-01-01 03:54:00,S0021,traffic,industrial,edge_industrial,2,31.00604414918259,26.237367013380528,0,0
2026-01-01 03:54:00,S0022,energy,transit,edge_transit,1,81.16602487636663,92.73314372616329,0,0
2026-01-01 03:54:00,S0023,traffic,residential,edge_residential,2,37.72970350653013,42.66875200793203,0,0
2026-01-01 03:54:00,S0024,traffic,downtown,edge_downtown,2,44.79778825027764,52.86162477665904,0,0
2026-01-01 03:54:00,S0025,air_quality,downtown,edge_downtown,1,23.297467187983568,49.77655884487807,0,0
2026-01-01 03:54:00,S0026,air_quality,transit,edge_transit,1,23.82993500359775,100.03704420564,0,0
2026-01-01 03:54:00,S0027,structure,industrial,edge_industrial,2,0.28517175267480616,51.05346657404812,0,0
2026-01-01 03:54:00,S0028,energy,residential,edge_residential,1,77.8399408752968,113.0258239935907,0,0
2026-01-01 03:54:00,S0029,air_quality,industrial,edge_industrial,1,24.13842355282853,33.78218553203135,0,0
2026-01-01 03:54:00,S0030,air_quality,industrial,edge_industrial,1,17.073012591943662,77.9916754778462,0,0
2026-01-01 03:54:00,S0031,traffic,downtown,edge_downtown,2,41.78818858434569,41.744285892434796,0,0
2026-01-01 03:54:00,S0032,traffic,industrial,edge_industrial,2,38.30771531131919,47.58744876280789,0,0
2026-01-01 03:54:00,S0033,traffic,waterfront,edge_waterfront,2,28.035781046017746,50.12760761936535,0,0
2026-01-01 03:54:00,S0034,energy,residential,edge_residential,1,78.26827610696864,87.42029440958571,0,0
2026-01-01 03:54:00,S0035,traffic,industrial,edge_industrial,2,,32.881319996427386,0,1
2026-01-01 03:54:00,S0036,air_quality,residential,edge_residential,1,21.769746667289393,72.98140875863774,0,0
2026-01-01 03:54:00,S0037,traffic,waterfront,edge_waterfront,2,34.81335566339773,44.076136607649474,0,0
2026-01-01 03:54:00,S0038,energy,industrial,edge_industrial,1,91.02787513744725,91.44545787428636,0,0
2026-01-01 03:54:00,S0039,traffic,residential,edge_residential,2,36.41985870177677,25.994904850805455,0,0
2026-01-01 03:55:00,S0000,energy,residential,edge_residential,1,86.83706873883784,86.2784102524677,0,0
2026-01-01 03:55:00,S0001,structure,industrial,edge_industrial,2,0.2399220791932934,51.154535846577055,0,0
2026-01-01 03:55:00,S0002,energy,waterfront,edge_waterfront,1,82.05070484971287,81.01312585234747,0,0
2026-01-01 03:55:00,S0003,traffic,waterfront,edge_waterfront,2,28.222408052861844,39.54968254709644,0,0
2026-01-01 03:55:00,S0004,traffic,downtown,edge_downtown,2,41.37571912958071,25.631990182836798,0,0
2026-01-01 03:55:00,S0005,structure,residential,edge_residential,2,0.21174504160464547,35.86967024035198,0,0
2026-01-01 03:55:00,S0006,traffic,waterfront,edge_waterfront,2,38.20932068853213,53.5868947131112,0,0
2026-01-01 03:55:00,S0007,energy,waterfront,edge_waterfront,1,84.77317141882165,62.2957036145001,0,0
2026-01-01 03:55:00,S0008,energy,transit,edge_transit,1,74.47866647947984,101.07328969119035,0,0
2026-01-01 03:55:00,S0009,air_quality,transit,edge_transit,1,26.464455207284487,71.38287609222073,0,0
2026-01-01 03:55:00,S0010,traffic,downtown,edge_downtown,2,31.631116847792388,34.24134323733391,0,0
2026-01-01 03:55:00,S0011,traffic,transit,edge_transit,2,32.26915656269224,52.42273505249351,0,0
2026-01-01 03:55:00,S0012,traffic,residential,edge_residential,2,41.790149456318964,54.750224466544445,0,0
2026-01-01 03:55:00,S0013,air_quality,downtown,edge_downtown,1,19.323266720487148,61.80276886528224,0,0
2026-01-01 03:55:00,S0014,air_quality,industrial,edge_industrial,1,56.015599093274425,36.784662860672086,1,0
2026-01-01 03:55:00,S0015,air_quality,residential,edge_residential,1,21.073031397147098,68.13320771010105,0,0
2026-01-01 03:55:00,S0016,structure,transit,edge_transit,2,0.24228845326789816,40.73267446202321,0,0
2026-01-01 03:55:00,S0017,energy,residential,edge_residential,1,79.43708616748252,70.0417204033558,0,0
2026-01-01 03:55:00,S0018,energy,transit,edge_transit,1,74.07590577829,121.45233220878693,0,0
2026-01-01 03:55:00,S0019,structure,waterfront,edge_waterfront,2,0.3221506753311372,23.981277227307437,0,0
2026-01-01 03:55:00,S0020,traffic,transit,edge_transit,2,32.054743035913155,34.3079211957903,0,0
2026-01-01 03:55:00,S0021,traffic,industrial,edge_industrial,2,39.46080651639525,28.388452865956108,0,0
2026-01-01 03:55:00,S0022,energy,transit,edge_transit,1,79.193086375192,79.97474889266405,0,0
2026-01-01 03:55:00,S0023,traffic,residential,edge_residential,2,34.118346823164345,44.51176600445104,0,0
2026-01-01 03:55:00,S0024,traffic,downtown,edge_downtown,2,39.54951499246857,12.36104767857789,0,0
2026-01-01 03:55:00,S0025,air_quality,downtown,edge_downtown,1,23.582393752182533,80.92960743805304,0,0
2026-01-01 03:55:00,S0026,air_quality,transit,edge_transit,1,,88.56012771673213,0,1
2026-01-01 03:55:00,S0027,structure,industrial,edge_industrial,2,0.23839247086574236,25.07180574418944,0,0
2026-01-01 03:55:00,S0028,energy,residential,edge_residential,1,82.57293754734539,54.01065320814081,0,0
2026-01-01 03:55:00,S0029,air_quality,industrial,edge_industrial,1,44.24826095842781,64.80652255370775,1,0
2026-01-01 03:55:00,S0030,air_quality,industrial,edge_industrial,1,22.926377139465608,69.16253599935405,0,0
2026-01-01 03:55:00,S0031,traffic,downtown,edge_downtown,2,29.816907178407764,27.858780963450144,0,0
2026-01-01 03:55:00,S0032,traffic,industrial,edge_industrial,2,38.78478088870646,41.737021790433566,0,0
2026-01-01 03:55:00,S0033,traffic,waterfront,edge_waterfront,2,33.301162590760654,37.107501315457334,0,0
2026-01-01 03:55:00,S0034,energy,residential,edge_residential,1,73.45806557048083,67.02008190524565,0,0
2026-01-01 03:55:00,S0035,traffic,industrial,edge_industrial,2,35.40177757827372,54.54903659490746,0,0
2026-01-01 03:55:00,S0036,air_quality,residential,edge_residential,1,18.15488169441065,58.25007341617203,0,0
2026-01-01 03:55:00,S0037,traffic,waterfront,edge_waterfront,2,38.08964916488919,40.5735915770571,0,0
2026-01-01 03:55:00,S0038,energy,industrial,edge_industrial,1,92.05453367850782,71.46098571905486,0,0
2026-01-01 03:55:00,S0039,traffic,residential,edge_residential,2,39.999848360345055,34.44576381746121,0,0
2026-01-01 03:56:00,S0000,energy,residential,edge_residential,1,83.51840103657914,72.337474699846,0,0
2026-01-01 03:56:00,S0001,structure,industrial,edge_industrial,2,0.23338626714297547,35.587134699625935,0,0
2026-01-01 03:56:00,S0002,energy,waterfront,edge_waterfront,1,88.20917176405737,82.48671981565285,0,0
2026-01-01 03:56:00,S0003,traffic,waterfront,edge_waterfront,2,32.115091771607034,52.8079681796096,0,0
2026-01-01 03:56:00,S0004,traffic,downtown,edge_downtown,2,42.894865491040655,57.55063183020862,0,0
2026-01-01 03:56:00,S0005,structure,residential,edge_residential,2,0.27177627652713227,23.216804486410084,0,0
2026-01-01 03:56:00,S0006,traffic,waterfront,edge_waterfront,2,67.75011478218437,52.378954207200266,1,0
2026-01-01 03:56:00,S0007,energy,waterfront,edge_waterfront,1,72.54421063964574,93.89070963216548,0,0
2026-01-01 03:56:00,S0008,energy,transit,edge_transit,1,82.42409949166239,85.38770904377746,0,0
2026-01-01 03:56:00,S0009,air_quality,transit,edge_transit,1,19.277986062545764,68.25818866007116,0,0
2026-01-01 03:56:00,S0010,traffic,downtown,edge_downtown,2,31.390583119814046,44.721503821441466,0,0
2026-01-01 03:56:00,S0011,traffic,transit,edge_transit,2,37.59597949606837,56.98214931533087,0,0
2026-01-01 03:56:00,S0012,traffic,residential,edge_residential,2,27.15952151397239,46.72310319225383,0,0
2026-01-01 03:56:00,S0013,air_quality,downtown,edge_downtown,1,21.49733811644072,84.1479562695167,0,0
2026-01-01 03:56:00,S0014,air_quality,industrial,edge_industrial,1,24.413885969847144,74.39616045930052,0,0
2026-01-01 03:56:00,S0015,air_quality,residential,edge_residential,1,22.67357752854501,72.66909391038202,0,0
2026-01-01 03:56:00,S0016,structure,transit,edge_transit,2,0.21107931082533715,48.576868423548156,0,0
2026-01-01 03:56:00,S0017,energy,residential,edge_residential,1,86.09788587829367,44.95251798936234,0,0
2026-01-01 03:56:00,S0018,energy,transit,edge_transit,1,79.92190299201381,66.96632354395348,0,0
2026-01-01 03:56:00,S0019,structure,waterfront,edge_waterfront,2,0.25405780014433843,30.77916868604968,0,0
2026-01-01 03:56:00,S0020,traffic,transit,edge_transit,2,39.34962584884942,42.9554653069462,0,0
2026-01-01 03:56:00,S0021,traffic,industrial,edge_industrial,2,34.18290278874868,47.340293525428535,0,0
2026-01-01 03:56:00,S0022,energy,transit,edge_transit,1,82.87452759068682,83.23670314324593,0,0
2026-01-01 03:56:00,S0023,traffic,residential,edge_residential,2,36.37349911303281,35.1669175289027,0,0
2026-01-01 03:56:00,S0024,traffic,downtown,edge_downtown,2,33.69839405331207,48.5605703013238,0,0
2026-01-01 03:56:00,S0025,air_quality,downtown,edge_downtown,1,23.786558390035033,75.20264913474527,0,0
2026-01-01 03:56:00,S0026,air_quality,transit,edge_transit,1,23.922748565749806,74.52480526879239,0,0
2026-01-01 03:56:00,S0027,structure,industrial,edge_industrial,2,0.3266800136827855,37.90122792209851,0,0
2026-01-01 03:56:00,S0028,energy,residential,edge_residential,1,84.66204735967081,70.50655281796145,0,0
2026-01-01 03:56:00,S0029,air_quality,industrial,edge_industrial,1,24.53078749924373,72.02507914578624,0,0
2026-01-01 03:56:00,S0030,air_quality,industrial,edge_industrial,1,26.833811813909442,31.793528870236045,0,0
2026-01-01 03:56:00,S0031,traffic,downtown,edge_downtown,2,40.666364417411415,58.54115907765118,0,0
2026-01-01 03:56:00,S0032,traffic,industrial,edge_industrial,2,32.26011867593651,39.37843321257089,0,0
2026-01-01 03:56:00,S0033,traffic,waterfront,edge_waterfront,2,37.023260208398106,37.85470232708567,0,0
2026-01-01 03:56:00,S0034,energy,residential,edge_residential,1,81.05903138102926,52.48459828882587,0,0
2026-01-01 03:56:00,S0035,traffic,industrial,edge_industrial,2,42.53309743284572,43.332715490155756,0,0
2026-01-01 03:56:00,S0036,air_quality,residential,edge_residential,1,20.95025586774556,60.47882029280789,0,0
2026-01-01 03:56:00,S0037,traffic,waterfront,edge_waterfront,2,36.17460799627292,52.551653835058694,0,0
2026-01-01 03:56:00,S0038,energy,industrial,edge_industrial,1,82.65686626903664,74.01813272761329,0,0
2026-01-01 03:56:00,S0039,traffic,residential,edge_residential,2,43.497269927324076,48.43739664290445,0,0
2026-01-01 03:57:00,S0000,energy,residential,edge_residential,1,84.18402980768504,98.2252170980394,0,0
2026-01-01 03:57:00,S0001,structure,industrial,edge_industrial,2,0.23456688370597636,30.613409842294672,0,0
2026-01-01 03:57:00,S0002,energy,waterfront,edge_waterfront,1,88.63491516622521,57.60464296593942,0,0
2026-01-01 03:57:00,S0003,traffic,waterfront,edge_waterfront,2,28.90693198064195,28.439234245219367,0,0
2026-01-01 03:57:00,S0004,traffic,downtown,edge_downtown,2,32.44453691202661,45.804902324533785,0,0
2026-01-01 03:57:00,S0005,structure,residential,edge_residential,2,0.22981232813622687,50.81798314939885,0,0
2026-01-01 03:57:00,S0006,traffic,waterfront,edge_waterfront,2,33.70019289556989,41.214062857318844,0,0
2026-01-01 03:57:00,S0007,energy,waterfront,edge_waterfront,1,78.8683632024024,75.60492142358444,0,0
2026-01-01 03:57:00,S0008,energy,transit,edge_transit,1,88.93946451704211,86.97174252407885,0,0
2026-01-01 03:57:00,S0009,air_quality,transit,edge_transit,1,20.04243795542537,96.93556657179539,0,0
2026-01-01 03:57:00,S0010,traffic,downtown,edge_downtown,2,30.94309381107101,51.508966704550744,0,0
2026-01-01 03:57:00,S0011,traffic,transit,edge_transit,2,39.456359941423585,36.609864763990686,0,0
2026-01-01 03:57:00,S0012,traffic,residential,edge_residential,2,38.87419618463282,53.988426640381064,0,0
2026-01-01 03:57:00,S0013,air_quality,downtown,edge_downtown,1,25.211142806002215,74.01193160971553,0,0
2026-01-01 03:57:00,S0014,air_quality,industrial,edge_industrial,1,22.461771811477675,79.9623944973934,0,0
2026-01-01 03:57:00,S0015,air_quality,residential,edge_residential,1,24.428353812359134,61.40961310073061,0,0
2026-01-01 03:57:00,S0016,structure,transit,edge_transit,2,0.22698159537070728,23.918066832668906,0,0
2026-01-01 03:57:00,S0017,energy,residential,edge_residential,1,165.32520191426073,113.0489413761014,1,0
2026-01-01 03:57:00,S0018,energy,transit,edge_transit,1,94.48385795459406,80.96133398674571,0,0
2026-01-01 03:57:00,S0019,structure,waterfront,edge_waterfront,2,0.20425206215811878,41.550148227018916,0,0
2026-01-01 03:57:00,S0020,traffic,transit,edge_transit,2,33.837025716600536,41.02464501944216,0,0
2026-01-01 03:57:00,S0021,traffic,industrial,edge_industrial,2,34.88703077593259,64.970284890289,0,0
2026-01-01 03:57:00,S0022,energy,transit,edge_transit,1,73.60493588499595,100.4924495443496,0,0
2026-01-01 03:57:00,S0023,traffic,residential,edge_residential,2,40.92402806676998,46.3493185029367,0,0
2026-01-01 03:57:00,S0024,traffic,downtown,edge_downtown,2,35.9784458788626,41.390632595203364,0,0
2026-01-01 03:57:00,S0025,air_quality,downtown,edge_downtown,1,25.094263541538933,51.99285521306902,0,0
2026-01-01 03:57:00,S0026,air_quality,transit,edge_transit,1,21.145301795036616,60.57128377924529,0,0
2026-01-01 03:57:00,S0027,structure,industrial,edge_industrial,2,0.2184987297889977,35.373096219992,0,0
2026-01-01 03:57:00,S0028,energy,residential,edge_residential,1,92.37014725499441,96.66484074671641,0,0
2026-01-01 03:57:00,S0029,air_quality,industrial,edge_industrial,1,23.86265797331258,63.01603094750139,0,0
2026-01-01 03:57:00,S0030,air_quality,industrial,edge_industrial,1,18.12910181526539,75.26924261535603,0,0
2026-01-01 03:57:00,S0031,traffic,downtown,edge_downtown,2,44.7222758804718,44.055353679165144,0,0
2026-01-01 03:57:00,S0032,traffic,industrial,edge_industrial,2,31.496172726351837,31.936012513861865,0,0
2026-01-01 03:57:00,S0033,traffic,waterfront,edge_waterfront,2,,42.73303014316322,0,1
2026-01-01 03:57:00,S0034,energy,residential,edge_residential,1,91.08372916539354,90.32607722377315,0,0
2026-01-01 03:57:00,S0035,traffic,industrial,edge_industrial,2,26.630319019630008,28.290550661088066,0,0
2026-01-01 03:57:00,S0036,air_quality,residential,edge_residential,1,21.960707762459553,68.57686009319511,0,0
2026-01-01 03:57:00,S0037,traffic,waterfront,edge_waterfront,2,41.78254770468843,31.987016849925794,0,0
2026-01-01 03:57:00,S0038,energy,industrial,edge_industrial,1,68.74768526320929,104.92152813138728,0,0
2026-01-01 03:57:00,S0039,traffic,residential,edge_residential,2,34.54870286748705,47.77707094601143,0,0
2026-01-01 03:58:00,S0000,energy,residential,edge_residential,1,81.41239786509226,72.79572055628991,0,0
2026-01-01 03:58:00,S0001,structure,industrial,edge_industrial,2,0.28431413579992354,35.92425630726068,0,0
2026-01-01 03:58:00,S0002,energy,waterfront,edge_waterfront,1,86.67099995865078,67.50687267403748,0,0
2026-01-01 03:58:00,S0003,traffic,waterfront,edge_waterfront,2,30.43171524711898,39.24015454407561,0,0
2026-01-01 03:58:00,S0004,traffic,downtown,edge_downtown,2,45.82415972649363,36.098836985073625,0,0
2026-01-01 03:58:00,S0005,structure,residential,edge_residential,2,0.2713832000341859,41.88982154599185,0,0
2026-01-01 03:58:00,S0006,traffic,waterfront,edge_waterfront,2,39.55596079257788,48.47203908930439,0,0
2026-01-01 03:58:00,S0007,energy,waterfront,edge_waterfront,1,82.20519494607433,115.75171585498884,0,0
2026-01-01 03:58:00,S0008,energy,transit,edge_transit,1,87.65594654911749,90.7331148284561,0,0
2026-01-01 03:58:00,S0009,air_quality,transit,edge_transit,1,22.338361538733754,77.73120570561281,0,0
2026-01-01 03:58:00,S0010,traffic,downtown,edge_downtown,2,30.409705873293113,30.20651632457878,0,0
2026-01-01 03:58:00,S0011,traffic,transit,edge_transit,2,38.753537019162344,60.65945450828927,0,0
2026-01-01 03:58:00,S0012,traffic,residential,edge_residential,2,40.9886397911043,60.24025923001986,0,0
2026-01-01 03:58:00,S0013,air_quality,downtown,edge_downtown,1,23.875662354280646,68.59863566110512,0,0
2026-01-01 03:58:00,S0014,air_quality,industrial,edge_industrial,1,26.928378860436712,38.10900252228849,0,0
2026-01-01 03:58:00,S0015,air_quality,residential,edge_residential,1,24.640543336397872,61.58522412495216,0,0
2026-01-01 03:58:00,S0016,structure,transit,edge_transit,2,0.26432782988569964,41.51297701731765,0,0
2026-01-01 03:58:00,S0017,energy,residential,edge_residential,1,90.69219497872402,85.3769193488099,0,0
2026-01-01 03:58:00,S0018,energy,transit,edge_transit,1,85.01900803864815,54.758280655937135,0,0
2026-01-01 03:58:00,S0019,structure,waterfront,edge_waterfront,2,0.2520531235260124,45.76274030953389,0,0
2026-01-01 03:58:00,S0020,traffic,transit,edge_transit,2,38.302080451101844,40.76771147175591,0,0
2026-01-01 03:58:00,S0021,traffic,industrial,edge_industrial,2,36.463829798904904,44.42923358481165,0,0
2026-01-01 03:58:00,S0022,energy,transit,edge_transit,1,88.87291560070679,89.86201960654766,0,0
2026-01-01 03:58:00,S0023,traffic,residential,edge_residential,2,32.980252871285714,26.7160433744167,0,0
2026-01-01 03:58:00,S0024,traffic,downtown,edge_downtown,2,89.29850161243223,41.18826333946699,1,0
2026-01-01 03:58:00,S0025,air_quality,downtown,edge_downtown,1,21.001858856057698,60.42409789080991,0,0
2026-01-01 03:58:00,S0026,air_quality,transit,edge_transit,1,24.196447795838267,90.05356452741003,0,0
2026-01-01 03:58:00,S0027,structure,industrial,edge_industrial,2,0.14224779445894553,48.41945644297214,0,0
2026-01-01 03:58:00,S0028,energy,residential,edge_residential,1,78.6367205907563,84.463057919534,0,0
2026-01-01 03:58:00,S0029,air_quality,industrial,edge_industrial,1,26.616113678540867,86.06193553067546,0,0
2026-01-01 03:58:00,S0030,air_quality,industrial,edge_industrial,1,25.04759989683027,78.22593705222087,0,0
2026-01-01 03:58:00,S0031,traffic,downtown,edge_downtown,2,31.421398528817804,51.96935165681146,0,0
2026-01-01 03:58:00,S0032,traffic,industrial,edge_industrial,2,37.46960889870283,55.23219837874656,0,0
2026-01-01 03:58:00,S0033,traffic,waterfront,edge_waterfront,2,42.60631795003736,43.894713515887716,0,0
2026-01-01 03:58:00,S0034,energy,residential,edge_residential,1,76.68264403293563,120.88215548500047,0,0
2026-01-01 03:58:00,S0035,traffic,industrial,edge_industrial,2,25.13509626962609,39.59190420315763,0,0
2026-01-01 03:58:00,S0036,air_quality,residential,edge_residential,1,23.13491970425709,90.43958709239882,0,0
2026-01-01 03:58:00,S0037,traffic,waterfront,edge_waterfront,2,33.41818119557459,44.639302434151,0,0
2026-01-01 03:58:00,S0038,energy,industrial,edge_industrial,1,85.83483574716584,66.45544503540108,0,0
2026-01-01 03:58:00,S0039,traffic,residential,edge_residential,2,32.893438174013895,37.09830853420449,0,0
2026-01-01 03:59:00,S0000,energy,residential,edge_residential,1,81.73593002380562,61.4850594007258,0,0
2026-01-01 03:59:00,S0001,structure,industrial,edge_industrial,2,0.2803743011849595,39.582330051860936,0,0
2026-01-01 03:59:00,S0002,energy,waterfront,edge_waterfront,1,73.25193099924066,62.848928729175014,0,0
2026-01-01 03:59:00,S0003,traffic,waterfront,edge_waterfront,2,43.01495250276817,63.929436633433184,0,0
2026-01-01 03:59:00,S0004,traffic,downtown,edge_downtown,2,40.880936932047135,44.33979601142895,0,0
2026-01-01 03:59:00,S0005,structure,residential,edge_residential,2,0.25715323194017786,55.377268319786026,0,0
2026-01-01 03:59:00,S0006,traffic,waterfront,edge_waterfront,2,35.229148810973264,51.31164918970403,0,0
2026-01-01 03:59:00,S0007,energy,waterfront,edge_waterfront,1,80.70442104168498,86.10885095577969,0,0
2026-01-01 03:59:00,S0008,energy,transit,edge_transit,1,77.36390966654334,88.56000899708016,0,0
2026-01-01 03:59:00,S0009,air_quality,transit,edge_transit,1,23.87897151631403,66.65041699511252,0,0
2026-01-01 03:59:00,S0010,traffic,downtown,edge_downtown,2,36.84512729264172,25.835997766541777,0,0
2026-01-01 03:59:00,S0011,traffic,transit,edge_transit,2,37.96027252653148,40.3945944401897,0,0
2026-01-01 03:59:00,S0012,traffic,residential,edge_residential,2,31.352210487872394,40.88078525578684,0,0
2026-01-01 03:59:00,S0013,air_quality,downtown,edge_downtown,1,26.24935478837726,59.55536308340997,0,0
2026-01-01 03:59:00,S0014,air_quality,industrial,edge_industrial,1,22.47443610928664,74.73518419611898,0,0
2026-01-01 03:59:00,S0015,air_quality,residential,edge_residential,1,26.465586453384173,59.194969869378504,0,0
2026-01-01 03:59:00,S0016,structure,transit,edge_transit,2,0.21441142744669,42.931777265822745,0,0
2026-01-01 03:59:00,S0017,energy,residential,edge_residential,1,77.30421354565016,94.6094720865668,0,0
2026-01-01 03:59:00,S0018,energy,transit,edge_transit,1,81.32001231390203,71.46527729603099,0,0
2026-01-01 03:59:00,S0019,structure,waterfront,edge_waterfront,2,0.30692101657502324,25.264304626794118,0,0
2026-01-01 03:59:00,S0020,traffic,transit,edge_transit,2,27.79199776816286,49.900461773245,0,0
2026-01-01 03:59:00,S0021,traffic,industrial,edge_industrial,2,32.772337633620346,44.81744054772852,0,0
2026-01-01 03:59:00,S0022,energy,transit,edge_transit,1,85.96703277819856,101.13876005763936,0,0
2026-01-01 03:59:00,S0023,traffic,residential,edge_residential,2,37.509424070905396,54.30389753310147,0,0
2026-01-01 03:59:00,S0024,traffic,downtown,edge_downtown,2,44.290144143614704,42.461639165225414,0,0
2026-01-01 03:59:00,S0025,air_quality,downtown,edge_downtown,1,20.966129454697633,93.35754176045472,0,0
2026-01-01 03:59:00,S0026,air_quality,transit,edge_transit,1,24.707745932204855,70.59138069117482,0,0
2026-01-01 03:59:00,S0027,structure,industrial,edge_industrial,2,0.21868882431422193,41.07278007826531,0,0
2026-01-01 03:59:00,S0028,energy,residential,edge_residential,1,83.60988551245416,74.66233351384136,0,0
2026-01-01 03:59:00,S0029,air_quality,industrial,edge_industrial,1,22.557972110802762,69.31554687025829,0,0
2026-01-01 03:59:00,S0030,air_quality,industrial,edge_industrial,1,22.99994383671331,72.9118853433391,0,0
2026-01-01 03:59:00,S0031,traffic,downtown,edge_downtown,2,39.87241033216719,32.403981148615756,0,0
2026-01-01 03:59:00,S0032,traffic,industrial,edge_industrial,2,44.99417973165417,58.622290151446435,0,0
2026-01-01 03:59:00,S0033,traffic,waterfront,edge_waterfront,2,44.57786407572358,50.56220993138176,0,0
2026-01-01 03:59:00,S0034,energy,residential,edge_residential,1,82.31886476641539,116.90817459290687,0,0
2026-01-01 03:59:00,S0035,traffic,industrial,edge_industrial,2,30.82152186403229,56.19416797900077,0,0
2026-01-01 03:59:00,S0036,air_quality,residential,edge_residential,1,23.716990205056263,51.060457205275924,0,0
2026-01-01 03:59:00,S0037,traffic,waterfront,edge_waterfront,2,39.92479717415514,55.223155752735764,0,0
2026-01-01 03:59:00,S0038,energy,industrial,edge_industrial,1,82.70829202260487,58.35202907590561,0,0
2026-01-01 03:59:00,S0039,traffic,residential,edge_residential,2,36.93355383528586,30.003188762395933,0,0
